{
	"credit": "Made with Blockbench by Juknum",
	"textures": {
		"0": "block/glow_lichen",
		"particle": "block/glow_lichen"
	},
	"elements": [
		{
			"name": "glow_lichen_0",
			"from": [2, 14, 0],
			"to": [3.5, 16, 0.25],
			"rotation": {"angle": 0, "axis": "x", "origin": [8, 8, 8]},
			"faces": {
				"north": {"uv": [2, 2, 3.5, 0], "rotation": 180, "texture": "#0"},
				"east": {"uv": [3, 0, 3.5, 2], "texture": "#0"},
				"south": {"uv": [2, 0, 3.5, 2], "texture": "#0"},
				"west": {"uv": [2, 0, 2.5, 2], "texture": "#0"},
				"up": {"uv": [3.5, 0, 2, 0.5], "rotation": 180, "texture": "#0"},
				"down": {"uv": [2, 1.5, 3.5, 2], "texture": "#0"}
			}
		},
		{
			"name": "glow_lichen_1",
			"from": [7.5, 15.5, 0],
			"to": [8, 16, 0.25],
			"rotation": {"angle": 0, "axis": "x", "origin": [8, 8, 8]},
			"faces": {
				"north": {"uv": [7.5, 0.5, 8, 0], "rotation": 180, "texture": "#0"},
				"east": {"uv": [7.5, 0, 8, 0.5], "texture": "#0"},
				"south": {"uv": [7.5, 0, 8, 0.5], "texture": "#0"},
				"west": {"uv": [7.5, 0, 8, 0.5], "texture": "#0"},
				"up": {"uv": [8, 0, 7.5, 0.5], "rotation": 180, "texture": "#0"},
				"down": {"uv": [7.5, 0, 8, 0.5], "texture": "#0"}
			}
		},
		{
			"name": "glow_lichen_2",
			"from": [10, 13.5, 0],
			"to": [10.5, 16, 0.25],
			"rotation": {"angle": 0, "axis": "x", "origin": [8, 8, 8]},
			"faces": {
				"north": {"uv": [10, 2.5, 10.5, 0], "rotation": 180, "texture": "#0"},
				"east": {"uv": [10, 0, 10.5, 2.5], "texture": "#0"},
				"south": {"uv": [10, 0, 10.5, 2.5], "texture": "#0"},
				"west": {"uv": [10, 0, 10.5, 2.5], "texture": "#0"},
				"up": {"uv": [10.5, 0, 10, 0.5], "rotation": 180, "texture": "#0"},
				"down": {"uv": [10, 2, 10.5, 2.5], "texture": "#0"}
			}
		},
		{
			"name": "glow_lichen_3",
			"from": [12, 15.5, 0],
			"to": [13.5, 16, 0.25],
			"rotation": {"angle": 0, "axis": "x", "origin": [8, 8, 8]},
			"faces": {
				"north": {"uv": [12, 0.5, 13.5, 0], "rotation": 180, "texture": "#0"},
				"east": {"uv": [13, 0, 13.5, 0.5], "texture": "#0"},
				"south": {"uv": [12, 0, 13.5, 0.5], "texture": "#0"},
				"west": {"uv": [12, 0, 12.5, 0.5], "texture": "#0"},
				"up": {"uv": [13.5, 0, 12, 0.5], "rotation": 180, "texture": "#0"},
				"down": {"uv": [12, 0, 13.5, 0.5], "texture": "#0"}
			}
		},
		{
			"name": "glow_lichen_4",
			"from": [15.5, 15.5, 0],
			"to": [16, 16, 0.25],
			"rotation": {"angle": 0, "axis": "x", "origin": [8, 8, 8]},
			"faces": {
				"north": {"uv": [15.5, 0.5, 16, 0], "rotation": 180, "texture": "#0"},
				"east": {"uv": [15.5, 0, 16, 0.5], "texture": "#0"},
				"south": {"uv": [15.5, 0, 16, 0.5], "texture": "#0"},
				"west": {"uv": [15.5, 0, 16, 0.5], "texture": "#0"},
				"up": {"uv": [16, 0, 15.5, 0.5], "rotation": 180, "texture": "#0"},
				"down": {"uv": [15.5, 0, 16, 0.5], "texture": "#0"}
			}
		},
		{
			"name": "glow_lichen_5",
			"from": [1.5, 11.5, 0],
			"to": [2, 15.5, 0.25],
			"rotation": {"angle": 0, "axis": "x", "origin": [8, 8, 8]},
			"faces": {
				"north": {"uv": [1.5, 4.5, 2, 0.5], "rotation": 180, "texture": "#0"},
				"east": {"uv": [1.5, 0.5, 2, 4.5], "texture": "#0"},
				"south": {"uv": [1.5, 0.5, 2, 4.5], "texture": "#0"},
				"west": {"uv": [1.5, 0.5, 2, 4.5], "texture": "#0"},
				"up": {"uv": [2, 0.5, 1.5, 1], "rotation": 180, "texture": "#0"},
				"down": {"uv": [1.5, 4, 2, 4.5], "texture": "#0"}
			}
		},
		{
			"name": "glow_lichen_6",
			"from": [3.5, 13.5, 0],
			"to": [4, 15.5, 0.25],
			"rotation": {"angle": 0, "axis": "x", "origin": [8, 8, 8]},
			"faces": {
				"north": {"uv": [3.5, 2.5, 4, 0.5], "rotation": 180, "texture": "#0"},
				"east": {"uv": [3.5, 0.5, 4, 2.5], "texture": "#0"},
				"south": {"uv": [3.5, 0.5, 4, 2.5], "texture": "#0"},
				"up": {"uv": [4, 0.5, 3.5, 1], "rotation": 180, "texture": "#0"},
				"down": {"uv": [3.5, 2, 4, 2.5], "texture": "#0"}
			}
		},
		{
			"name": "glow_lichen_7",
			"from": [8, 15, 0],
			"to": [9, 15.5, 0.25],
			"rotation": {"angle": 0, "axis": "x", "origin": [8, 8, 8]},
			"faces": {
				"north": {"uv": [8, 1, 9, 0.5], "rotation": 180, "texture": "#0"},
				"east": {"uv": [8.5, 0.5, 9, 1], "texture": "#0"},
				"south": {"uv": [8, 0.5, 9, 1], "texture": "#0"},
				"west": {"uv": [8, 0.5, 8.5, 1], "texture": "#0"},
				"up": {"uv": [9, 0.5, 8, 1], "rotation": 180, "texture": "#0"},
				"down": {"uv": [8, 0.5, 9, 1], "texture": "#0"}
			}
		},
		{
			"name": "glow_lichen_8",
			"from": [9.5, 13.5, 0],
			"to": [10, 15.5, 0.25],
			"rotation": {"angle": 0, "axis": "x", "origin": [8, 8, 8]},
			"faces": {
				"north": {"uv": [9.5, 2.5, 10, 0.5], "rotation": 180, "texture": "#0"},
				"south": {"uv": [9.5, 0.5, 10, 2.5], "texture": "#0"},
				"west": {"uv": [9.5, 0.5, 10, 2.5], "texture": "#0"},
				"up": {"uv": [10, 0.5, 9.5, 1], "rotation": 180, "texture": "#0"},
				"down": {"uv": [9.5, 2, 10, 2.5], "texture": "#0"}
			}
		},
		{
			"name": "glow_lichen_9",
			"from": [10.5, 13, 0],
			"to": [11, 15.5, 0.25],
			"rotation": {"angle": 0, "axis": "x", "origin": [8, 8, 8]},
			"faces": {
				"north": {"uv": [10.5, 3, 11, 0.5], "rotation": 180, "texture": "#0"},
				"east": {"uv": [10.5, 0.5, 11, 3], "texture": "#0"},
				"south": {"uv": [10.5, 0.5, 11, 3], "texture": "#0"},
				"west": {"uv": [10.5, 0.5, 11, 3], "texture": "#0"},
				"up": {"uv": [11, 0.5, 10.5, 1], "rotation": 180, "texture": "#0"},
				"down": {"uv": [10.5, 2.5, 11, 3], "texture": "#0"}
			}
		},
		{
			"name": "glow_lichen_10",
			"from": [11.5, 15, 0],
			"to": [12.5, 15.5, 0.25],
			"rotation": {"angle": 0, "axis": "x", "origin": [8, 8, 8]},
			"faces": {
				"north": {"uv": [11.5, 1, 12.5, 0.5], "rotation": 180, "texture": "#0"},
				"east": {"uv": [12, 0.5, 12.5, 1], "texture": "#0"},
				"south": {"uv": [11.5, 0.5, 12.5, 1], "texture": "#0"},
				"west": {"uv": [11.5, 0.5, 12, 1], "texture": "#0"},
				"up": {"uv": [12.5, 0.5, 11.5, 1], "rotation": 180, "texture": "#0"},
				"down": {"uv": [11.5, 0.5, 12.5, 1], "texture": "#0"}
			}
		},
		{
			"name": "glow_lichen_11",
			"from": [13, 14.5, 0],
			"to": [14, 15.5, 0.25],
			"rotation": {"angle": 0, "axis": "x", "origin": [8, 8, 8]},
			"faces": {
				"north": {"uv": [13, 1.5, 14, 0.5], "rotation": 180, "texture": "#0"},
				"east": {"uv": [13.5, 0.5, 14, 1.5], "texture": "#0"},
				"south": {"uv": [13, 0.5, 14, 1.5], "texture": "#0"},
				"west": {"uv": [13, 0.5, 13.5, 1.5], "texture": "#0"},
				"up": {"uv": [14, 0.5, 13, 1], "rotation": 180, "texture": "#0"},
				"down": {"uv": [13, 1, 14, 1.5], "texture": "#0"}
			}
		},
		{
			"name": "glow_lichen_12",
			"from": [14.5, 15, 0],
			"to": [15.5, 15.5, 0.25],
			"rotation": {"angle": 0, "axis": "x", "origin": [8, 8, 8]},
			"faces": {
				"north": {"uv": [14.5, 1, 15.5, 0.5], "rotation": 180, "texture": "#0"},
				"east": {"uv": [15, 0.5, 15.5, 1], "texture": "#0"},
				"south": {"uv": [14.5, 0.5, 15.5, 1], "texture": "#0"},
				"west": {"uv": [14.5, 0.5, 15, 1], "texture": "#0"},
				"up": {"uv": [15.5, 0.5, 14.5, 1], "rotation": 180, "texture": "#0"},
				"down": {"uv": [14.5, 0.5, 15.5, 1], "texture": "#0"}
			}
		},
		{
			"name": "glow_lichen_13",
			"from": [0.5, 14.5, 0],
			"to": [1, 15, 0.25],
			"rotation": {"angle": 0, "axis": "x", "origin": [8, 8, 8]},
			"faces": {
				"north": {"uv": [0.5, 1.5, 1, 1], "rotation": 180, "texture": "#0"},
				"east": {"uv": [0.5, 1, 1, 1.5], "texture": "#0"},
				"south": {"uv": [0.5, 1, 1, 1.5], "texture": "#0"},
				"west": {"uv": [0.5, 1, 1, 1.5], "texture": "#0"},
				"up": {"uv": [1, 1, 0.5, 1.5], "rotation": 180, "texture": "#0"},
				"down": {"uv": [0.5, 1, 1, 1.5], "texture": "#0"}
			}
		},
		{
			"name": "glow_lichen_14",
			"from": [4.5, 14.5, 0],
			"to": [5, 15, 0.25],
			"rotation": {"angle": 0, "axis": "x", "origin": [8, 8, 8]},
			"faces": {
				"north": {"uv": [4.5, 1.5, 5, 1], "rotation": 180, "texture": "#0"},
				"east": {"uv": [4.5, 1, 5, 1.5], "texture": "#0"},
				"south": {"uv": [4.5, 1, 5, 1.5], "texture": "#0"},
				"west": {"uv": [4.5, 1, 5, 1.5], "texture": "#0"},
				"up": {"uv": [5, 1, 4.5, 1.5], "rotation": 180, "texture": "#0"},
				"down": {"uv": [4.5, 1, 5, 1.5], "texture": "#0"}
			}
		},
		{
			"name": "glow_lichen_15",
			"from": [8.5, 14.5, 0],
			"to": [9.5, 15, 0.25],
			"rotation": {"angle": 0, "axis": "x", "origin": [8, 8, 8]},
			"faces": {
				"north": {"uv": [8.5, 1.5, 9.5, 1], "rotation": 180, "texture": "#0"},
				"south": {"uv": [8.5, 1, 9.5, 1.5], "texture": "#0"},
				"west": {"uv": [8.5, 1, 9, 1.5], "texture": "#0"},
				"up": {"uv": [9.5, 1, 8.5, 1.5], "rotation": 180, "texture": "#0"},
				"down": {"uv": [8.5, 1, 9.5, 1.5], "texture": "#0"}
			}
		},
		{
			"name": "glow_lichen_16",
			"from": [11, 14, 0],
			"to": [12, 15, 0.25],
			"rotation": {"angle": 0, "axis": "x", "origin": [8, 8, 8]},
			"faces": {
				"north": {"uv": [11, 2, 12, 1], "rotation": 180, "texture": "#0"},
				"east": {"uv": [11.5, 1, 12, 2], "texture": "#0"},
				"south": {"uv": [11, 1, 12, 2], "texture": "#0"},
				"up": {"uv": [12, 1, 11, 1.5], "rotation": 180, "texture": "#0"},
				"down": {"uv": [11, 1.5, 12, 2], "texture": "#0"}
			}
		},
		{
			"name": "glow_lichen_17",
			"from": [14, 13, 0],
			"to": [15, 15, 0.25],
			"rotation": {"angle": 0, "axis": "x", "origin": [8, 8, 8]},
			"faces": {
				"north": {"uv": [14, 3, 15, 1], "rotation": 180, "texture": "#0"},
				"east": {"uv": [14.5, 1, 15, 3], "texture": "#0"},
				"south": {"uv": [14, 1, 15, 3], "texture": "#0"},
				"west": {"uv": [14, 1, 14.5, 3], "texture": "#0"},
				"up": {"uv": [15, 1, 14, 1.5], "rotation": 180, "texture": "#0"},
				"down": {"uv": [14, 2.5, 15, 3], "texture": "#0"}
			}
		},
		{
			"name": "glow_lichen_18",
			"from": [1, 13, 0],
			"to": [1.5, 14.5, 0.25],
			"rotation": {"angle": 0, "axis": "x", "origin": [8, 8, 8]},
			"faces": {
				"north": {"uv": [1, 3, 1.5, 1.5], "rotation": 180, "texture": "#0"},
				"south": {"uv": [1, 1.5, 1.5, 3], "texture": "#0"},
				"west": {"uv": [1, 1.5, 1.5, 3], "texture": "#0"},
				"up": {"uv": [1.5, 1.5, 1, 2], "rotation": 180, "texture": "#0"},
				"down": {"uv": [1, 2.5, 1.5, 3], "texture": "#0"}
			}
		},
		{
			"name": "glow_lichen_19",
			"from": [4, 13.5, 0],
			"to": [4.5, 14.5, 0.25],
			"rotation": {"angle": 0, "axis": "x", "origin": [8, 8, 8]},
			"faces": {
				"north": {"uv": [4, 2.5, 4.5, 1.5], "rotation": 180, "texture": "#0"},
				"east": {"uv": [4, 1.5, 4.5, 2.5], "texture": "#0"},
				"south": {"uv": [4, 1.5, 4.5, 2.5], "texture": "#0"},
				"up": {"uv": [4.5, 1.5, 4, 2], "rotation": 180, "texture": "#0"},
				"down": {"uv": [4, 2, 4.5, 2.5], "texture": "#0"}
			}
		},
		{
			"name": "glow_lichen_20",
			"from": [6.5, 14, 0],
			"to": [7, 14.5, 0.25],
			"rotation": {"angle": 0, "axis": "x", "origin": [8, 8, 8]},
			"faces": {
				"north": {"uv": [6.5, 2, 7, 1.5], "rotation": 180, "texture": "#0"},
				"east": {"uv": [6.5, 1.5, 7, 2], "texture": "#0"},
				"south": {"uv": [6.5, 1.5, 7, 2], "texture": "#0"},
				"west": {"uv": [6.5, 1.5, 7, 2], "texture": "#0"},
				"up": {"uv": [7, 1.5, 6.5, 2], "rotation": 180, "texture": "#0"},
				"down": {"uv": [6.5, 1.5, 7, 2], "texture": "#0"}
			}
		},
		{
			"name": "glow_lichen_21",
			"from": [9, 14, 0],
			"to": [9.5, 14.5, 0.25],
			"rotation": {"angle": 0, "axis": "x", "origin": [8, 8, 8]},
			"faces": {
				"north": {"uv": [9, 2, 9.5, 1.5], "rotation": 180, "texture": "#0"},
				"south": {"uv": [9, 1.5, 9.5, 2], "texture": "#0"},
				"west": {"uv": [9, 1.5, 9.5, 2], "texture": "#0"},
				"down": {"uv": [9, 1.5, 9.5, 2], "texture": "#0"}
			}
		},
		{
			"name": "glow_lichen_22",
			"from": [13.5, 14, 0],
			"to": [14, 14.5, 0.25],
			"rotation": {"angle": 0, "axis": "x", "origin": [8, 8, 8]},
			"faces": {
				"north": {"uv": [13.5, 2, 14, 1.5], "rotation": 180, "texture": "#0"},
				"south": {"uv": [13.5, 1.5, 14, 2], "texture": "#0"},
				"west": {"uv": [13.5, 1.5, 14, 2], "texture": "#0"},
				"down": {"uv": [13.5, 1.5, 14, 2], "texture": "#0"}
			}
		},
		{
			"name": "glow_lichen_23",
			"from": [3, 13.5, 0],
			"to": [3.5, 14, 0.25],
			"rotation": {"angle": 0, "axis": "x", "origin": [8, 8, 8]},
			"faces": {
				"north": {"uv": [3, 2.5, 3.5, 2], "rotation": 180, "texture": "#0"},
				"south": {"uv": [3, 2, 3.5, 2.5], "texture": "#0"},
				"west": {"uv": [3, 2, 3.5, 2.5], "texture": "#0"},
				"down": {"uv": [3, 2, 3.5, 2.5], "texture": "#0"}
			}
		},
		{
			"name": "glow_lichen_24",
			"from": [4.5, 12.5, 0],
			"to": [5, 14, 0.25],
			"rotation": {"angle": 0, "axis": "x", "origin": [8, 8, 8]},
			"faces": {
				"north": {"uv": [4.5, 3.5, 5, 2], "rotation": 180, "texture": "#0"},
				"east": {"uv": [4.5, 2, 5, 3.5], "texture": "#0"},
				"south": {"uv": [4.5, 2, 5, 3.5], "texture": "#0"},
				"west": {"uv": [4.5, 2, 5, 3.5], "texture": "#0"},
				"up": {"uv": [5, 2, 4.5, 2.5], "rotation": 180, "texture": "#0"},
				"down": {"uv": [4.5, 3, 5, 3.5], "texture": "#0"}
			}
		},
		{
			"name": "glow_lichen_25",
			"from": [7, 13, 0],
			"to": [7.5, 14, 0.25],
			"rotation": {"angle": 0, "axis": "x", "origin": [8, 8, 8]},
			"faces": {
				"north": {"uv": [7, 3, 7.5, 2], "rotation": 180, "texture": "#0"},
				"east": {"uv": [7, 2, 7.5, 3], "texture": "#0"},
				"south": {"uv": [7, 2, 7.5, 3], "texture": "#0"},
				"west": {"uv": [7, 2, 7.5, 3], "texture": "#0"},
				"up": {"uv": [7.5, 2, 7, 2.5], "rotation": 180, "texture": "#0"},
				"down": {"uv": [7, 2.5, 7.5, 3], "texture": "#0"}
			}
		},
		{
			"name": "glow_lichen_26",
			"from": [8, 13.5, 0],
			"to": [8.5, 14, 0.25],
			"rotation": {"angle": 0, "axis": "x", "origin": [8, 8, 8]},
			"faces": {
				"north": {"uv": [8, 2.5, 8.5, 2], "rotation": 180, "texture": "#0"},
				"east": {"uv": [8, 2, 8.5, 2.5], "texture": "#0"},
				"south": {"uv": [8, 2, 8.5, 2.5], "texture": "#0"},
				"west": {"uv": [8, 2, 8.5, 2.5], "texture": "#0"},
				"up": {"uv": [8.5, 2, 8, 2.5], "rotation": 180, "texture": "#0"},
				"down": {"uv": [8, 2, 8.5, 2.5], "texture": "#0"}
			}
		},
		{
			"name": "glow_lichen_27",
			"from": [11, 12, 0],
			"to": [11.5, 14, 0.25],
			"rotation": {"angle": 0, "axis": "x", "origin": [8, 8, 8]},
			"faces": {
				"north": {"uv": [11, 4, 11.5, 2], "rotation": 180, "texture": "#0"},
				"east": {"uv": [11, 2, 11.5, 4], "texture": "#0"},
				"south": {"uv": [11, 2, 11.5, 4], "texture": "#0"},
				"west": {"uv": [11, 2, 11.5, 4], "texture": "#0"},
				"down": {"uv": [11, 3.5, 11.5, 4], "texture": "#0"}
			}
		},
		{
			"name": "glow_lichen_28",
			"from": [15, 12.5, 0],
			"to": [15.5, 14, 0.25],
			"rotation": {"angle": 0, "axis": "x", "origin": [8, 8, 8]},
			"faces": {
				"north": {"uv": [15, 3.5, 15.5, 2], "rotation": 180, "texture": "#0"},
				"east": {"uv": [15, 2, 15.5, 3.5], "texture": "#0"},
				"south": {"uv": [15, 2, 15.5, 3.5], "texture": "#0"},
				"up": {"uv": [15.5, 2, 15, 2.5], "rotation": 180, "texture": "#0"},
				"down": {"uv": [15, 3, 15.5, 3.5], "texture": "#0"}
			}
		},
		{
			"name": "glow_lichen_29",
			"from": [0.5, 13, 0],
			"to": [1, 13.5, 0.25],
			"rotation": {"angle": 0, "axis": "x", "origin": [8, 8, 8]},
			"faces": {
				"north": {"uv": [0.5, 3, 1, 2.5], "rotation": 180, "texture": "#0"},
				"south": {"uv": [0.5, 2.5, 1, 3], "texture": "#0"},
				"west": {"uv": [0.5, 2.5, 1, 3], "texture": "#0"},
				"up": {"uv": [1, 2.5, 0.5, 3], "rotation": 180, "texture": "#0"},
				"down": {"uv": [0.5, 2.5, 1, 3], "texture": "#0"}
			}
		},
		{
			"name": "glow_lichen_30",
			"from": [5, 12, 0],
			"to": [5.5, 13.5, 0.25],
			"rotation": {"angle": 0, "axis": "x", "origin": [8, 8, 8]},
			"faces": {
				"north": {"uv": [5, 4, 5.5, 2.5], "rotation": 180, "texture": "#0"},
				"east": {"uv": [5, 2.5, 5.5, 4], "texture": "#0"},
				"south": {"uv": [5, 2.5, 5.5, 4], "texture": "#0"},
				"west": {"uv": [5, 2.5, 5.5, 4], "texture": "#0"},
				"up": {"uv": [5.5, 2.5, 5, 3], "rotation": 180, "texture": "#0"},
				"down": {"uv": [5, 3.5, 5.5, 4], "texture": "#0"}
			}
		},
		{
			"name": "glow_lichen_31",
			"from": [6.5, 12.5, 0],
			"to": [7, 13.5, 0.25],
			"rotation": {"angle": 0, "axis": "x", "origin": [8, 8, 8]},
			"faces": {
				"north": {"uv": [6.5, 3.5, 7, 2.5], "rotation": 180, "texture": "#0"},
				"east": {"uv": [6.5, 2.5, 7, 3.5], "texture": "#0"},
				"south": {"uv": [6.5, 2.5, 7, 3.5], "texture": "#0"},
				"west": {"uv": [6.5, 2.5, 7, 3.5], "texture": "#0"},
				"up": {"uv": [7, 2.5, 6.5, 3], "rotation": 180, "texture": "#0"},
				"down": {"uv": [6.5, 3, 7, 3.5], "texture": "#0"}
			}
		},
		{
			"name": "glow_lichen_32",
			"from": [7.5, 13, 0],
			"to": [8, 13.5, 0.25],
			"rotation": {"angle": 0, "axis": "x", "origin": [8, 8, 8]},
			"faces": {
				"north": {"uv": [7.5, 3, 8, 2.5], "rotation": 180, "texture": "#0"},
				"east": {"uv": [7.5, 2.5, 8, 3], "texture": "#0"},
				"south": {"uv": [7.5, 2.5, 8, 3], "texture": "#0"},
				"up": {"uv": [8, 2.5, 7.5, 3], "rotation": 180, "texture": "#0"},
				"down": {"uv": [7.5, 2.5, 8, 3], "texture": "#0"}
			}
		},
		{
			"name": "glow_lichen_33",
			"from": [15.5, 12, 0],
			"to": [16, 13.5, 0.25],
			"rotation": {"angle": 0, "axis": "x", "origin": [8, 8, 8]},
			"faces": {
				"north": {"uv": [15.5, 4, 16, 2.5], "rotation": 180, "texture": "#0"},
				"east": {"uv": [15.5, 2.5, 16, 4], "texture": "#0"},
				"south": {"uv": [15.5, 2.5, 16, 4], "texture": "#0"},
				"west": {"uv": [15.5, 2.5, 16, 4], "texture": "#0"},
				"up": {"uv": [16, 2.5, 15.5, 3], "rotation": 180, "texture": "#0"},
				"down": {"uv": [15.5, 3.5, 16, 4], "texture": "#0"}
			}
		},
		{
			"name": "glow_lichen_34",
			"from": [0, 12.5, 0],
			"to": [0.5, 13, 0.25],
			"rotation": {"angle": 0, "axis": "x", "origin": [8, 8, 8]},
			"faces": {
				"north": {"uv": [0, 3.5, 0.5, 3], "rotation": 180, "texture": "#0"},
				"east": {"uv": [0, 3, 0.5, 3.5], "texture": "#0"},
				"south": {"uv": [0, 3, 0.5, 3.5], "texture": "#0"},
				"west": {"uv": [0, 3, 0.5, 3.5], "texture": "#0"},
				"up": {"uv": [0.5, 3, 0, 3.5], "rotation": 180, "texture": "#0"},
				"down": {"uv": [0, 3, 0.5, 3.5], "texture": "#0"}
			}
		},
		{
			"name": "glow_lichen_35",
			"from": [2, 12, 0],
			"to": [2.5, 13, 0.25],
			"rotation": {"angle": 0, "axis": "x", "origin": [8, 8, 8]},
			"faces": {
				"north": {"uv": [2, 4, 2.5, 3], "rotation": 180, "texture": "#0"},
				"east": {"uv": [2, 3, 2.5, 4], "texture": "#0"},
				"south": {"uv": [2, 3, 2.5, 4], "texture": "#0"},
				"up": {"uv": [2.5, 3, 2, 3.5], "rotation": 180, "texture": "#0"},
				"down": {"uv": [2, 3.5, 2.5, 4], "texture": "#0"}
			}
		},
		{
			"name": "glow_lichen_36",
			"from": [4, 12.5, 0],
			"to": [4.5, 13, 0.25],
			"rotation": {"angle": 0, "axis": "x", "origin": [8, 8, 8]},
			"faces": {
				"north": {"uv": [4, 3.5, 4.5, 3], "rotation": 180, "texture": "#0"},
				"south": {"uv": [4, 3, 4.5, 3.5], "texture": "#0"},
				"west": {"uv": [4, 3, 4.5, 3.5], "texture": "#0"},
				"up": {"uv": [4.5, 3, 4, 3.5], "rotation": 180, "texture": "#0"},
				"down": {"uv": [4, 3, 4.5, 3.5], "texture": "#0"}
			}
		},
		{
			"name": "glow_lichen_37",
			"from": [5.5, 12.5, 0],
			"to": [6.5, 13, 0.25],
			"rotation": {"angle": 0, "axis": "x", "origin": [8, 8, 8]},
			"faces": {
				"north": {"uv": [5.5, 3.5, 6.5, 3], "rotation": 180, "texture": "#0"},
				"south": {"uv": [5.5, 3, 6.5, 3.5], "texture": "#0"},
				"up": {"uv": [6.5, 3, 5.5, 3.5], "rotation": 180, "texture": "#0"},
				"down": {"uv": [5.5, 3, 6.5, 3.5], "texture": "#0"}
			}
		},
		{
			"name": "glow_lichen_38",
			"from": [11.5, 10, 0],
			"to": [12, 13, 0.25],
			"rotation": {"angle": 0, "axis": "x", "origin": [8, 8, 8]},
			"faces": {
				"north": {"uv": [11.5, 6, 12, 3], "rotation": 180, "texture": "#0"},
				"east": {"uv": [11.5, 3, 12, 6], "texture": "#0"},
				"south": {"uv": [11.5, 3, 12, 6], "texture": "#0"},
				"west": {"uv": [11.5, 3, 12, 6], "texture": "#0"},
				"up": {"uv": [12, 3, 11.5, 3.5], "rotation": 180, "texture": "#0"},
				"down": {"uv": [11.5, 5.5, 12, 6], "texture": "#0"}
			}
		},
		{
			"name": "glow_lichen_39",
			"from": [12.5, 12.5, 0],
			"to": [13, 13, 0.25],
			"rotation": {"angle": 0, "axis": "x", "origin": [8, 8, 8]},
			"faces": {
				"north": {"uv": [12.5, 3.5, 13, 3], "rotation": 180, "texture": "#0"},
				"east": {"uv": [12.5, 3, 13, 3.5], "texture": "#0"},
				"south": {"uv": [12.5, 3, 13, 3.5], "texture": "#0"},
				"west": {"uv": [12.5, 3, 13, 3.5], "texture": "#0"},
				"up": {"uv": [13, 3, 12.5, 3.5], "rotation": 180, "texture": "#0"},
				"down": {"uv": [12.5, 3, 13, 3.5], "texture": "#0"}
			}
		},
		{
			"name": "glow_lichen_40",
			"from": [14.5, 12.5, 0],
			"to": [15, 13, 0.25],
			"rotation": {"angle": 0, "axis": "x", "origin": [8, 8, 8]},
			"faces": {
				"north": {"uv": [14.5, 3.5, 15, 3], "rotation": 180, "texture": "#0"},
				"south": {"uv": [14.5, 3, 15, 3.5], "texture": "#0"},
				"west": {"uv": [14.5, 3, 15, 3.5], "texture": "#0"},
				"down": {"uv": [14.5, 3, 15, 3.5], "texture": "#0"}
			}
		},
		{
			"name": "glow_lichen_41",
			"from": [1, 10.5, 0],
			"to": [1.5, 12.5, 0.25],
			"rotation": {"angle": 0, "axis": "x", "origin": [8, 8, 8]},
			"faces": {
				"north": {"uv": [1, 5.5, 1.5, 3.5], "rotation": 180, "texture": "#0"},
				"east": {"uv": [1, 3.5, 1.5, 5.5], "texture": "#0"},
				"south": {"uv": [1, 3.5, 1.5, 5.5], "texture": "#0"},
				"west": {"uv": [1, 3.5, 1.5, 5.5], "texture": "#0"},
				"up": {"uv": [1.5, 3.5, 1, 4], "rotation": 180, "texture": "#0"},
				"down": {"uv": [1, 5, 1.5, 5.5], "texture": "#0"}
			}
		},
		{
			"name": "glow_lichen_42",
			"from": [2.5, 11.5, 0],
			"to": [3, 12.5, 0.25],
			"rotation": {"angle": 0, "axis": "x", "origin": [8, 8, 8]},
			"faces": {
				"north": {"uv": [2.5, 4.5, 3, 3.5], "rotation": 180, "texture": "#0"},
				"east": {"uv": [2.5, 3.5, 3, 4.5], "texture": "#0"},
				"south": {"uv": [2.5, 3.5, 3, 4.5], "texture": "#0"},
				"west": {"uv": [2.5, 3.5, 3, 4.5], "texture": "#0"},
				"up": {"uv": [3, 3.5, 2.5, 4], "rotation": 180, "texture": "#0"},
				"down": {"uv": [2.5, 4, 3, 4.5], "texture": "#0"}
			}
		},
		{
			"name": "glow_lichen_43",
			"from": [5.5, 10.5, 0],
			"to": [6, 12.5, 0.25],
			"rotation": {"angle": 0, "axis": "x", "origin": [8, 8, 8]},
			"faces": {
				"north": {"uv": [5.5, 5.5, 6, 3.5], "rotation": 180, "texture": "#0"},
				"east": {"uv": [5.5, 3.5, 6, 5.5], "texture": "#0"},
				"south": {"uv": [5.5, 3.5, 6, 5.5], "texture": "#0"},
				"west": {"uv": [5.5, 3.5, 6, 5.5], "texture": "#0"},
				"down": {"uv": [5.5, 5, 6, 5.5], "texture": "#0"}
			}
		},
		{
			"name": "glow_lichen_44",
			"from": [9, 12, 0],
			"to": [9.5, 12.5, 0.25],
			"rotation": {"angle": 0, "axis": "x", "origin": [8, 8, 8]},
			"faces": {
				"north": {"uv": [9, 4, 9.5, 3.5], "rotation": 180, "texture": "#0"},
				"east": {"uv": [9, 3.5, 9.5, 4], "texture": "#0"},
				"south": {"uv": [9, 3.5, 9.5, 4], "texture": "#0"},
				"west": {"uv": [9, 3.5, 9.5, 4], "texture": "#0"},
				"up": {"uv": [9.5, 3.5, 9, 4], "rotation": 180, "texture": "#0"},
				"down": {"uv": [9, 3.5, 9.5, 4], "texture": "#0"}
			}
		},
		{
			"name": "glow_lichen_45",
			"from": [12, 12, 0],
			"to": [12.5, 12.5, 0.25],
			"rotation": {"angle": 0, "axis": "x", "origin": [8, 8, 8]},
			"faces": {
				"north": {"uv": [12, 4, 12.5, 3.5], "rotation": 180, "texture": "#0"},
				"east": {"uv": [12, 3.5, 12.5, 4], "texture": "#0"},
				"south": {"uv": [12, 3.5, 12.5, 4], "texture": "#0"},
				"up": {"uv": [12.5, 3.5, 12, 4], "rotation": 180, "texture": "#0"},
				"down": {"uv": [12, 3.5, 12.5, 4], "texture": "#0"}
			}
		},
		{
			"name": "glow_lichen_46",
			"from": [0.5, 11.5, 0],
			"to": [1, 12, 0.25],
			"rotation": {"angle": 0, "axis": "x", "origin": [8, 8, 8]},
			"faces": {
				"north": {"uv": [0.5, 4.5, 1, 4], "rotation": 180, "texture": "#0"},
				"south": {"uv": [0.5, 4, 1, 4.5], "texture": "#0"},
				"west": {"uv": [0.5, 4, 1, 4.5], "texture": "#0"},
				"up": {"uv": [1, 4, 0.5, 4.5], "rotation": 180, "texture": "#0"},
				"down": {"uv": [0.5, 4, 1, 4.5], "texture": "#0"}
			}
		},
		{
			"name": "glow_lichen_47",
			"from": [3, 11, 0],
			"to": [3.5, 12, 0.25],
			"rotation": {"angle": 0, "axis": "x", "origin": [8, 8, 8]},
			"faces": {
				"north": {"uv": [3, 5, 3.5, 4], "rotation": 180, "texture": "#0"},
				"east": {"uv": [3, 4, 3.5, 5], "texture": "#0"},
				"south": {"uv": [3, 4, 3.5, 5], "texture": "#0"},
				"west": {"uv": [3, 4, 3.5, 5], "texture": "#0"},
				"up": {"uv": [3.5, 4, 3, 4.5], "rotation": 180, "texture": "#0"},
				"down": {"uv": [3, 4.5, 3.5, 5], "texture": "#0"}
			}
		},
		{
			"name": "glow_lichen_48",
			"from": [6, 11, 0],
			"to": [6.5, 12, 0.25],
			"rotation": {"angle": 0, "axis": "x", "origin": [8, 8, 8]},
			"faces": {
				"north": {"uv": [6, 5, 6.5, 4], "rotation": 180, "texture": "#0"},
				"east": {"uv": [6, 4, 6.5, 5], "texture": "#0"},
				"south": {"uv": [6, 4, 6.5, 5], "texture": "#0"},
				"up": {"uv": [6.5, 4, 6, 4.5], "rotation": 180, "texture": "#0"},
				"down": {"uv": [6, 4.5, 6.5, 5], "texture": "#0"}
			}
		},
		{
			"name": "glow_lichen_49",
			"from": [8.5, 11, 0],
			"to": [9, 12, 0.25],
			"rotation": {"angle": 0, "axis": "x", "origin": [8, 8, 8]},
			"faces": {
				"north": {"uv": [8.5, 5, 9, 4], "rotation": 180, "texture": "#0"},
				"east": {"uv": [8.5, 4, 9, 5], "texture": "#0"},
				"south": {"uv": [8.5, 4, 9, 5], "texture": "#0"},
				"west": {"uv": [8.5, 4, 9, 5], "texture": "#0"},
				"up": {"uv": [9, 4, 8.5, 4.5], "rotation": 180, "texture": "#0"},
				"down": {"uv": [8.5, 4.5, 9, 5], "texture": "#0"}
			}
		},
		{
			"name": "glow_lichen_50",
			"from": [10.5, 11.5, 0],
			"to": [11, 12, 0.25],
			"rotation": {"angle": 0, "axis": "x", "origin": [8, 8, 8]},
			"faces": {
				"north": {"uv": [10.5, 4.5, 11, 4], "rotation": 180, "texture": "#0"},
				"east": {"uv": [10.5, 4, 11, 4.5], "texture": "#0"},
				"south": {"uv": [10.5, 4, 11, 4.5], "texture": "#0"},
				"west": {"uv": [10.5, 4, 11, 4.5], "texture": "#0"},
				"up": {"uv": [11, 4, 10.5, 4.5], "rotation": 180, "texture": "#0"},
				"down": {"uv": [10.5, 4, 11, 4.5], "texture": "#0"}
			}
		},
		{
			"name": "glow_lichen_51",
			"from": [13.5, 11.5, 0],
			"to": [14, 12, 0.25],
			"rotation": {"angle": 0, "axis": "x", "origin": [8, 8, 8]},
			"faces": {
				"north": {"uv": [13.5, 4.5, 14, 4], "rotation": 180, "texture": "#0"},
				"east": {"uv": [13.5, 4, 14, 4.5], "texture": "#0"},
				"south": {"uv": [13.5, 4, 14, 4.5], "texture": "#0"},
				"west": {"uv": [13.5, 4, 14, 4.5], "texture": "#0"},
				"up": {"uv": [14, 4, 13.5, 4.5], "rotation": 180, "texture": "#0"},
				"down": {"uv": [13.5, 4, 14, 4.5], "texture": "#0"}
			}
		},
		{
			"name": "glow_lichen_52",
			"from": [14.5, 11.5, 0],
			"to": [15.5, 12, 0.25],
			"rotation": {"angle": 0, "axis": "x", "origin": [8, 8, 8]},
			"faces": {
				"north": {"uv": [14.5, 4.5, 15.5, 4], "rotation": 180, "texture": "#0"},
				"east": {"uv": [15, 4, 15.5, 4.5], "texture": "#0"},
				"south": {"uv": [14.5, 4, 15.5, 4.5], "texture": "#0"},
				"west": {"uv": [14.5, 4, 15, 4.5], "texture": "#0"},
				"up": {"uv": [15.5, 4, 14.5, 4.5], "rotation": 180, "texture": "#0"},
				"down": {"uv": [14.5, 4, 15.5, 4.5], "texture": "#0"}
			}
		},
		{
			"name": "glow_lichen_53",
			"from": [0, 11, 0],
			"to": [0.5, 11.5, 0.25],
			"rotation": {"angle": 0, "axis": "x", "origin": [8, 8, 8]},
			"faces": {
				"north": {"uv": [0, 5, 0.5, 4.5], "rotation": 180, "texture": "#0"},
				"east": {"uv": [0, 4.5, 0.5, 5], "texture": "#0"},
				"south": {"uv": [0, 4.5, 0.5, 5], "texture": "#0"},
				"west": {"uv": [0, 4.5, 0.5, 5], "texture": "#0"},
				"up": {"uv": [0.5, 4.5, 0, 5], "rotation": 180, "texture": "#0"},
				"down": {"uv": [0, 4.5, 0.5, 5], "texture": "#0"}
			}
		},
		{
			"name": "glow_lichen_54",
			"from": [3.5, 10.5, 0],
			"to": [4, 11.5, 0.25],
			"rotation": {"angle": 0, "axis": "x", "origin": [8, 8, 8]},
			"faces": {
				"north": {"uv": [3.5, 5.5, 4, 4.5], "rotation": 180, "texture": "#0"},
				"east": {"uv": [3.5, 4.5, 4, 5.5], "texture": "#0"},
				"south": {"uv": [3.5, 4.5, 4, 5.5], "texture": "#0"},
				"west": {"uv": [3.5, 4.5, 4, 5.5], "texture": "#0"},
				"up": {"uv": [4, 4.5, 3.5, 5], "rotation": 180, "texture": "#0"},
				"down": {"uv": [3.5, 5, 4, 5.5], "texture": "#0"}
			}
		},
		{
			"name": "glow_lichen_55",
			"from": [5, 10, 0],
			"to": [5.5, 11.5, 0.25],
			"rotation": {"angle": 0, "axis": "x", "origin": [8, 8, 8]},
			"faces": {
				"north": {"uv": [5, 6, 5.5, 4.5], "rotation": 180, "texture": "#0"},
				"east": {"uv": [5, 4.5, 5.5, 6], "texture": "#0"},
				"south": {"uv": [5, 4.5, 5.5, 6], "texture": "#0"},
				"west": {"uv": [5, 4.5, 5.5, 6], "texture": "#0"},
				"up": {"uv": [5.5, 4.5, 5, 5], "rotation": 180, "texture": "#0"},
				"down": {"uv": [5, 5.5, 5.5, 6], "texture": "#0"}
			}
		},
		{
			"name": "glow_lichen_56",
			"from": [6.5, 10.5, 0],
			"to": [7.5, 11.5, 0.25],
			"rotation": {"angle": 0, "axis": "x", "origin": [8, 8, 8]},
			"faces": {
				"north": {"uv": [6.5, 5.5, 7.5, 4.5], "rotation": 180, "texture": "#0"},
				"east": {"uv": [7, 4.5, 7.5, 5.5], "texture": "#0"},
				"south": {"uv": [6.5, 4.5, 7.5, 5.5], "texture": "#0"},
				"west": {"uv": [6.5, 4.5, 7, 5.5], "texture": "#0"},
				"up": {"uv": [7.5, 4.5, 6.5, 5], "rotation": 180, "texture": "#0"},
				"down": {"uv": [6.5, 5, 7.5, 5.5], "texture": "#0"}
			}
		},
		{
			"name": "glow_lichen_57",
			"from": [8, 6, 0],
			"to": [8.5, 11.5, 0.25],
			"rotation": {"angle": 0, "axis": "x", "origin": [8, 8, 8]},
			"faces": {
				"north": {"uv": [8, 10, 8.5, 4.5], "rotation": 180, "texture": "#0"},
				"east": {"uv": [8, 4.5, 8.5, 10], "texture": "#0"},
				"south": {"uv": [8, 4.5, 8.5, 10], "texture": "#0"},
				"west": {"uv": [8, 4.5, 8.5, 10], "texture": "#0"},
				"up": {"uv": [8.5, 4.5, 8, 5], "rotation": 180, "texture": "#0"},
				"down": {"uv": [8, 9.5, 8.5, 10], "texture": "#0"}
			}
		},
		{
			"name": "glow_lichen_58",
			"from": [12, 10, 0],
			"to": [12.5, 11.5, 0.25],
			"rotation": {"angle": 0, "axis": "x", "origin": [8, 8, 8]},
			"faces": {
				"north": {"uv": [12, 6, 12.5, 4.5], "rotation": 180, "texture": "#0"},
				"east": {"uv": [12, 4.5, 12.5, 6], "texture": "#0"},
				"south": {"uv": [12, 4.5, 12.5, 6], "texture": "#0"},
				"up": {"uv": [12.5, 4.5, 12, 5], "rotation": 180, "texture": "#0"},
				"down": {"uv": [12, 5.5, 12.5, 6], "texture": "#0"}
			}
		},
		{
			"name": "glow_lichen_59",
			"from": [14, 11, 0],
			"to": [15, 11.5, 0.25],
			"rotation": {"angle": 0, "axis": "x", "origin": [8, 8, 8]},
			"faces": {
				"north": {"uv": [14, 5, 15, 4.5], "rotation": 180, "texture": "#0"},
				"east": {"uv": [14.5, 4.5, 15, 5], "texture": "#0"},
				"south": {"uv": [14, 4.5, 15, 5], "texture": "#0"},
				"west": {"uv": [14, 4.5, 14.5, 5], "texture": "#0"},
				"up": {"uv": [15, 4.5, 14, 5], "rotation": 180, "texture": "#0"},
				"down": {"uv": [14, 4.5, 15, 5], "texture": "#0"}
			}
		},
		{
			"name": "glow_lichen_60",
			"from": [4.5, 9.5, 0],
			"to": [5, 11, 0.25],
			"rotation": {"angle": 0, "axis": "x", "origin": [8, 8, 8]},
			"faces": {
				"north": {"uv": [4.5, 6.5, 5, 5], "rotation": 180, "texture": "#0"},
				"east": {"uv": [4.5, 5, 5, 6.5], "texture": "#0"},
				"south": {"uv": [4.5, 5, 5, 6.5], "texture": "#0"},
				"west": {"uv": [4.5, 5, 5, 6.5], "texture": "#0"},
				"up": {"uv": [5, 5, 4.5, 5.5], "rotation": 180, "texture": "#0"},
				"down": {"uv": [4.5, 6, 5, 6.5], "texture": "#0"}
			}
		},
		{
			"name": "glow_lichen_61",
			"from": [7.5, 10.5, 0],
			"to": [8, 11, 0.25],
			"rotation": {"angle": 0, "axis": "x", "origin": [8, 8, 8]},
			"faces": {
				"north": {"uv": [7.5, 5.5, 8, 5], "rotation": 180, "texture": "#0"},
				"south": {"uv": [7.5, 5, 8, 5.5], "texture": "#0"},
				"up": {"uv": [8, 5, 7.5, 5.5], "rotation": 180, "texture": "#0"},
				"down": {"uv": [7.5, 5, 8, 5.5], "texture": "#0"}
			}
		},
		{
			"name": "glow_lichen_62",
			"from": [11, 10, 0],
			"to": [11.5, 11, 0.25],
			"rotation": {"angle": 0, "axis": "x", "origin": [8, 8, 8]},
			"faces": {
				"north": {"uv": [11, 6, 11.5, 5], "rotation": 180, "texture": "#0"},
				"south": {"uv": [11, 5, 11.5, 6], "texture": "#0"},
				"west": {"uv": [11, 5, 11.5, 6], "texture": "#0"},
				"up": {"uv": [11.5, 5, 11, 5.5], "rotation": 180, "texture": "#0"},
				"down": {"uv": [11, 5.5, 11.5, 6], "texture": "#0"}
			}
		},
		{
			"name": "glow_lichen_63",
			"from": [12.5, 10, 0],
			"to": [13, 11, 0.25],
			"rotation": {"angle": 0, "axis": "x", "origin": [8, 8, 8]},
			"faces": {
				"north": {"uv": [12.5, 6, 13, 5], "rotation": 180, "texture": "#0"},
				"east": {"uv": [12.5, 5, 13, 6], "texture": "#0"},
				"south": {"uv": [12.5, 5, 13, 6], "texture": "#0"},
				"up": {"uv": [13, 5, 12.5, 5.5], "rotation": 180, "texture": "#0"},
				"down": {"uv": [12.5, 5.5, 13, 6], "texture": "#0"}
			}
		},
		{
			"name": "glow_lichen_64",
			"from": [0.5, 10, 0],
			"to": [1, 10.5, 0.25],
			"rotation": {"angle": 0, "axis": "x", "origin": [8, 8, 8]},
			"faces": {
				"north": {"uv": [0.5, 6, 1, 5.5], "rotation": 180, "texture": "#0"},
				"east": {"uv": [0.5, 5.5, 1, 6], "texture": "#0"},
				"south": {"uv": [0.5, 5.5, 1, 6], "texture": "#0"},
				"west": {"uv": [0.5, 5.5, 1, 6], "texture": "#0"},
				"up": {"uv": [1, 5.5, 0.5, 6], "rotation": 180, "texture": "#0"},
				"down": {"uv": [0.5, 5.5, 1, 6], "texture": "#0"}
			}
		},
		{
			"name": "glow_lichen_65",
			"from": [7, 10, 0],
			"to": [7.5, 10.5, 0.25],
			"rotation": {"angle": 0, "axis": "x", "origin": [8, 8, 8]},
			"faces": {
				"north": {"uv": [7, 6, 7.5, 5.5], "rotation": 180, "texture": "#0"},
				"east": {"uv": [7, 5.5, 7.5, 6], "texture": "#0"},
				"south": {"uv": [7, 5.5, 7.5, 6], "texture": "#0"},
				"west": {"uv": [7, 5.5, 7.5, 6], "texture": "#0"},
				"down": {"uv": [7, 5.5, 7.5, 6], "texture": "#0"}
			}
		},
		{
			"name": "glow_lichen_66",
			"from": [8.5, 8.5, 0],
			"to": [9, 10.5, 0.25],
			"rotation": {"angle": 0, "axis": "x", "origin": [8, 8, 8]},
			"faces": {
				"north": {"uv": [8.5, 7.5, 9, 5.5], "rotation": 180, "texture": "#0"},
				"east": {"uv": [8.5, 5.5, 9, 7.5], "texture": "#0"},
				"south": {"uv": [8.5, 5.5, 9, 7.5], "texture": "#0"},
				"up": {"uv": [9, 5.5, 8.5, 6], "rotation": 180, "texture": "#0"},
				"down": {"uv": [8.5, 7, 9, 7.5], "texture": "#0"}
			}
		},
		{
			"name": "glow_lichen_67",
			"from": [10, 9.5, 0],
			"to": [11, 10.5, 0.25],
			"rotation": {"angle": 0, "axis": "x", "origin": [8, 8, 8]},
			"faces": {
				"north": {"uv": [10, 6.5, 11, 5.5], "rotation": 180, "texture": "#0"},
				"east": {"uv": [10.5, 5.5, 11, 6.5], "texture": "#0"},
				"south": {"uv": [10, 5.5, 11, 6.5], "texture": "#0"},
				"west": {"uv": [10, 5.5, 10.5, 6.5], "texture": "#0"},
				"up": {"uv": [11, 5.5, 10, 6], "rotation": 180, "texture": "#0"},
				"down": {"uv": [10, 6, 11, 6.5], "texture": "#0"}
			}
		},
		{
			"name": "glow_lichen_68",
			"from": [13, 9.5, 0],
			"to": [14, 10.5, 0.25],
			"rotation": {"angle": 0, "axis": "x", "origin": [8, 8, 8]},
			"faces": {
				"north": {"uv": [13, 6.5, 14, 5.5], "rotation": 180, "texture": "#0"},
				"east": {"uv": [13.5, 5.5, 14, 6.5], "texture": "#0"},
				"south": {"uv": [13, 5.5, 14, 6.5], "texture": "#0"},
				"west": {"uv": [13, 5.5, 13.5, 6.5], "texture": "#0"},
				"up": {"uv": [14, 5.5, 13, 6], "rotation": 180, "texture": "#0"},
				"down": {"uv": [13, 6, 14, 6.5], "texture": "#0"}
			}
		},
		{
			"name": "glow_lichen_69",
			"from": [6.5, 9.5, 0],
			"to": [7, 10, 0.25],
			"rotation": {"angle": 0, "axis": "x", "origin": [8, 8, 8]},
			"faces": {
				"north": {"uv": [6.5, 6.5, 7, 6], "rotation": 180, "texture": "#0"},
				"east": {"uv": [6.5, 6, 7, 6.5], "texture": "#0"},
				"south": {"uv": [6.5, 6, 7, 6.5], "texture": "#0"},
				"west": {"uv": [6.5, 6, 7, 6.5], "texture": "#0"},
				"up": {"uv": [7, 6, 6.5, 6.5], "rotation": 180, "texture": "#0"},
				"down": {"uv": [6.5, 6, 7, 6.5], "texture": "#0"}
			}
		},
		{
			"name": "glow_lichen_70",
			"from": [9, 9, 0],
			"to": [10, 10, 0.25],
			"rotation": {"angle": 0, "axis": "x", "origin": [8, 8, 8]},
			"faces": {
				"north": {"uv": [9, 7, 10, 6], "rotation": 180, "texture": "#0"},
				"east": {"uv": [9.5, 6, 10, 7], "texture": "#0"},
				"south": {"uv": [9, 6, 10, 7], "texture": "#0"},
				"up": {"uv": [10, 6, 9, 6.5], "rotation": 180, "texture": "#0"},
				"down": {"uv": [9, 6.5, 10, 7], "texture": "#0"}
			}
		},
		{
			"name": "glow_lichen_71",
			"from": [14, 9, 0],
			"to": [15, 10, 0.25],
			"rotation": {"angle": 0, "axis": "x", "origin": [8, 8, 8]},
			"faces": {
				"north": {"uv": [14, 7, 15, 6], "rotation": 180, "texture": "#0"},
				"east": {"uv": [14.5, 6, 15, 7], "texture": "#0"},
				"south": {"uv": [14, 6, 15, 7], "texture": "#0"},
				"west": {"uv": [14, 6, 14.5, 7], "texture": "#0"},
				"up": {"uv": [15, 6, 14, 6.5], "rotation": 180, "texture": "#0"},
				"down": {"uv": [14, 6.5, 15, 7], "texture": "#0"}
			}
		},
		{
			"name": "glow_lichen_72",
			"from": [5, 8.5, 0],
			"to": [5.5, 9.5, 0.25],
			"rotation": {"angle": 0, "axis": "x", "origin": [8, 8, 8]},
			"faces": {
				"north": {"uv": [5, 7.5, 5.5, 6.5], "rotation": 180, "texture": "#0"},
				"east": {"uv": [5, 6.5, 5.5, 7.5], "texture": "#0"},
				"south": {"uv": [5, 6.5, 5.5, 7.5], "texture": "#0"},
				"west": {"uv": [5, 6.5, 5.5, 7.5], "texture": "#0"},
				"up": {"uv": [5.5, 6.5, 5, 7], "rotation": 180, "texture": "#0"},
				"down": {"uv": [5, 7, 5.5, 7.5], "texture": "#0"}
			}
		},
		{
			"name": "glow_lichen_73",
			"from": [7.5, 9, 0],
			"to": [8, 9.5, 0.25],
			"rotation": {"angle": 0, "axis": "x", "origin": [8, 8, 8]},
			"faces": {
				"north": {"uv": [7.5, 7, 8, 6.5], "rotation": 180, "texture": "#0"},
				"south": {"uv": [7.5, 6.5, 8, 7], "texture": "#0"},
				"west": {"uv": [7.5, 6.5, 8, 7], "texture": "#0"},
				"up": {"uv": [8, 6.5, 7.5, 7], "rotation": 180, "texture": "#0"},
				"down": {"uv": [7.5, 6.5, 8, 7], "texture": "#0"}
			}
		},
		{
			"name": "glow_lichen_74",
			"from": [10.5, 9, 0],
			"to": [11.5, 9.5, 0.25],
			"rotation": {"angle": 0, "axis": "x", "origin": [8, 8, 8]},
			"faces": {
				"north": {"uv": [10.5, 7, 11.5, 6.5], "rotation": 180, "texture": "#0"},
				"east": {"uv": [11, 6.5, 11.5, 7], "texture": "#0"},
				"south": {"uv": [10.5, 6.5, 11.5, 7], "texture": "#0"},
				"west": {"uv": [10.5, 6.5, 11, 7], "texture": "#0"},
				"up": {"uv": [11.5, 6.5, 10.5, 7], "rotation": 180, "texture": "#0"},
				"down": {"uv": [10.5, 6.5, 11.5, 7], "texture": "#0"}
			}
		},
		{
			"name": "glow_lichen_75",
			"from": [15, 8, 0],
			"to": [15.5, 9.5, 0.25],
			"rotation": {"angle": 0, "axis": "x", "origin": [8, 8, 8]},
			"faces": {
				"north": {"uv": [15, 8, 15.5, 6.5], "rotation": 180, "texture": "#0"},
				"east": {"uv": [15, 6.5, 15.5, 8], "texture": "#0"},
				"south": {"uv": [15, 6.5, 15.5, 8], "texture": "#0"},
				"west": {"uv": [15, 6.5, 15.5, 8], "texture": "#0"},
				"up": {"uv": [15.5, 6.5, 15, 7], "rotation": 180, "texture": "#0"},
				"down": {"uv": [15, 7.5, 15.5, 8], "texture": "#0"}
			}
		},
		{
			"name": "glow_lichen_76",
			"from": [0.5, 8.5, 0],
			"to": [1, 9, 0.25],
			"rotation": {"angle": 0, "axis": "x", "origin": [8, 8, 8]},
			"faces": {
				"north": {"uv": [0.5, 7.5, 1, 7], "rotation": 180, "texture": "#0"},
				"east": {"uv": [0.5, 7, 1, 7.5], "texture": "#0"},
				"south": {"uv": [0.5, 7, 1, 7.5], "texture": "#0"},
				"west": {"uv": [0.5, 7, 1, 7.5], "texture": "#0"},
				"up": {"uv": [1, 7, 0.5, 7.5], "rotation": 180, "texture": "#0"},
				"down": {"uv": [0.5, 7, 1, 7.5], "texture": "#0"}
			}
		},
		{
			"name": "glow_lichen_77",
			"from": [3, 8, 0],
			"to": [4, 9, 0.25],
			"rotation": {"angle": 0, "axis": "x", "origin": [8, 8, 8]},
			"faces": {
				"north": {"uv": [3, 8, 4, 7], "rotation": 180, "texture": "#0"},
				"east": {"uv": [3.5, 7, 4, 8], "texture": "#0"},
				"south": {"uv": [3, 7, 4, 8], "texture": "#0"},
				"west": {"uv": [3, 7, 3.5, 8], "texture": "#0"},
				"up": {"uv": [4, 7, 3, 7.5], "rotation": 180, "texture": "#0"},
				"down": {"uv": [3, 7.5, 4, 8], "texture": "#0"}
			}
		},
		{
			"name": "glow_lichen_78",
			"from": [5.5, 8, 0],
			"to": [6, 9, 0.25],
			"rotation": {"angle": 0, "axis": "x", "origin": [8, 8, 8]},
			"faces": {
				"north": {"uv": [5.5, 8, 6, 7], "rotation": 180, "texture": "#0"},
				"east": {"uv": [5.5, 7, 6, 8], "texture": "#0"},
				"south": {"uv": [5.5, 7, 6, 8], "texture": "#0"},
				"west": {"uv": [5.5, 7, 6, 8], "texture": "#0"},
				"up": {"uv": [6, 7, 5.5, 7.5], "rotation": 180, "texture": "#0"},
				"down": {"uv": [5.5, 7.5, 6, 8], "texture": "#0"}
			}
		},
		{
			"name": "glow_lichen_79",
			"from": [7, 8.5, 0],
			"to": [7.5, 9, 0.25],
			"rotation": {"angle": 0, "axis": "x", "origin": [8, 8, 8]},
			"faces": {
				"north": {"uv": [7, 7.5, 7.5, 7], "rotation": 180, "texture": "#0"},
				"east": {"uv": [7, 7, 7.5, 7.5], "texture": "#0"},
				"south": {"uv": [7, 7, 7.5, 7.5], "texture": "#0"},
				"west": {"uv": [7, 7, 7.5, 7.5], "texture": "#0"},
				"up": {"uv": [7.5, 7, 7, 7.5], "rotation": 180, "texture": "#0"},
				"down": {"uv": [7, 7, 7.5, 7.5], "texture": "#0"}
			}
		},
		{
			"name": "glow_lichen_80",
			"from": [11, 8.5, 0],
			"to": [12, 9, 0.25],
			"rotation": {"angle": 0, "axis": "x", "origin": [8, 8, 8]},
			"faces": {
				"north": {"uv": [11, 7.5, 12, 7], "rotation": 180, "texture": "#0"},
				"east": {"uv": [11.5, 7, 12, 7.5], "texture": "#0"},
				"south": {"uv": [11, 7, 12, 7.5], "texture": "#0"},
				"west": {"uv": [11, 7, 11.5, 7.5], "texture": "#0"},
				"up": {"uv": [12, 7, 11, 7.5], "rotation": 180, "texture": "#0"},
				"down": {"uv": [11, 7, 12, 7.5], "texture": "#0"}
			}
		},
		{
			"name": "glow_lichen_81",
			"from": [14.5, 8.5, 0],
			"to": [15, 9, 0.25],
			"rotation": {"angle": 0, "axis": "x", "origin": [8, 8, 8]},
			"faces": {
				"north": {"uv": [14.5, 7.5, 15, 7], "rotation": 180, "texture": "#0"},
				"south": {"uv": [14.5, 7, 15, 7.5], "texture": "#0"},
				"west": {"uv": [14.5, 7, 15, 7.5], "texture": "#0"},
				"down": {"uv": [14.5, 7, 15, 7.5], "texture": "#0"}
			}
		},
		{
			"name": "glow_lichen_82",
			"from": [0, 8, 0],
			"to": [0.5, 8.5, 0.25],
			"rotation": {"angle": 0, "axis": "x", "origin": [8, 8, 8]},
			"faces": {
				"north": {"uv": [0, 8, 0.5, 7.5], "rotation": 180, "texture": "#0"},
				"east": {"uv": [0, 7.5, 0.5, 8], "texture": "#0"},
				"south": {"uv": [0, 7.5, 0.5, 8], "texture": "#0"},
				"west": {"uv": [0, 7.5, 0.5, 8], "texture": "#0"},
				"up": {"uv": [0.5, 7.5, 0, 8], "rotation": 180, "texture": "#0"},
				"down": {"uv": [0, 7.5, 0.5, 8], "texture": "#0"}
			}
		},
		{
			"name": "glow_lichen_83",
			"from": [2, 7.5, 0],
			"to": [3, 8.5, 0.25],
			"rotation": {"angle": 0, "axis": "x", "origin": [8, 8, 8]},
			"faces": {
				"north": {"uv": [2, 8.5, 3, 7.5], "rotation": 180, "texture": "#0"},
				"east": {"uv": [2.5, 7.5, 3, 8.5], "texture": "#0"},
				"south": {"uv": [2, 7.5, 3, 8.5], "texture": "#0"},
				"west": {"uv": [2, 7.5, 2.5, 8.5], "texture": "#0"},
				"up": {"uv": [3, 7.5, 2, 8], "rotation": 180, "texture": "#0"},
				"down": {"uv": [2, 8, 3, 8.5], "texture": "#0"}
			}
		},
		{
			"name": "glow_lichen_84",
			"from": [4, 8, 0],
			"to": [4.5, 8.5, 0.25],
			"rotation": {"angle": 0, "axis": "x", "origin": [8, 8, 8]},
			"faces": {
				"north": {"uv": [4, 8, 4.5, 7.5], "rotation": 180, "texture": "#0"},
				"east": {"uv": [4, 7.5, 4.5, 8], "texture": "#0"},
				"south": {"uv": [4, 7.5, 4.5, 8], "texture": "#0"},
				"up": {"uv": [4.5, 7.5, 4, 8], "rotation": 180, "texture": "#0"},
				"down": {"uv": [4, 7.5, 4.5, 8], "texture": "#0"}
			}
		},
		{
			"name": "glow_lichen_85",
			"from": [6, 7.5, 0],
			"to": [6.5, 8.5, 0.25],
			"rotation": {"angle": 0, "axis": "x", "origin": [8, 8, 8]},
			"faces": {
				"north": {"uv": [6, 8.5, 6.5, 7.5], "rotation": 180, "texture": "#0"},
				"east": {"uv": [6, 7.5, 6.5, 8.5], "texture": "#0"},
				"south": {"uv": [6, 7.5, 6.5, 8.5], "texture": "#0"},
				"west": {"uv": [6, 7.5, 6.5, 8.5], "texture": "#0"},
				"up": {"uv": [6.5, 7.5, 6, 8], "rotation": 180, "texture": "#0"},
				"down": {"uv": [6, 8, 6.5, 8.5], "texture": "#0"}
			}
		},
		{
			"name": "glow_lichen_86",
			"from": [7.5, 7, 0],
			"to": [8, 8.5, 0.25],
			"rotation": {"angle": 0, "axis": "x", "origin": [8, 8, 8]},
			"faces": {
				"north": {"uv": [7.5, 9, 8, 7.5], "rotation": 180, "texture": "#0"},
				"south": {"uv": [7.5, 7.5, 8, 9], "texture": "#0"},
				"west": {"uv": [7.5, 7.5, 8, 9], "texture": "#0"},
				"up": {"uv": [8, 7.5, 7.5, 8], "rotation": 180, "texture": "#0"},
				"down": {"uv": [7.5, 8.5, 8, 9], "texture": "#0"}
			}
		},
		{
			"name": "glow_lichen_87",
			"from": [11, 8, 0],
			"to": [11.5, 8.5, 0.25],
			"rotation": {"angle": 0, "axis": "x", "origin": [8, 8, 8]},
			"faces": {
				"north": {"uv": [11, 8, 11.5, 7.5], "rotation": 180, "texture": "#0"},
				"east": {"uv": [11, 7.5, 11.5, 8], "texture": "#0"},
				"south": {"uv": [11, 7.5, 11.5, 8], "texture": "#0"},
				"west": {"uv": [11, 7.5, 11.5, 8], "texture": "#0"},
				"down": {"uv": [11, 7.5, 11.5, 8], "texture": "#0"}
			}
		},
		{
			"name": "glow_lichen_88",
			"from": [12, 8, 0],
			"to": [12.5, 8.5, 0.25],
			"rotation": {"angle": 0, "axis": "x", "origin": [8, 8, 8]},
			"faces": {
				"north": {"uv": [12, 8, 12.5, 7.5], "rotation": 180, "texture": "#0"},
				"east": {"uv": [12, 7.5, 12.5, 8], "texture": "#0"},
				"south": {"uv": [12, 7.5, 12.5, 8], "texture": "#0"},
				"west": {"uv": [12, 7.5, 12.5, 8], "texture": "#0"},
				"up": {"uv": [12.5, 7.5, 12, 8], "rotation": 180, "texture": "#0"},
				"down": {"uv": [12, 7.5, 12.5, 8], "texture": "#0"}
			}
		},
		{
			"name": "glow_lichen_89",
			"from": [15.5, 6.5, 0],
			"to": [16, 8.5, 0.25],
			"rotation": {"angle": 0, "axis": "x", "origin": [8, 8, 8]},
			"faces": {
				"north": {"uv": [15.5, 9.5, 16, 7.5], "rotation": 180, "texture": "#0"},
				"east": {"uv": [15.5, 7.5, 16, 9.5], "texture": "#0"},
				"south": {"uv": [15.5, 7.5, 16, 9.5], "texture": "#0"},
				"west": {"uv": [15.5, 7.5, 16, 9.5], "texture": "#0"},
				"up": {"uv": [16, 7.5, 15.5, 8], "rotation": 180, "texture": "#0"},
				"down": {"uv": [15.5, 9, 16, 9.5], "texture": "#0"}
			}
		},
		{
			"name": "glow_lichen_90",
			"from": [1.5, 7.5, 0],
			"to": [2, 8, 0.25],
			"rotation": {"angle": 0, "axis": "x", "origin": [8, 8, 8]},
			"faces": {
				"north": {"uv": [1.5, 8.5, 2, 8], "rotation": 180, "texture": "#0"},
				"south": {"uv": [1.5, 8, 2, 8.5], "texture": "#0"},
				"west": {"uv": [1.5, 8, 2, 8.5], "texture": "#0"},
				"up": {"uv": [2, 8, 1.5, 8.5], "rotation": 180, "texture": "#0"},
				"down": {"uv": [1.5, 8, 2, 8.5], "texture": "#0"}
			}
		},
		{
			"name": "glow_lichen_91",
			"from": [4.5, 7.5, 0],
			"to": [5, 8, 0.25],
			"rotation": {"angle": 0, "axis": "x", "origin": [8, 8, 8]},
			"faces": {
				"north": {"uv": [4.5, 8.5, 5, 8], "rotation": 180, "texture": "#0"},
				"east": {"uv": [4.5, 8, 5, 8.5], "texture": "#0"},
				"south": {"uv": [4.5, 8, 5, 8.5], "texture": "#0"},
				"west": {"uv": [4.5, 8, 5, 8.5], "texture": "#0"},
				"up": {"uv": [5, 8, 4.5, 8.5], "rotation": 180, "texture": "#0"},
				"down": {"uv": [4.5, 8, 5, 8.5], "texture": "#0"}
			}
		},
		{
			"name": "glow_lichen_92",
			"from": [6.5, 7.5, 0],
			"to": [7.5, 8, 0.25],
			"rotation": {"angle": 0, "axis": "x", "origin": [8, 8, 8]},
			"faces": {
				"north": {"uv": [6.5, 8.5, 7.5, 8], "rotation": 180, "texture": "#0"},
				"south": {"uv": [6.5, 8, 7.5, 8.5], "texture": "#0"},
				"up": {"uv": [7.5, 8, 6.5, 8.5], "rotation": 180, "texture": "#0"},
				"down": {"uv": [6.5, 8, 7.5, 8.5], "texture": "#0"}
			}
		},
		{
			"name": "glow_lichen_93",
			"from": [10.5, 7.5, 0],
			"to": [11, 8, 0.25],
			"rotation": {"angle": 0, "axis": "x", "origin": [8, 8, 8]},
			"faces": {
				"north": {"uv": [10.5, 8.5, 11, 8], "rotation": 180, "texture": "#0"},
				"east": {"uv": [10.5, 8, 11, 8.5], "texture": "#0"},
				"south": {"uv": [10.5, 8, 11, 8.5], "texture": "#0"},
				"west": {"uv": [10.5, 8, 11, 8.5], "texture": "#0"},
				"up": {"uv": [11, 8, 10.5, 8.5], "rotation": 180, "texture": "#0"},
				"down": {"uv": [10.5, 8, 11, 8.5], "texture": "#0"}
			}
		},
		{
			"name": "glow_lichen_94",
			"from": [1, 7, 0],
			"to": [1.5, 7.5, 0.25],
			"rotation": {"angle": 0, "axis": "x", "origin": [8, 8, 8]},
			"faces": {
				"north": {"uv": [1, 9, 1.5, 8.5], "rotation": 180, "texture": "#0"},
				"east": {"uv": [1, 8.5, 1.5, 9], "texture": "#0"},
				"south": {"uv": [1, 8.5, 1.5, 9], "texture": "#0"},
				"west": {"uv": [1, 8.5, 1.5, 9], "texture": "#0"},
				"up": {"uv": [1.5, 8.5, 1, 9], "rotation": 180, "texture": "#0"},
				"down": {"uv": [1, 8.5, 1.5, 9], "texture": "#0"}
			}
		},
		{
			"name": "glow_lichen_95",
			"from": [2, 5, 0],
			"to": [2.5, 7.5, 0.25],
			"rotation": {"angle": 0, "axis": "x", "origin": [8, 8, 8]},
			"faces": {
				"north": {"uv": [2, 11, 2.5, 8.5], "rotation": 180, "texture": "#0"},
				"east": {"uv": [2, 8.5, 2.5, 11], "texture": "#0"},
				"south": {"uv": [2, 8.5, 2.5, 11], "texture": "#0"},
				"west": {"uv": [2, 8.5, 2.5, 11], "texture": "#0"},
				"down": {"uv": [2, 10.5, 2.5, 11], "texture": "#0"}
			}
		},
		{
			"name": "glow_lichen_96",
			"from": [7, 6.5, 0],
			"to": [7.5, 7.5, 0.25],
			"rotation": {"angle": 0, "axis": "x", "origin": [8, 8, 8]},
			"faces": {
				"north": {"uv": [7, 9.5, 7.5, 8.5], "rotation": 180, "texture": "#0"},
				"east": {"uv": [7, 8.5, 7.5, 9.5], "texture": "#0"},
				"south": {"uv": [7, 8.5, 7.5, 9.5], "texture": "#0"},
				"west": {"uv": [7, 8.5, 7.5, 9.5], "texture": "#0"},
				"down": {"uv": [7, 9, 7.5, 9.5], "texture": "#0"}
			}
		},
		{
			"name": "glow_lichen_97",
			"from": [8.5, 5, 0],
			"to": [9, 7.5, 0.25],
			"rotation": {"angle": 0, "axis": "x", "origin": [8, 8, 8]},
			"faces": {
				"north": {"uv": [8.5, 11, 9, 8.5], "rotation": 180, "texture": "#0"},
				"east": {"uv": [8.5, 8.5, 9, 11], "texture": "#0"},
				"south": {"uv": [8.5, 8.5, 9, 11], "texture": "#0"},
				"west": {"uv": [8.5, 8.5, 9, 11], "texture": "#0"},
				"up": {"uv": [9, 8.5, 8.5, 9], "rotation": 180, "texture": "#0"},
				"down": {"uv": [8.5, 10.5, 9, 11], "texture": "#0"}
			}
		},
		{
			"name": "glow_lichen_98",
			"from": [15, 6, 0],
			"to": [15.5, 7.5, 0.25],
			"rotation": {"angle": 0, "axis": "x", "origin": [8, 8, 8]},
			"faces": {
				"north": {"uv": [15, 10, 15.5, 8.5], "rotation": 180, "texture": "#0"},
				"east": {"uv": [15, 8.5, 15.5, 10], "texture": "#0"},
				"south": {"uv": [15, 8.5, 15.5, 10], "texture": "#0"},
				"west": {"uv": [15, 8.5, 15.5, 10], "texture": "#0"},
				"up": {"uv": [15.5, 8.5, 15, 9], "rotation": 180, "texture": "#0"},
				"down": {"uv": [15, 9.5, 15.5, 10], "texture": "#0"}
			}
		},
		{
			"name": "glow_lichen_99",
			"from": [1.5, 4.5, 0],
			"to": [2, 7, 0.25],
			"rotation": {"angle": 0, "axis": "x", "origin": [8, 8, 8]},
			"faces": {
				"north": {"uv": [1.5, 11.5, 2, 9], "rotation": 180, "texture": "#0"},
				"east": {"uv": [1.5, 9, 2, 11.5], "texture": "#0"},
				"south": {"uv": [1.5, 9, 2, 11.5], "texture": "#0"},
				"west": {"uv": [1.5, 9, 2, 11.5], "texture": "#0"},
				"up": {"uv": [2, 9, 1.5, 9.5], "rotation": 180, "texture": "#0"},
				"down": {"uv": [1.5, 11, 2, 11.5], "texture": "#0"}
			}
		},
		{
			"name": "glow_lichen_100",
			"from": [2.5, 6, 0],
			"to": [3, 7, 0.25],
			"rotation": {"angle": 0, "axis": "x", "origin": [8, 8, 8]},
			"faces": {
				"north": {"uv": [2.5, 10, 3, 9], "rotation": 180, "texture": "#0"},
				"east": {"uv": [2.5, 9, 3, 10], "texture": "#0"},
				"south": {"uv": [2.5, 9, 3, 10], "texture": "#0"},
				"up": {"uv": [3, 9, 2.5, 9.5], "rotation": 180, "texture": "#0"},
				"down": {"uv": [2.5, 9.5, 3, 10], "texture": "#0"}
			}
		},
		{
			"name": "glow_lichen_101",
			"from": [9, 6.5, 0],
			"to": [9.5, 7, 0.25],
			"rotation": {"angle": 0, "axis": "x", "origin": [8, 8, 8]},
			"faces": {
				"north": {"uv": [9, 9.5, 9.5, 9], "rotation": 180, "texture": "#0"},
				"east": {"uv": [9, 9, 9.5, 9.5], "texture": "#0"},
				"south": {"uv": [9, 9, 9.5, 9.5], "texture": "#0"},
				"up": {"uv": [9.5, 9, 9, 9.5], "rotation": 180, "texture": "#0"},
				"down": {"uv": [9, 9, 9.5, 9.5], "texture": "#0"}
			}
		},
		{
			"name": "glow_lichen_102",
			"from": [11.5, 6, 0],
			"to": [12.5, 7, 0.25],
			"rotation": {"angle": 0, "axis": "x", "origin": [8, 8, 8]},
			"faces": {
				"north": {"uv": [11.5, 10, 12.5, 9], "rotation": 180, "texture": "#0"},
				"east": {"uv": [12, 9, 12.5, 10], "texture": "#0"},
				"south": {"uv": [11.5, 9, 12.5, 10], "texture": "#0"},
				"west": {"uv": [11.5, 9, 12, 10], "texture": "#0"},
				"up": {"uv": [12.5, 9, 11.5, 9.5], "rotation": 180, "texture": "#0"},
				"down": {"uv": [11.5, 9.5, 12.5, 10], "texture": "#0"}
			}
		},
		{
			"name": "glow_lichen_103",
			"from": [1, 6, 0],
			"to": [1.5, 6.5, 0.25],
			"rotation": {"angle": 0, "axis": "x", "origin": [8, 8, 8]},
			"faces": {
				"north": {"uv": [1, 10, 1.5, 9.5], "rotation": 180, "texture": "#0"},
				"south": {"uv": [1, 9.5, 1.5, 10], "texture": "#0"},
				"west": {"uv": [1, 9.5, 1.5, 10], "texture": "#0"},
				"up": {"uv": [1.5, 9.5, 1, 10], "rotation": 180, "texture": "#0"},
				"down": {"uv": [1, 9.5, 1.5, 10], "texture": "#0"}
			}
		},
		{
			"name": "glow_lichen_104",
			"from": [14, 13, 0.25],
			"to": [15.5, 13.5, 0.5],
			"rotation": {"angle": 0, "axis": "x", "origin": [8, 8, 8]},
			"faces": {
				"north": {"uv": [1, 9.5, 1.5, 10], "texture": "#0"},
				"east": {"uv": [1, 9.5, 1.5, 10], "texture": "#0"},
				"south": {"uv": [1, 9.5, 1.5, 10], "texture": "#0"},
				"west": {"uv": [1, 9.5, 1.5, 10], "texture": "#0"},
				"up": {"uv": [1, 9.5, 1.5, 10], "texture": "#0"},
				"down": {"uv": [1, 9.5, 1.5, 10], "texture": "#0"}
			}
		},
		{
			"name": "glow_lichen_105",
			"from": [14.5, 13.5, 0.25],
			"to": [15, 14, 0.5],
			"rotation": {"angle": 0, "axis": "x", "origin": [8, 8, 8]},
			"faces": {
				"north": {"uv": [1, 9.5, 1.5, 10], "texture": "#0"},
				"east": {"uv": [1, 9.5, 1.5, 10], "texture": "#0"},
				"south": {"uv": [1, 9.5, 1.5, 10], "texture": "#0"},
				"west": {"uv": [1, 9.5, 1.5, 10], "texture": "#0"},
				"up": {"uv": [1, 9.5, 1.5, 10], "texture": "#0"},
				"down": {"uv": [1, 9.5, 1.5, 10], "texture": "#0"}
			}
		},
		{
			"name": "glow_lichen_106",
			"from": [14.5, 12.5, 0.25],
			"to": [15, 13, 0.5],
			"rotation": {"angle": 0, "axis": "x", "origin": [8, 8, 8]},
			"faces": {
				"north": {"uv": [1, 9.5, 1.5, 10], "texture": "#0"},
				"east": {"uv": [1, 9.5, 1.5, 10], "texture": "#0"},
				"south": {"uv": [1, 9.5, 1.5, 10], "texture": "#0"},
				"west": {"uv": [1, 9.5, 1.5, 10], "texture": "#0"},
				"up": {"uv": [1, 9.5, 1.5, 10], "texture": "#0"},
				"down": {"uv": [1, 9.5, 1.5, 10], "texture": "#0"}
			}
		},
		{
			"name": "glow_lichen_105",
			"from": [1, 6, 0.25],
			"to": [2.5, 6.5, 0.5],
			"rotation": {"angle": 0, "axis": "x", "origin": [8, 8, 8]},
			"faces": {
				"north": {"uv": [1, 9.5, 1.5, 10], "texture": "#0"},
				"east": {"uv": [1, 9.5, 1.5, 10], "texture": "#0"},
				"south": {"uv": [1, 9.5, 1.5, 10], "texture": "#0"},
				"west": {"uv": [1, 9.5, 1.5, 10], "texture": "#0"},
				"up": {"uv": [1, 9.5, 1.5, 10], "texture": "#0"},
				"down": {"uv": [1, 9.5, 1.5, 10], "texture": "#0"}
			}
		},
		{
			"name": "glow_lichen_106",
			"from": [1.5, 6.5, 0.25],
			"to": [2, 7, 0.5],
			"rotation": {"angle": 0, "axis": "x", "origin": [8, 8, 8]},
			"faces": {
				"north": {"uv": [1, 9.5, 1.5, 10], "texture": "#0"},
				"east": {"uv": [1, 9.5, 1.5, 10], "texture": "#0"},
				"south": {"uv": [1, 9.5, 1.5, 10], "texture": "#0"},
				"west": {"uv": [1, 9.5, 1.5, 10], "texture": "#0"},
				"up": {"uv": [1, 9.5, 1.5, 10], "texture": "#0"},
				"down": {"uv": [1, 9.5, 1.5, 10], "texture": "#0"}
			}
		},
		{
			"name": "glow_lichen_107",
			"from": [1.5, 5.5, 0.25],
			"to": [2, 6, 0.5],
			"rotation": {"angle": 0, "axis": "x", "origin": [8, 8, 8]},
			"faces": {
				"north": {"uv": [1, 9.5, 1.5, 10], "texture": "#0"},
				"east": {"uv": [1, 9.5, 1.5, 10], "texture": "#0"},
				"south": {"uv": [1, 9.5, 1.5, 10], "texture": "#0"},
				"west": {"uv": [1, 9.5, 1.5, 10], "texture": "#0"},
				"up": {"uv": [1, 9.5, 1.5, 10], "texture": "#0"},
				"down": {"uv": [1, 9.5, 1.5, 10], "texture": "#0"}
			}
		},
		{
			"name": "glow_lichen_107",
			"from": [3, 2.5, 0.25],
			"to": [4, 3, 0.5],
			"rotation": {"angle": 0, "axis": "x", "origin": [8, 8, 8]},
			"faces": {
				"north": {"uv": [1, 9.5, 1.5, 10], "texture": "#0"},
				"east": {"uv": [1, 9.5, 1.5, 10], "texture": "#0"},
				"south": {"uv": [1, 9.5, 1.5, 10], "texture": "#0"},
				"west": {"uv": [1, 9.5, 1.5, 10], "texture": "#0"},
				"up": {"uv": [1, 9.5, 1.5, 10], "texture": "#0"},
				"down": {"uv": [1, 9.5, 1.5, 10], "texture": "#0"}
			}
		},
		{
			"name": "glow_lichen_108",
			"from": [8, 9.5, 0.25],
			"to": [9, 10, 0.5],
			"rotation": {"angle": 0, "axis": "x", "origin": [8, 8, 8]},
			"faces": {
				"north": {"uv": [1, 9.5, 1.5, 10], "texture": "#0"},
				"east": {"uv": [1, 9.5, 1.5, 10], "texture": "#0"},
				"south": {"uv": [1, 9.5, 1.5, 10], "texture": "#0"},
				"west": {"uv": [1, 9.5, 1.5, 10], "texture": "#0"},
				"up": {"uv": [1, 9.5, 1.5, 10], "texture": "#0"},
				"down": {"uv": [1, 9.5, 1.5, 10], "texture": "#0"}
			}
		},
		{
			"name": "glow_lichen_109",
			"from": [7.5, 9, 0.25],
			"to": [8.5, 9.5, 0.5],
			"rotation": {"angle": 0, "axis": "x", "origin": [8, 8, 8]},
			"faces": {
				"north": {"uv": [1, 9.5, 1.5, 10], "texture": "#0"},
				"east": {"uv": [1, 9.5, 1.5, 10], "texture": "#0"},
				"south": {"uv": [1, 9.5, 1.5, 10], "texture": "#0"},
				"west": {"uv": [1, 9.5, 1.5, 10], "texture": "#0"},
				"up": {"uv": [1, 9.5, 1.5, 10], "texture": "#0"},
				"down": {"uv": [1, 9.5, 1.5, 10], "texture": "#0"}
			}
		},
		{
			"name": "glow_lichen_108",
			"from": [3.5, 2, 0.25],
			"to": [4.5, 2.5, 0.5],
			"rotation": {"angle": 0, "axis": "x", "origin": [8, 8, 8]},
			"faces": {
				"north": {"uv": [1, 9.5, 1.5, 10], "texture": "#0"},
				"east": {"uv": [1, 9.5, 1.5, 10], "texture": "#0"},
				"south": {"uv": [1, 9.5, 1.5, 10], "texture": "#0"},
				"west": {"uv": [1, 9.5, 1.5, 10], "texture": "#0"},
				"up": {"uv": [1, 9.5, 1.5, 10], "texture": "#0"},
				"down": {"uv": [1, 9.5, 1.5, 10], "texture": "#0"}
			}
		},
		{
			"name": "glow_lichen_108",
			"from": [2.5, 14, 0.25],
			"to": [3.5, 14.5, 0.5],
			"rotation": {"angle": 0, "axis": "x", "origin": [8, 8, 8]},
			"faces": {
				"north": {"uv": [1, 9.5, 1.5, 10], "texture": "#0"},
				"east": {"uv": [1, 9.5, 1.5, 10], "texture": "#0"},
				"south": {"uv": [1, 9.5, 1.5, 10], "texture": "#0"},
				"west": {"uv": [1, 9.5, 1.5, 10], "texture": "#0"},
				"up": {"uv": [1, 9.5, 1.5, 10], "texture": "#0"},
				"down": {"uv": [1, 9.5, 1.5, 10], "texture": "#0"}
			}
		},
		{
			"name": "glow_lichen_109",
			"from": [3, 13.5, 0.25],
			"to": [4, 14, 0.5],
			"rotation": {"angle": 0, "axis": "x", "origin": [8, 8, 8]},
			"faces": {
				"north": {"uv": [1, 9.5, 1.5, 10], "texture": "#0"},
				"east": {"uv": [1, 9.5, 1.5, 10], "texture": "#0"},
				"south": {"uv": [1, 9.5, 1.5, 10], "texture": "#0"},
				"west": {"uv": [1, 9.5, 1.5, 10], "texture": "#0"},
				"up": {"uv": [1, 9.5, 1.5, 10], "texture": "#0"},
				"down": {"uv": [1, 9.5, 1.5, 10], "texture": "#0"}
			}
		},
		{
			"name": "glow_lichen_109",
			"from": [11.5, 4.5, 0.25],
			"to": [12.5, 5.5, 0.5],
			"rotation": {"angle": 0, "axis": "x", "origin": [8, 8, 8]},
			"faces": {
				"north": {"uv": [1, 9.5, 1.5, 10], "texture": "#0"},
				"east": {"uv": [1, 9.5, 1.5, 10], "texture": "#0"},
				"south": {"uv": [1, 9.5, 1.5, 10], "texture": "#0"},
				"west": {"uv": [1, 9.5, 1.5, 10], "texture": "#0"},
				"up": {"uv": [1, 9.5, 1.5, 10], "texture": "#0"},
				"down": {"uv": [1, 9.5, 1.5, 10], "texture": "#0"}
			}
		},
		{
			"name": "glow_lichen_110",
			"from": [12, 5.5, 0.25],
			"to": [12.5, 6, 0.5],
			"rotation": {"angle": 0, "axis": "x", "origin": [8, 8, 8]},
			"faces": {
				"north": {"uv": [1, 9.5, 1.5, 10], "texture": "#0"},
				"east": {"uv": [1, 9.5, 1.5, 10], "texture": "#0"},
				"south": {"uv": [1, 9.5, 1.5, 10], "texture": "#0"},
				"west": {"uv": [1, 9.5, 1.5, 10], "texture": "#0"},
				"up": {"uv": [1, 9.5, 1.5, 10], "texture": "#0"},
				"down": {"uv": [1, 9.5, 1.5, 10], "texture": "#0"}
			}
		},
		{
			"name": "glow_lichen_111",
			"from": [12.5, 5, 0.25],
			"to": [13, 5.5, 0.5],
			"rotation": {"angle": 0, "axis": "x", "origin": [8, 8, 8]},
			"faces": {
				"north": {"uv": [1, 9.5, 1.5, 10], "texture": "#0"},
				"east": {"uv": [1, 9.5, 1.5, 10], "texture": "#0"},
				"south": {"uv": [1, 9.5, 1.5, 10], "texture": "#0"},
				"west": {"uv": [1, 9.5, 1.5, 10], "texture": "#0"},
				"up": {"uv": [1, 9.5, 1.5, 10], "texture": "#0"},
				"down": {"uv": [1, 9.5, 1.5, 10], "texture": "#0"}
			}
		},
		{
			"name": "glow_lichen_104",
			"from": [3, 6, 0],
			"to": [3.5, 6.5, 0.25],
			"rotation": {"angle": 0, "axis": "x", "origin": [8, 8, 8]},
			"faces": {
				"north": {"uv": [3, 10, 3.5, 9.5], "rotation": 180, "texture": "#0"},
				"east": {"uv": [3, 9.5, 3.5, 10], "texture": "#0"},
				"south": {"uv": [3, 9.5, 3.5, 10], "texture": "#0"},
				"up": {"uv": [3.5, 9.5, 3, 10], "rotation": 180, "texture": "#0"},
				"down": {"uv": [3, 9.5, 3.5, 10], "texture": "#0"}
			}
		},
		{
			"name": "glow_lichen_105",
			"from": [4.5, 5, 0],
			"to": [5, 6.5, 0.25],
			"rotation": {"angle": 0, "axis": "x", "origin": [8, 8, 8]},
			"faces": {
				"north": {"uv": [4.5, 11, 5, 9.5], "rotation": 180, "texture": "#0"},
				"east": {"uv": [4.5, 9.5, 5, 11], "texture": "#0"},
				"south": {"uv": [4.5, 9.5, 5, 11], "texture": "#0"},
				"west": {"uv": [4.5, 9.5, 5, 11], "texture": "#0"},
				"up": {"uv": [5, 9.5, 4.5, 10], "rotation": 180, "texture": "#0"},
				"down": {"uv": [4.5, 10.5, 5, 11], "texture": "#0"}
			}
		},
		{
			"name": "glow_lichen_106",
			"from": [6.5, 6, 0],
			"to": [7, 6.5, 0.25],
			"rotation": {"angle": 0, "axis": "x", "origin": [8, 8, 8]},
			"faces": {
				"north": {"uv": [6.5, 10, 7, 9.5], "rotation": 180, "texture": "#0"},
				"east": {"uv": [6.5, 9.5, 7, 10], "texture": "#0"},
				"south": {"uv": [6.5, 9.5, 7, 10], "texture": "#0"},
				"west": {"uv": [6.5, 9.5, 7, 10], "texture": "#0"},
				"up": {"uv": [7, 9.5, 6.5, 10], "rotation": 180, "texture": "#0"},
				"down": {"uv": [6.5, 9.5, 7, 10], "texture": "#0"}
			}
		},
		{
			"name": "glow_lichen_107",
			"from": [11, 6, 0],
			"to": [11.5, 6.5, 0.25],
			"rotation": {"angle": 0, "axis": "x", "origin": [8, 8, 8]},
			"faces": {
				"north": {"uv": [11, 10, 11.5, 9.5], "rotation": 180, "texture": "#0"},
				"south": {"uv": [11, 9.5, 11.5, 10], "texture": "#0"},
				"west": {"uv": [11, 9.5, 11.5, 10], "texture": "#0"},
				"up": {"uv": [11.5, 9.5, 11, 10], "rotation": 180, "texture": "#0"},
				"down": {"uv": [11, 9.5, 11.5, 10], "texture": "#0"}
			}
		},
		{
			"name": "glow_lichen_108",
			"from": [12.5, 4, 0],
			"to": [13.5, 6.5, 0.25],
			"rotation": {"angle": 0, "axis": "x", "origin": [8, 8, 8]},
			"faces": {
				"north": {"uv": [12.5, 12, 13.5, 9.5], "rotation": 180, "texture": "#0"},
				"east": {"uv": [13, 9.5, 13.5, 12], "texture": "#0"},
				"south": {"uv": [12.5, 9.5, 13.5, 12], "texture": "#0"},
				"up": {"uv": [13.5, 9.5, 12.5, 10], "rotation": 180, "texture": "#0"},
				"down": {"uv": [12.5, 11.5, 13.5, 12], "texture": "#0"}
			}
		},
		{
			"name": "glow_lichen_109",
			"from": [4, 4.5, 0],
			"to": [4.5, 6, 0.25],
			"rotation": {"angle": 0, "axis": "x", "origin": [8, 8, 8]},
			"faces": {
				"north": {"uv": [4, 11.5, 4.5, 10], "rotation": 180, "texture": "#0"},
				"east": {"uv": [4, 10, 4.5, 11.5], "texture": "#0"},
				"south": {"uv": [4, 10, 4.5, 11.5], "texture": "#0"},
				"west": {"uv": [4, 10, 4.5, 11.5], "texture": "#0"},
				"up": {"uv": [4.5, 10, 4, 10.5], "rotation": 180, "texture": "#0"},
				"down": {"uv": [4, 11, 4.5, 11.5], "texture": "#0"}
			}
		},
		{
			"name": "glow_lichen_110",
			"from": [9, 4.5, 0],
			"to": [9.5, 6, 0.25],
			"rotation": {"angle": 0, "axis": "x", "origin": [8, 8, 8]},
			"faces": {
				"north": {"uv": [9, 11.5, 9.5, 10], "rotation": 180, "texture": "#0"},
				"east": {"uv": [9, 10, 9.5, 11.5], "texture": "#0"},
				"south": {"uv": [9, 10, 9.5, 11.5], "texture": "#0"},
				"west": {"uv": [9, 10, 9.5, 11.5], "texture": "#0"},
				"up": {"uv": [9.5, 10, 9, 10.5], "rotation": 180, "texture": "#0"},
				"down": {"uv": [9, 11, 9.5, 11.5], "texture": "#0"}
			}
		},
		{
			"name": "glow_lichen_111",
			"from": [12, 3.5, 0],
			"to": [12.5, 6, 0.25],
			"rotation": {"angle": 0, "axis": "x", "origin": [8, 8, 8]},
			"faces": {
				"north": {"uv": [12, 12.5, 12.5, 10], "rotation": 180, "texture": "#0"},
				"south": {"uv": [12, 10, 12.5, 12.5], "texture": "#0"},
				"west": {"uv": [12, 10, 12.5, 12.5], "texture": "#0"},
				"down": {"uv": [12, 12, 12.5, 12.5], "texture": "#0"}
			}
		},
		{
			"name": "glow_lichen_112",
			"from": [13.5, 4.5, 0],
			"to": [14, 6, 0.25],
			"rotation": {"angle": 0, "axis": "x", "origin": [8, 8, 8]},
			"faces": {
				"north": {"uv": [13.5, 11.5, 14, 10], "rotation": 180, "texture": "#0"},
				"east": {"uv": [13.5, 10, 14, 11.5], "texture": "#0"},
				"south": {"uv": [13.5, 10, 14, 11.5], "texture": "#0"},
				"up": {"uv": [14, 10, 13.5, 10.5], "rotation": 180, "texture": "#0"},
				"down": {"uv": [13.5, 11, 14, 11.5], "texture": "#0"}
			}
		},
		{
			"name": "glow_lichen_113",
			"from": [14.5, 5.5, 0],
			"to": [15, 6, 0.25],
			"rotation": {"angle": 0, "axis": "x", "origin": [8, 8, 8]},
			"faces": {
				"north": {"uv": [14.5, 10.5, 15, 10], "rotation": 180, "texture": "#0"},
				"east": {"uv": [14.5, 10, 15, 10.5], "texture": "#0"},
				"south": {"uv": [14.5, 10, 15, 10.5], "texture": "#0"},
				"west": {"uv": [14.5, 10, 15, 10.5], "texture": "#0"},
				"up": {"uv": [15, 10, 14.5, 10.5], "rotation": 180, "texture": "#0"},
				"down": {"uv": [14.5, 10, 15, 10.5], "texture": "#0"}
			}
		},
		{
			"name": "glow_lichen_114",
			"from": [0.5, 5, 0],
			"to": [1, 5.5, 0.25],
			"rotation": {"angle": 0, "axis": "x", "origin": [8, 8, 8]},
			"faces": {
				"north": {"uv": [0.5, 11, 1, 10.5], "rotation": 180, "texture": "#0"},
				"east": {"uv": [0.5, 10.5, 1, 11], "texture": "#0"},
				"south": {"uv": [0.5, 10.5, 1, 11], "texture": "#0"},
				"west": {"uv": [0.5, 10.5, 1, 11], "texture": "#0"},
				"up": {"uv": [1, 10.5, 0.5, 11], "rotation": 180, "texture": "#0"},
				"down": {"uv": [0.5, 10.5, 1, 11], "texture": "#0"}
			}
		},
		{
			"name": "glow_lichen_115",
			"from": [2.5, 4, 0],
			"to": [3, 5.5, 0.25],
			"rotation": {"angle": 0, "axis": "x", "origin": [8, 8, 8]},
			"faces": {
				"north": {"uv": [2.5, 12, 3, 10.5], "rotation": 180, "texture": "#0"},
				"east": {"uv": [2.5, 10.5, 3, 12], "texture": "#0"},
				"south": {"uv": [2.5, 10.5, 3, 12], "texture": "#0"},
				"west": {"uv": [2.5, 10.5, 3, 12], "texture": "#0"},
				"up": {"uv": [3, 10.5, 2.5, 11], "rotation": 180, "texture": "#0"},
				"down": {"uv": [2.5, 11.5, 3, 12], "texture": "#0"}
			}
		},
		{
			"name": "glow_lichen_116",
			"from": [3.5, 1.5, 0],
			"to": [4, 5.5, 0.25],
			"rotation": {"angle": 0, "axis": "x", "origin": [8, 8, 8]},
			"faces": {
				"north": {"uv": [3.5, 14.5, 4, 10.5], "rotation": 180, "texture": "#0"},
				"east": {"uv": [3.5, 10.5, 4, 14.5], "texture": "#0"},
				"south": {"uv": [3.5, 10.5, 4, 14.5], "texture": "#0"},
				"west": {"uv": [3.5, 10.5, 4, 14.5], "texture": "#0"},
				"up": {"uv": [4, 10.5, 3.5, 11], "rotation": 180, "texture": "#0"},
				"down": {"uv": [3.5, 14, 4, 14.5], "texture": "#0"}
			}
		},
		{
			"name": "glow_lichen_117",
			"from": [5, 4.5, 0],
			"to": [6, 5.5, 0.25],
			"rotation": {"angle": 0, "axis": "x", "origin": [8, 8, 8]},
			"faces": {
				"north": {"uv": [5, 11.5, 6, 10.5], "rotation": 180, "texture": "#0"},
				"east": {"uv": [5.5, 10.5, 6, 11.5], "texture": "#0"},
				"south": {"uv": [5, 10.5, 6, 11.5], "texture": "#0"},
				"west": {"uv": [5, 10.5, 5.5, 11.5], "texture": "#0"},
				"up": {"uv": [6, 10.5, 5, 11], "rotation": 180, "texture": "#0"},
				"down": {"uv": [5, 11, 6, 11.5], "texture": "#0"}
			}
		},
		{
			"name": "glow_lichen_118",
			"from": [8, 5, 0],
			"to": [8.5, 5.5, 0.25],
			"rotation": {"angle": 0, "axis": "x", "origin": [8, 8, 8]},
			"faces": {
				"north": {"uv": [8, 11, 8.5, 10.5], "rotation": 180, "texture": "#0"},
				"south": {"uv": [8, 10.5, 8.5, 11], "texture": "#0"},
				"west": {"uv": [8, 10.5, 8.5, 11], "texture": "#0"},
				"up": {"uv": [8.5, 10.5, 8, 11], "rotation": 180, "texture": "#0"},
				"down": {"uv": [8, 10.5, 8.5, 11], "texture": "#0"}
			}
		},
		{
			"name": "glow_lichen_119",
			"from": [9.5, 4, 0],
			"to": [10, 5.5, 0.25],
			"rotation": {"angle": 0, "axis": "x", "origin": [8, 8, 8]},
			"faces": {
				"north": {"uv": [9.5, 12, 10, 10.5], "rotation": 180, "texture": "#0"},
				"east": {"uv": [9.5, 10.5, 10, 12], "texture": "#0"},
				"south": {"uv": [9.5, 10.5, 10, 12], "texture": "#0"},
				"west": {"uv": [9.5, 10.5, 10, 12], "texture": "#0"},
				"up": {"uv": [10, 10.5, 9.5, 11], "rotation": 180, "texture": "#0"},
				"down": {"uv": [9.5, 11.5, 10, 12], "texture": "#0"}
			}
		},
		{
			"name": "glow_lichen_120",
			"from": [11.5, 4.5, 0],
			"to": [12, 5.5, 0.25],
			"rotation": {"angle": 0, "axis": "x", "origin": [8, 8, 8]},
			"faces": {
				"north": {"uv": [11.5, 11.5, 12, 10.5], "rotation": 180, "texture": "#0"},
				"south": {"uv": [11.5, 10.5, 12, 11.5], "texture": "#0"},
				"west": {"uv": [11.5, 10.5, 12, 11.5], "texture": "#0"},
				"up": {"uv": [12, 10.5, 11.5, 11], "rotation": 180, "texture": "#0"},
				"down": {"uv": [11.5, 11, 12, 11.5], "texture": "#0"}
			}
		},
		{
			"name": "glow_lichen_121",
			"from": [1, 4.5, 0],
			"to": [1.5, 5, 0.25],
			"rotation": {"angle": 0, "axis": "x", "origin": [8, 8, 8]},
			"faces": {
				"north": {"uv": [1, 11.5, 1.5, 11], "rotation": 180, "texture": "#0"},
				"south": {"uv": [1, 11, 1.5, 11.5], "texture": "#0"},
				"west": {"uv": [1, 11, 1.5, 11.5], "texture": "#0"},
				"up": {"uv": [1.5, 11, 1, 11.5], "rotation": 180, "texture": "#0"},
				"down": {"uv": [1, 11, 1.5, 11.5], "texture": "#0"}
			}
		},
		{
			"name": "glow_lichen_122",
			"from": [3, 3.5, 0],
			"to": [3.5, 5, 0.25],
			"rotation": {"angle": 0, "axis": "x", "origin": [8, 8, 8]},
			"faces": {
				"north": {"uv": [3, 12.5, 3.5, 11], "rotation": 180, "texture": "#0"},
				"south": {"uv": [3, 11, 3.5, 12.5], "texture": "#0"},
				"west": {"uv": [3, 11, 3.5, 12.5], "texture": "#0"},
				"up": {"uv": [3.5, 11, 3, 11.5], "rotation": 180, "texture": "#0"},
				"down": {"uv": [3, 12, 3.5, 12.5], "texture": "#0"}
			}
		},
		{
			"name": "glow_lichen_123",
			"from": [6, 4, 0],
			"to": [6.5, 5, 0.25],
			"rotation": {"angle": 0, "axis": "x", "origin": [8, 8, 8]},
			"faces": {
				"north": {"uv": [6, 12, 6.5, 11], "rotation": 180, "texture": "#0"},
				"east": {"uv": [6, 11, 6.5, 12], "texture": "#0"},
				"south": {"uv": [6, 11, 6.5, 12], "texture": "#0"},
				"west": {"uv": [6, 11, 6.5, 12], "texture": "#0"},
				"up": {"uv": [6.5, 11, 6, 11.5], "rotation": 180, "texture": "#0"},
				"down": {"uv": [6, 11.5, 6.5, 12], "texture": "#0"}
			}
		},
		{
			"name": "glow_lichen_124",
			"from": [14, 4, 0],
			"to": [14.5, 5, 0.25],
			"rotation": {"angle": 0, "axis": "x", "origin": [8, 8, 8]},
			"faces": {
				"north": {"uv": [14, 12, 14.5, 11], "rotation": 180, "texture": "#0"},
				"east": {"uv": [14, 11, 14.5, 12], "texture": "#0"},
				"south": {"uv": [14, 11, 14.5, 12], "texture": "#0"},
				"west": {"uv": [14, 11, 14.5, 12], "texture": "#0"},
				"up": {"uv": [14.5, 11, 14, 11.5], "rotation": 180, "texture": "#0"},
				"down": {"uv": [14, 11.5, 14.5, 12], "texture": "#0"}
			}
		},
		{
			"name": "glow_lichen_125",
			"from": [15, 4.5, 0],
			"to": [15.5, 5, 0.25],
			"rotation": {"angle": 0, "axis": "x", "origin": [8, 8, 8]},
			"faces": {
				"north": {"uv": [15, 11.5, 15.5, 11], "rotation": 180, "texture": "#0"},
				"east": {"uv": [15, 11, 15.5, 11.5], "texture": "#0"},
				"south": {"uv": [15, 11, 15.5, 11.5], "texture": "#0"},
				"west": {"uv": [15, 11, 15.5, 11.5], "texture": "#0"},
				"up": {"uv": [15.5, 11, 15, 11.5], "rotation": 180, "texture": "#0"},
				"down": {"uv": [15, 11, 15.5, 11.5], "texture": "#0"}
			}
		},
		{
			"name": "glow_lichen_126",
			"from": [6.5, 3.5, 0],
			"to": [7, 4.5, 0.25],
			"rotation": {"angle": 0, "axis": "x", "origin": [8, 8, 8]},
			"faces": {
				"north": {"uv": [6.5, 12.5, 7, 11.5], "rotation": 180, "texture": "#0"},
				"east": {"uv": [6.5, 11.5, 7, 12.5], "texture": "#0"},
				"south": {"uv": [6.5, 11.5, 7, 12.5], "texture": "#0"},
				"west": {"uv": [6.5, 11.5, 7, 12.5], "texture": "#0"},
				"up": {"uv": [7, 11.5, 6.5, 12], "rotation": 180, "texture": "#0"},
				"down": {"uv": [6.5, 12, 7, 12.5], "texture": "#0"}
			}
		},
		{
			"name": "glow_lichen_127",
			"from": [10, 3.5, 0],
			"to": [11, 4.5, 0.25],
			"rotation": {"angle": 0, "axis": "x", "origin": [8, 8, 8]},
			"faces": {
				"north": {"uv": [10, 12.5, 11, 11.5], "rotation": 180, "texture": "#0"},
				"east": {"uv": [10.5, 11.5, 11, 12.5], "texture": "#0"},
				"south": {"uv": [10, 11.5, 11, 12.5], "texture": "#0"},
				"west": {"uv": [10, 11.5, 10.5, 12.5], "texture": "#0"},
				"up": {"uv": [11, 11.5, 10, 12], "rotation": 180, "texture": "#0"},
				"down": {"uv": [10, 12, 11, 12.5], "texture": "#0"}
			}
		},
		{
			"name": "glow_lichen_128",
			"from": [14.5, 4, 0],
			"to": [15, 4.5, 0.25],
			"rotation": {"angle": 0, "axis": "x", "origin": [8, 8, 8]},
			"faces": {
				"north": {"uv": [14.5, 12, 15, 11.5], "rotation": 180, "texture": "#0"},
				"east": {"uv": [14.5, 11.5, 15, 12], "texture": "#0"},
				"south": {"uv": [14.5, 11.5, 15, 12], "texture": "#0"},
				"up": {"uv": [15, 11.5, 14.5, 12], "rotation": 180, "texture": "#0"},
				"down": {"uv": [14.5, 11.5, 15, 12], "texture": "#0"}
			}
		},
		{
			"name": "glow_lichen_129",
			"from": [7, 3, 0],
			"to": [7.5, 4, 0.25],
			"rotation": {"angle": 0, "axis": "x", "origin": [8, 8, 8]},
			"faces": {
				"north": {"uv": [7, 13, 7.5, 12], "rotation": 180, "texture": "#0"},
				"east": {"uv": [7, 12, 7.5, 13], "texture": "#0"},
				"south": {"uv": [7, 12, 7.5, 13], "texture": "#0"},
				"west": {"uv": [7, 12, 7.5, 13], "texture": "#0"},
				"up": {"uv": [7.5, 12, 7, 12.5], "rotation": 180, "texture": "#0"},
				"down": {"uv": [7, 12.5, 7.5, 13], "texture": "#0"}
			}
		},
		{
			"name": "glow_lichen_130",
			"from": [8, 3.5, 0],
			"to": [8.5, 4, 0.25],
			"rotation": {"angle": 0, "axis": "x", "origin": [8, 8, 8]},
			"faces": {
				"north": {"uv": [8, 12.5, 8.5, 12], "rotation": 180, "texture": "#0"},
				"east": {"uv": [8, 12, 8.5, 12.5], "texture": "#0"},
				"south": {"uv": [8, 12, 8.5, 12.5], "texture": "#0"},
				"west": {"uv": [8, 12, 8.5, 12.5], "texture": "#0"},
				"up": {"uv": [8.5, 12, 8, 12.5], "rotation": 180, "texture": "#0"},
				"down": {"uv": [8, 12, 8.5, 12.5], "texture": "#0"}
			}
		},
		{
			"name": "glow_lichen_131",
			"from": [11, 3.5, 0],
			"to": [12, 4, 0.25],
			"rotation": {"angle": 0, "axis": "x", "origin": [8, 8, 8]},
			"faces": {
				"north": {"uv": [11, 12.5, 12, 12], "rotation": 180, "texture": "#0"},
				"south": {"uv": [11, 12, 12, 12.5], "texture": "#0"},
				"up": {"uv": [12, 12, 11, 12.5], "rotation": 180, "texture": "#0"},
				"down": {"uv": [11, 12, 12, 12.5], "texture": "#0"}
			}
		},
		{
			"name": "glow_lichen_132",
			"from": [12.5, 3.5, 0],
			"to": [13, 4, 0.25],
			"rotation": {"angle": 0, "axis": "x", "origin": [8, 8, 8]},
			"faces": {
				"north": {"uv": [12.5, 12.5, 13, 12], "rotation": 180, "texture": "#0"},
				"east": {"uv": [12.5, 12, 13, 12.5], "texture": "#0"},
				"south": {"uv": [12.5, 12, 13, 12.5], "texture": "#0"},
				"down": {"uv": [12.5, 12, 13, 12.5], "texture": "#0"}
			}
		},
		{
			"name": "glow_lichen_133",
			"from": [0, 2, 0],
			"to": [0.5, 3.5, 0.25],
			"rotation": {"angle": 0, "axis": "x", "origin": [8, 8, 8]},
			"faces": {
				"north": {"uv": [0, 14, 0.5, 12.5], "rotation": 180, "texture": "#0"},
				"east": {"uv": [0, 12.5, 0.5, 14], "texture": "#0"},
				"south": {"uv": [0, 12.5, 0.5, 14], "texture": "#0"},
				"west": {"uv": [0, 12.5, 0.5, 14], "texture": "#0"},
				"up": {"uv": [0.5, 12.5, 0, 13], "rotation": 180, "texture": "#0"},
				"down": {"uv": [0, 13.5, 0.5, 14], "texture": "#0"}
			}
		},
		{
			"name": "glow_lichen_134",
			"from": [1, 3, 0],
			"to": [1.5, 3.5, 0.25],
			"rotation": {"angle": 0, "axis": "x", "origin": [8, 8, 8]},
			"faces": {
				"north": {"uv": [1, 13, 1.5, 12.5], "rotation": 180, "texture": "#0"},
				"east": {"uv": [1, 12.5, 1.5, 13], "texture": "#0"},
				"south": {"uv": [1, 12.5, 1.5, 13], "texture": "#0"},
				"west": {"uv": [1, 12.5, 1.5, 13], "texture": "#0"},
				"up": {"uv": [1.5, 12.5, 1, 13], "rotation": 180, "texture": "#0"},
				"down": {"uv": [1, 12.5, 1.5, 13], "texture": "#0"}
			}
		},
		{
			"name": "glow_lichen_135",
			"from": [4, 2, 0],
			"to": [4.5, 3.5, 0.25],
			"rotation": {"angle": 0, "axis": "x", "origin": [8, 8, 8]},
			"faces": {
				"north": {"uv": [4, 14, 4.5, 12.5], "rotation": 180, "texture": "#0"},
				"east": {"uv": [4, 12.5, 4.5, 14], "texture": "#0"},
				"south": {"uv": [4, 12.5, 4.5, 14], "texture": "#0"},
				"up": {"uv": [4.5, 12.5, 4, 13], "rotation": 180, "texture": "#0"},
				"down": {"uv": [4, 13.5, 4.5, 14], "texture": "#0"}
			}
		},
		{
			"name": "glow_lichen_136",
			"from": [7.5, 3, 0],
			"to": [8, 3.5, 0.25],
			"rotation": {"angle": 0, "axis": "x", "origin": [8, 8, 8]},
			"faces": {
				"north": {"uv": [7.5, 13, 8, 12.5], "rotation": 180, "texture": "#0"},
				"east": {"uv": [7.5, 12.5, 8, 13], "texture": "#0"},
				"south": {"uv": [7.5, 12.5, 8, 13], "texture": "#0"},
				"up": {"uv": [8, 12.5, 7.5, 13], "rotation": 180, "texture": "#0"},
				"down": {"uv": [7.5, 12.5, 8, 13], "texture": "#0"}
			}
		},
		{
			"name": "glow_lichen_137",
			"from": [10.5, 3, 0],
			"to": [11.5, 3.5, 0.25],
			"rotation": {"angle": 0, "axis": "x", "origin": [8, 8, 8]},
			"faces": {
				"north": {"uv": [10.5, 13, 11.5, 12.5], "rotation": 180, "texture": "#0"},
				"east": {"uv": [11, 12.5, 11.5, 13], "texture": "#0"},
				"south": {"uv": [10.5, 12.5, 11.5, 13], "texture": "#0"},
				"west": {"uv": [10.5, 12.5, 11, 13], "texture": "#0"},
				"down": {"uv": [10.5, 12.5, 11.5, 13], "texture": "#0"}
			}
		},
		{
			"name": "glow_lichen_138",
			"from": [14, 3, 0],
			"to": [14.5, 3.5, 0.25],
			"rotation": {"angle": 0, "axis": "x", "origin": [8, 8, 8]},
			"faces": {
				"north": {"uv": [14, 13, 14.5, 12.5], "rotation": 180, "texture": "#0"},
				"east": {"uv": [14, 12.5, 14.5, 13], "texture": "#0"},
				"south": {"uv": [14, 12.5, 14.5, 13], "texture": "#0"},
				"west": {"uv": [14, 12.5, 14.5, 13], "texture": "#0"},
				"up": {"uv": [14.5, 12.5, 14, 13], "rotation": 180, "texture": "#0"},
				"down": {"uv": [14, 12.5, 14.5, 13], "texture": "#0"}
			}
		},
		{
			"name": "glow_lichen_139",
			"from": [0.5, 2.5, 0],
			"to": [1, 3, 0.25],
			"rotation": {"angle": 0, "axis": "x", "origin": [8, 8, 8]},
			"faces": {
				"north": {"uv": [0.5, 13.5, 1, 13], "rotation": 180, "texture": "#0"},
				"east": {"uv": [0.5, 13, 1, 13.5], "texture": "#0"},
				"south": {"uv": [0.5, 13, 1, 13.5], "texture": "#0"},
				"up": {"uv": [1, 13, 0.5, 13.5], "rotation": 180, "texture": "#0"},
				"down": {"uv": [0.5, 13, 1, 13.5], "texture": "#0"}
			}
		},
		{
			"name": "glow_lichen_140",
			"from": [3, 1, 0],
			"to": [3.5, 3, 0.25],
			"rotation": {"angle": 0, "axis": "x", "origin": [8, 8, 8]},
			"faces": {
				"north": {"uv": [3, 15, 3.5, 13], "rotation": 180, "texture": "#0"},
				"east": {"uv": [3, 13, 3.5, 15], "texture": "#0"},
				"south": {"uv": [3, 13, 3.5, 15], "texture": "#0"},
				"west": {"uv": [3, 13, 3.5, 15], "texture": "#0"},
				"up": {"uv": [3.5, 13, 3, 13.5], "rotation": 180, "texture": "#0"},
				"down": {"uv": [3, 14.5, 3.5, 15], "texture": "#0"}
			}
		},
		{
			"name": "glow_lichen_141",
			"from": [4.5, 2.5, 0],
			"to": [5, 3, 0.25],
			"rotation": {"angle": 0, "axis": "x", "origin": [8, 8, 8]},
			"faces": {
				"north": {"uv": [4.5, 13.5, 5, 13], "rotation": 180, "texture": "#0"},
				"east": {"uv": [4.5, 13, 5, 13.5], "texture": "#0"},
				"south": {"uv": [4.5, 13, 5, 13.5], "texture": "#0"},
				"up": {"uv": [5, 13, 4.5, 13.5], "rotation": 180, "texture": "#0"},
				"down": {"uv": [4.5, 13, 5, 13.5], "texture": "#0"}
			}
		},
		{
			"name": "glow_lichen_142",
			"from": [6, 2.5, 0],
			"to": [6.5, 3, 0.25],
			"rotation": {"angle": 0, "axis": "x", "origin": [8, 8, 8]},
			"faces": {
				"north": {"uv": [6, 13.5, 6.5, 13], "rotation": 180, "texture": "#0"},
				"east": {"uv": [6, 13, 6.5, 13.5], "texture": "#0"},
				"south": {"uv": [6, 13, 6.5, 13.5], "texture": "#0"},
				"west": {"uv": [6, 13, 6.5, 13.5], "texture": "#0"},
				"up": {"uv": [6.5, 13, 6, 13.5], "rotation": 180, "texture": "#0"},
				"down": {"uv": [6, 13, 6.5, 13.5], "texture": "#0"}
			}
		},
		{
			"name": "glow_lichen_143",
			"from": [9.5, 2.5, 0],
			"to": [11, 3, 0.25],
			"rotation": {"angle": 0, "axis": "x", "origin": [8, 8, 8]},
			"faces": {
				"north": {"uv": [9.5, 13.5, 11, 13], "rotation": 180, "texture": "#0"},
				"east": {"uv": [10.5, 13, 11, 13.5], "texture": "#0"},
				"south": {"uv": [9.5, 13, 11, 13.5], "texture": "#0"},
				"west": {"uv": [9.5, 13, 10, 13.5], "texture": "#0"},
				"up": {"uv": [11, 13, 9.5, 13.5], "rotation": 180, "texture": "#0"},
				"down": {"uv": [9.5, 13, 11, 13.5], "texture": "#0"}
			}
		},
		{
			"name": "glow_lichen_144",
			"from": [13.5, 2, 0],
			"to": [14, 3, 0.25],
			"rotation": {"angle": 0, "axis": "x", "origin": [8, 8, 8]},
			"faces": {
				"north": {"uv": [13.5, 14, 14, 13], "rotation": 180, "texture": "#0"},
				"east": {"uv": [13.5, 13, 14, 14], "texture": "#0"},
				"south": {"uv": [13.5, 13, 14, 14], "texture": "#0"},
				"west": {"uv": [13.5, 13, 14, 14], "texture": "#0"},
				"up": {"uv": [14, 13, 13.5, 13.5], "rotation": 180, "texture": "#0"},
				"down": {"uv": [13.5, 13.5, 14, 14], "texture": "#0"}
			}
		},
		{
			"name": "glow_lichen_145",
			"from": [15, 2.5, 0],
			"to": [15.5, 3, 0.25],
			"rotation": {"angle": 0, "axis": "x", "origin": [8, 8, 8]},
			"faces": {
				"north": {"uv": [15, 13.5, 15.5, 13], "rotation": 180, "texture": "#0"},
				"east": {"uv": [15, 13, 15.5, 13.5], "texture": "#0"},
				"south": {"uv": [15, 13, 15.5, 13.5], "texture": "#0"},
				"west": {"uv": [15, 13, 15.5, 13.5], "texture": "#0"},
				"up": {"uv": [15.5, 13, 15, 13.5], "rotation": 180, "texture": "#0"},
				"down": {"uv": [15, 13, 15.5, 13.5], "texture": "#0"}
			}
		},
		{
			"name": "glow_lichen_146",
			"from": [2.5, 2, 0],
			"to": [3, 2.5, 0.25],
			"rotation": {"angle": 0, "axis": "x", "origin": [8, 8, 8]},
			"faces": {
				"north": {"uv": [2.5, 14, 3, 13.5], "rotation": 180, "texture": "#0"},
				"south": {"uv": [2.5, 13.5, 3, 14], "texture": "#0"},
				"west": {"uv": [2.5, 13.5, 3, 14], "texture": "#0"},
				"up": {"uv": [3, 13.5, 2.5, 14], "rotation": 180, "texture": "#0"},
				"down": {"uv": [2.5, 13.5, 3, 14], "texture": "#0"}
			}
		},
		{
			"name": "glow_lichen_147",
			"from": [6.5, 2, 0],
			"to": [7.5, 2.5, 0.25],
			"rotation": {"angle": 0, "axis": "x", "origin": [8, 8, 8]},
			"faces": {
				"north": {"uv": [6.5, 14, 7.5, 13.5], "rotation": 180, "texture": "#0"},
				"east": {"uv": [7, 13.5, 7.5, 14], "texture": "#0"},
				"south": {"uv": [6.5, 13.5, 7.5, 14], "texture": "#0"},
				"west": {"uv": [6.5, 13.5, 7, 14], "texture": "#0"},
				"up": {"uv": [7.5, 13.5, 6.5, 14], "rotation": 180, "texture": "#0"},
				"down": {"uv": [6.5, 13.5, 7.5, 14], "texture": "#0"}
			}
		},
		{
			"name": "glow_lichen_148",
			"from": [8.5, 2, 0],
			"to": [10, 2.5, 0.25],
			"rotation": {"angle": 0, "axis": "x", "origin": [8, 8, 8]},
			"faces": {
				"north": {"uv": [8.5, 14, 10, 13.5], "rotation": 180, "texture": "#0"},
				"east": {"uv": [9.5, 13.5, 10, 14], "texture": "#0"},
				"south": {"uv": [8.5, 13.5, 10, 14], "texture": "#0"},
				"west": {"uv": [8.5, 13.5, 9, 14], "texture": "#0"},
				"up": {"uv": [10, 13.5, 8.5, 14], "rotation": 180, "texture": "#0"},
				"down": {"uv": [8.5, 13.5, 10, 14], "texture": "#0"}
			}
		},
		{
			"name": "glow_lichen_149",
			"from": [13, 0, 0],
			"to": [13.5, 2.5, 0.25],
			"rotation": {"angle": 0, "axis": "x", "origin": [8, 8, 8]},
			"faces": {
				"north": {"uv": [13, 16, 13.5, 13.5], "rotation": 180, "texture": "#0"},
				"east": {"uv": [13, 13.5, 13.5, 16], "texture": "#0"},
				"south": {"uv": [13, 13.5, 13.5, 16], "texture": "#0"},
				"west": {"uv": [13, 13.5, 13.5, 16], "texture": "#0"},
				"up": {"uv": [13.5, 13.5, 13, 14], "rotation": 180, "texture": "#0"},
				"down": {"uv": [13, 15.5, 13.5, 16], "texture": "#0"}
			}
		},
		{
			"name": "glow_lichen_150",
			"from": [15.5, 1, 0],
			"to": [16, 2.5, 0.25],
			"rotation": {"angle": 0, "axis": "x", "origin": [8, 8, 8]},
			"faces": {
				"north": {"uv": [15.5, 15, 16, 13.5], "rotation": 180, "texture": "#0"},
				"east": {"uv": [15.5, 13.5, 16, 15], "texture": "#0"},
				"south": {"uv": [15.5, 13.5, 16, 15], "texture": "#0"},
				"west": {"uv": [15.5, 13.5, 16, 15], "texture": "#0"},
				"up": {"uv": [16, 13.5, 15.5, 14], "rotation": 180, "texture": "#0"},
				"down": {"uv": [15.5, 14.5, 16, 15], "texture": "#0"}
			}
		},
		{
			"name": "glow_lichen_151",
			"from": [7, 1, 0],
			"to": [8.5, 2, 0.25],
			"rotation": {"angle": 0, "axis": "x", "origin": [8, 8, 8]},
			"faces": {
				"north": {"uv": [7, 15, 8.5, 14], "rotation": 180, "texture": "#0"},
				"east": {"uv": [8, 14, 8.5, 15], "texture": "#0"},
				"south": {"uv": [7, 14, 8.5, 15], "texture": "#0"},
				"west": {"uv": [7, 14, 7.5, 15], "texture": "#0"},
				"up": {"uv": [8.5, 14, 7, 14.5], "rotation": 180, "texture": "#0"},
				"down": {"uv": [7, 14.5, 8.5, 15], "texture": "#0"}
			}
		},
		{
			"name": "glow_lichen_152",
			"from": [8.5, 1.5, 0],
			"to": [9, 2, 0.25],
			"rotation": {"angle": 0, "axis": "x", "origin": [8, 8, 8]},
			"faces": {
				"north": {"uv": [8.5, 14.5, 9, 14], "rotation": 180, "texture": "#0"},
				"east": {"uv": [8.5, 14, 9, 14.5], "texture": "#0"},
				"south": {"uv": [8.5, 14, 9, 14.5], "texture": "#0"},
				"down": {"uv": [8.5, 14, 9, 14.5], "texture": "#0"}
			}
		},
		{
			"name": "glow_lichen_153",
			"from": [11.5, 1.5, 0],
			"to": [12, 2, 0.25],
			"rotation": {"angle": 0, "axis": "x", "origin": [8, 8, 8]},
			"faces": {
				"north": {"uv": [11.5, 14.5, 12, 14], "rotation": 180, "texture": "#0"},
				"east": {"uv": [11.5, 14, 12, 14.5], "texture": "#0"},
				"south": {"uv": [11.5, 14, 12, 14.5], "texture": "#0"},
				"west": {"uv": [11.5, 14, 12, 14.5], "texture": "#0"},
				"up": {"uv": [12, 14, 11.5, 14.5], "rotation": 180, "texture": "#0"},
				"down": {"uv": [11.5, 14, 12, 14.5], "texture": "#0"}
			}
		},
		{
			"name": "glow_lichen_154",
			"from": [12.5, 1, 0],
			"to": [13, 2, 0.25],
			"rotation": {"angle": 0, "axis": "x", "origin": [8, 8, 8]},
			"faces": {
				"north": {"uv": [12.5, 15, 13, 14], "rotation": 180, "texture": "#0"},
				"south": {"uv": [12.5, 14, 13, 15], "texture": "#0"},
				"west": {"uv": [12.5, 14, 13, 15], "texture": "#0"},
				"up": {"uv": [13, 14, 12.5, 14.5], "rotation": 180, "texture": "#0"},
				"down": {"uv": [12.5, 14.5, 13, 15], "texture": "#0"}
			}
		},
		{
			"name": "glow_lichen_155",
			"from": [15, 0.5, 0],
			"to": [15.5, 2, 0.25],
			"rotation": {"angle": 0, "axis": "x", "origin": [8, 8, 8]},
			"faces": {
				"north": {"uv": [15, 15.5, 15.5, 14], "rotation": 180, "texture": "#0"},
				"east": {"uv": [15, 14, 15.5, 15.5], "texture": "#0"},
				"south": {"uv": [15, 14, 15.5, 15.5], "texture": "#0"},
				"west": {"uv": [15, 14, 15.5, 15.5], "texture": "#0"},
				"up": {"uv": [15.5, 14, 15, 14.5], "rotation": 180, "texture": "#0"},
				"down": {"uv": [15, 15, 15.5, 15.5], "texture": "#0"}
			}
		},
		{
			"name": "glow_lichen_156",
			"from": [1, 1, 0],
			"to": [1.5, 1.5, 0.25],
			"rotation": {"angle": 0, "axis": "x", "origin": [8, 8, 8]},
			"faces": {
				"north": {"uv": [1, 15, 1.5, 14.5], "rotation": 180, "texture": "#0"},
				"east": {"uv": [1, 14.5, 1.5, 15], "texture": "#0"},
				"south": {"uv": [1, 14.5, 1.5, 15], "texture": "#0"},
				"west": {"uv": [1, 14.5, 1.5, 15], "texture": "#0"},
				"up": {"uv": [1.5, 14.5, 1, 15], "rotation": 180, "texture": "#0"},
				"down": {"uv": [1, 14.5, 1.5, 15], "texture": "#0"}
			}
		},
		{
			"name": "glow_lichen_157",
			"from": [2.5, 0, 0],
			"to": [3, 1.5, 0.25],
			"rotation": {"angle": 0, "axis": "x", "origin": [8, 8, 8]},
			"faces": {
				"north": {"uv": [2.5, 16, 3, 14.5], "rotation": 180, "texture": "#0"},
				"east": {"uv": [2.5, 14.5, 3, 16], "texture": "#0"},
				"south": {"uv": [2.5, 14.5, 3, 16], "texture": "#0"},
				"west": {"uv": [2.5, 14.5, 3, 16], "texture": "#0"},
				"up": {"uv": [3, 14.5, 2.5, 15], "rotation": 180, "texture": "#0"},
				"down": {"uv": [2.5, 15.5, 3, 16], "texture": "#0"}
			}
		},
		{
			"name": "glow_lichen_158",
			"from": [6, 1, 0],
			"to": [7, 1.5, 0.25],
			"rotation": {"angle": 0, "axis": "x", "origin": [8, 8, 8]},
			"faces": {
				"north": {"uv": [6, 15, 7, 14.5], "rotation": 180, "texture": "#0"},
				"south": {"uv": [6, 14.5, 7, 15], "texture": "#0"},
				"west": {"uv": [6, 14.5, 6.5, 15], "texture": "#0"},
				"up": {"uv": [7, 14.5, 6, 15], "rotation": 180, "texture": "#0"},
				"down": {"uv": [6, 14.5, 7, 15], "texture": "#0"}
			}
		},
		{
			"name": "glow_lichen_159",
			"from": [12, 1, 0],
			"to": [12.5, 1.5, 0.25],
			"rotation": {"angle": 0, "axis": "x", "origin": [8, 8, 8]},
			"faces": {
				"north": {"uv": [12, 15, 12.5, 14.5], "rotation": 180, "texture": "#0"},
				"south": {"uv": [12, 14.5, 12.5, 15], "texture": "#0"},
				"west": {"uv": [12, 14.5, 12.5, 15], "texture": "#0"},
				"up": {"uv": [12.5, 14.5, 12, 15], "rotation": 180, "texture": "#0"},
				"down": {"uv": [12, 14.5, 12.5, 15], "texture": "#0"}
			}
		},
		{
			"name": "glow_lichen_160",
			"from": [13.5, 0, 0],
			"to": [14, 1.5, 0.25],
			"rotation": {"angle": 0, "axis": "x", "origin": [8, 8, 8]},
			"faces": {
				"north": {"uv": [13.5, 16, 14, 14.5], "rotation": 180, "texture": "#0"},
				"east": {"uv": [13.5, 14.5, 14, 16], "texture": "#0"},
				"south": {"uv": [13.5, 14.5, 14, 16], "texture": "#0"},
				"up": {"uv": [14, 14.5, 13.5, 15], "rotation": 180, "texture": "#0"},
				"down": {"uv": [13.5, 15.5, 14, 16], "texture": "#0"}
			}
		},
		{
			"name": "glow_lichen_161",
			"from": [14.5, 0.5, 0],
			"to": [15, 1.5, 0.25],
			"rotation": {"angle": 0, "axis": "x", "origin": [8, 8, 8]},
			"faces": {
				"north": {"uv": [14.5, 15.5, 15, 14.5], "rotation": 180, "texture": "#0"},
				"south": {"uv": [14.5, 14.5, 15, 15.5], "texture": "#0"},
				"west": {"uv": [14.5, 14.5, 15, 15.5], "texture": "#0"},
				"up": {"uv": [15, 14.5, 14.5, 15], "rotation": 180, "texture": "#0"},
				"down": {"uv": [14.5, 15, 15, 15.5], "texture": "#0"}
			}
		},
		{
			"name": "glow_lichen_162",
			"from": [0, 0.5, 0],
			"to": [0.5, 1, 0.25],
			"rotation": {"angle": 0, "axis": "x", "origin": [8, 8, 8]},
			"faces": {
				"north": {"uv": [0, 15.5, 0.5, 15], "rotation": 180, "texture": "#0"},
				"east": {"uv": [0, 15, 0.5, 15.5], "texture": "#0"},
				"south": {"uv": [0, 15, 0.5, 15.5], "texture": "#0"},
				"west": {"uv": [0, 15, 0.5, 15.5], "texture": "#0"},
				"up": {"uv": [0.5, 15, 0, 15.5], "rotation": 180, "texture": "#0"},
				"down": {"uv": [0, 15, 0.5, 15.5], "texture": "#0"}
			}
		},
		{
			"name": "glow_lichen_163",
			"from": [1.5, 0.5, 0],
			"to": [2.5, 1, 0.25],
			"rotation": {"angle": 0, "axis": "x", "origin": [8, 8, 8]},
			"faces": {
				"north": {"uv": [1.5, 15.5, 2.5, 15], "rotation": 180, "texture": "#0"},
				"south": {"uv": [1.5, 15, 2.5, 15.5], "texture": "#0"},
				"west": {"uv": [1.5, 15, 2, 15.5], "texture": "#0"},
				"up": {"uv": [2.5, 15, 1.5, 15.5], "rotation": 180, "texture": "#0"},
				"down": {"uv": [1.5, 15, 2.5, 15.5], "texture": "#0"}
			}
		},
		{
			"name": "glow_lichen_164",
			"from": [5.5, 0.5, 0],
			"to": [6.5, 1, 0.25],
			"rotation": {"angle": 0, "axis": "x", "origin": [8, 8, 8]},
			"faces": {
				"north": {"uv": [5.5, 15.5, 6.5, 15], "rotation": 180, "texture": "#0"},
				"east": {"uv": [6, 15, 6.5, 15.5], "texture": "#0"},
				"south": {"uv": [5.5, 15, 6.5, 15.5], "texture": "#0"},
				"west": {"uv": [5.5, 15, 6, 15.5], "texture": "#0"},
				"up": {"uv": [6.5, 15, 5.5, 15.5], "rotation": 180, "texture": "#0"},
				"down": {"uv": [5.5, 15, 6.5, 15.5], "texture": "#0"}
			}
		},
		{
			"name": "glow_lichen_165",
			"from": [7.5, 0.5, 0],
			"to": [8, 1, 0.25],
			"rotation": {"angle": 0, "axis": "x", "origin": [8, 8, 8]},
			"faces": {
				"north": {"uv": [7.5, 15.5, 8, 15], "rotation": 180, "texture": "#0"},
				"east": {"uv": [7.5, 15, 8, 15.5], "texture": "#0"},
				"south": {"uv": [7.5, 15, 8, 15.5], "texture": "#0"},
				"west": {"uv": [7.5, 15, 8, 15.5], "texture": "#0"},
				"down": {"uv": [7.5, 15, 8, 15.5], "texture": "#0"}
			}
		},
		{
			"name": "glow_lichen_166",
			"from": [11, 0.5, 0],
			"to": [12, 1, 0.25],
			"rotation": {"angle": 0, "axis": "x", "origin": [8, 8, 8]},
			"faces": {
				"north": {"uv": [11, 15.5, 12, 15], "rotation": 180, "texture": "#0"},
				"east": {"uv": [11.5, 15, 12, 15.5], "texture": "#0"},
				"south": {"uv": [11, 15, 12, 15.5], "texture": "#0"},
				"west": {"uv": [11, 15, 11.5, 15.5], "texture": "#0"},
				"up": {"uv": [12, 15, 11, 15.5], "rotation": 180, "texture": "#0"},
				"down": {"uv": [11, 15, 12, 15.5], "texture": "#0"}
			}
		},
		{
			"name": "glow_lichen_167",
			"from": [14, 0, 0],
			"to": [14.5, 1, 0.25],
			"rotation": {"angle": 0, "axis": "x", "origin": [8, 8, 8]},
			"faces": {
				"north": {"uv": [14, 16, 14.5, 15], "rotation": 180, "texture": "#0"},
				"east": {"uv": [14, 15, 14.5, 16], "texture": "#0"},
				"south": {"uv": [14, 15, 14.5, 16], "texture": "#0"},
				"up": {"uv": [14.5, 15, 14, 15.5], "rotation": 180, "texture": "#0"},
				"down": {"uv": [14, 15.5, 14.5, 16], "texture": "#0"}
			}
		},
		{
			"name": "glow_lichen_168",
			"from": [2, 0, 0],
			"to": [2.5, 0.5, 0.25],
			"rotation": {"angle": 0, "axis": "x", "origin": [8, 8, 8]},
			"faces": {
				"north": {"uv": [2, 16, 2.5, 15.5], "rotation": 180, "texture": "#0"},
				"south": {"uv": [2, 15.5, 2.5, 16], "texture": "#0"},
				"west": {"uv": [2, 15.5, 2.5, 16], "texture": "#0"},
				"down": {"uv": [2, 15.5, 2.5, 16], "texture": "#0"}
			}
		},
		{
			"name": "glow_lichen_169",
			"from": [3, 0, 0],
			"to": [3.5, 0.5, 0.25],
			"rotation": {"angle": 0, "axis": "x", "origin": [8, 8, 8]},
			"faces": {
				"north": {"uv": [3, 16, 3.5, 15.5], "rotation": 180, "texture": "#0"},
				"east": {"uv": [3, 15.5, 3.5, 16], "texture": "#0"},
				"south": {"uv": [3, 15.5, 3.5, 16], "texture": "#0"},
				"up": {"uv": [3.5, 15.5, 3, 16], "rotation": 180, "texture": "#0"},
				"down": {"uv": [3, 15.5, 3.5, 16], "texture": "#0"}
			}
		},
		{
			"name": "glow_lichen_170",
			"from": [5, 0, 0],
			"to": [5.5, 0.5, 0.25],
			"rotation": {"angle": 0, "axis": "x", "origin": [8, 8, 8]},
			"faces": {
				"north": {"uv": [5, 16, 5.5, 15.5], "rotation": 180, "texture": "#0"},
				"east": {"uv": [5, 15.5, 5.5, 16], "texture": "#0"},
				"south": {"uv": [5, 15.5, 5.5, 16], "texture": "#0"},
				"west": {"uv": [5, 15.5, 5.5, 16], "texture": "#0"},
				"up": {"uv": [5.5, 15.5, 5, 16], "rotation": 180, "texture": "#0"},
				"down": {"uv": [5, 15.5, 5.5, 16], "texture": "#0"}
			}
		},
		{
			"name": "glow_lichen_171",
			"from": [8, 0, 0],
			"to": [8.5, 0.5, 0.25],
			"rotation": {"angle": 0, "axis": "x", "origin": [8, 8, 8]},
			"faces": {
				"north": {"uv": [8, 16, 8.5, 15.5], "rotation": 180, "texture": "#0"},
				"east": {"uv": [8, 15.5, 8.5, 16], "texture": "#0"},
				"south": {"uv": [8, 15.5, 8.5, 16], "texture": "#0"},
				"west": {"uv": [8, 15.5, 8.5, 16], "texture": "#0"},
				"up": {"uv": [8.5, 15.5, 8, 16], "rotation": 180, "texture": "#0"},
				"down": {"uv": [8, 15.5, 8.5, 16], "texture": "#0"}
			}
		},
		{
			"name": "glow_lichen_172",
			"from": [10.5, 0, 0],
			"to": [11, 0.5, 0.25],
			"rotation": {"angle": 0, "axis": "x", "origin": [8, 8, 8]},
			"faces": {
				"north": {"uv": [10.5, 16, 11, 15.5], "rotation": 180, "texture": "#0"},
				"east": {"uv": [10.5, 15.5, 11, 16], "texture": "#0"},
				"south": {"uv": [10.5, 15.5, 11, 16], "texture": "#0"},
				"west": {"uv": [10.5, 15.5, 11, 16], "texture": "#0"},
				"up": {"uv": [11, 15.5, 10.5, 16], "rotation": 180, "texture": "#0"},
				"down": {"uv": [10.5, 15.5, 11, 16], "texture": "#0"}
			}
		},
		{
			"name": "glow_lichen_173",
			"from": [12.5, 0, 0],
			"to": [13, 0.5, 0.25],
			"rotation": {"angle": 0, "axis": "x", "origin": [8, 8, 8]},
			"faces": {
				"north": {"uv": [12.5, 16, 13, 15.5], "rotation": 180, "texture": "#0"},
				"south": {"uv": [12.5, 15.5, 13, 16], "texture": "#0"},
				"west": {"uv": [12.5, 15.5, 13, 16], "texture": "#0"},
				"up": {"uv": [13, 15.5, 12.5, 16], "rotation": 180, "texture": "#0"},
				"down": {"uv": [12.5, 15.5, 13, 16], "texture": "#0"}
			}
		},
		{
			"name": "glow_lichen_174",
			"from": [15.5, 0, 0],
			"to": [16, 0.5, 0.25],
			"rotation": {"angle": 0, "axis": "x", "origin": [8, 8, 8]},
			"faces": {
				"north": {"uv": [15.5, 16, 16, 15.5], "rotation": 180, "texture": "#0"},
				"east": {"uv": [15.5, 15.5, 16, 16], "texture": "#0"},
				"south": {"uv": [15.5, 15.5, 16, 16], "texture": "#0"},
				"west": {"uv": [15.5, 15.5, 16, 16], "texture": "#0"},
				"up": {"uv": [16, 15.5, 15.5, 16], "rotation": 180, "texture": "#0"},
				"down": {"uv": [15.5, 15.5, 16, 16], "texture": "#0"}
			}
		}
	],
	"groups": [
		{
			"name": "glow_lichen",
			"origin": [8, 8, 8],
			"color": 0,
			"children": [0, 1, 2, 3, 4, 5, 6, 7, 8, 9, 10, 11, 12, 13, 14, 15, 16, 17, 18, 19, 20, 21, 22, 23, 24, 25, 26, 27, 28, 29, 30, 31, 32, 33, 34, 35, 36, 37, 38, 39, 40, 41, 42, 43, 44, 45, 46, 47, 48, 49, 50, 51, 52, 53, 54, 55, 56, 57, 58, 59, 60, 61, 62, 63, 64, 65, 66, 67, 68, 69, 70, 71, 72, 73, 74, 75, 76, 77, 78, 79, 80, 81, 82, 83, 84, 85, 86, 87, 88, 89, 90, 91, 92, 93, 94, 95, 96, 97, 98, 99, 100, 101, 102, 103, 104, 105, 106, 107, 108, 109, 110, 111, 112, 113, 114, 115, 116, 117, 118, 119, 120, 121, 122, 123, 124, 125, 126, 127, 128, 129, 130, 131, 132, 133, 134, 135, 136, 137, 138, 139, 140, 141, 142, 143, 144, 145, 146, 147, 148, 149, 150, 151, 152, 153, 154, 155, 156, 157, 158, 159, 160, 161, 162, 163, 164, 165, 166, 167, 168, 169, 170, 171, 172, 173, 174, 175, 176, 177, 178, 179, 180, 181, 182, 183, 184, 185, 186, 187, 188, 189]
		}
	]
}