{
	"credit": "Made with Blockbench",
	"ambientocclusion": false,
	"textures": {
		"0": "block/warped_roots",
		"particle": "block/warped_roots"
	},
	"elements": [
		{
			"from": [3.5, 9, 4.5],
			"to": [5.5, 11.5, 6.5],
			"rotation": {"angle": 22.5, "axis": "y", "origin": [4.5, 10.25, 5.5]},
			"faces": {
				"north": {"uv": [4.5, 4.5, 2.5, 7], "texture": "#0"},
				"east": {"uv": [2.5, 4.5, 4.5, 7], "texture": "#0"},
				"south": {"uv": [4.5, 4.5, 2.5, 7], "texture": "#0"},
				"west": {"uv": [2.5, 4.5, 4.5, 7], "texture": "#0"},
				"up": {"uv": [2.5, 4.5, 4.5, 6.5], "texture": "#0"},
				"down": {"uv": [2.5, 6.5, 4.5, 7], "texture": "#0"}
			}
		},
		{
			"from": [2.75, 0, 5.5],
			"to": [4.75, 9, 5.5],
			"rotation": {"angle": 22.5, "axis": "y", "origin": [4.5, 10.25, 5.5]},
			"faces": {
				"north": {"uv": [4, 7, 2, 16], "texture": "#0"},
				"south": {"uv": [2, 7, 4, 16], "texture": "#0"}
			}
		},
		{
			"from": [5.5, 9.25, 4.5],
			"to": [5.75, 11.25, 6.5],
			"rotation": {"angle": 22.5, "axis": "y", "origin": [4.5, 10.25, 5.5]},
			"faces": {
				"north": {"uv": [4, 4.5, 4.25, 6.5], "texture": "#0"},
				"east": {"uv": [2.5, 4.5, 4.5, 6.5], "texture": "#0"},
				"south": {"uv": [2.5, 4.5, 2.75, 6.5], "texture": "#0"},
				"up": {"uv": [4.5, 4.5, 2.5, 4.75], "rotation": 90, "texture": "#0"},
				"down": {"uv": [4.5, 6, 2.5, 6.25], "rotation": 270, "texture": "#0"}
			}
		},
		{
			"from": [3.25, 9.25, 4.5],
			"to": [3.5, 11.25, 6.5],
			"rotation": {"angle": 22.5, "axis": "y", "origin": [4.5, 10.25, 5.5]},
			"faces": {
				"north": {"uv": [2.5, 4.5, 2.75, 6.5], "texture": "#0"},
				"south": {"uv": [4, 4.5, 4.25, 6.5], "texture": "#0"},
				"west": {"uv": [2.5, 4.5, 4.5, 6.5], "texture": "#0"},
				"up": {"uv": [4.5, 4.5, 2.5, 4.75], "rotation": 270, "texture": "#0"},
				"down": {"uv": [4.5, 6, 2.5, 6.25], "rotation": 90, "texture": "#0"}
			}
		},
		{
			"from": [3.5, 9.25, 4.25],
			"to": [5.5, 11.25, 4.5],
			"rotation": {"angle": 22.5, "axis": "y", "origin": [4.5, 10.25, 5.5]},
			"faces": {
				"north": {"uv": [4.5, 4.5, 2.5, 6.5], "texture": "#0"},
				"east": {"uv": [4, 4.5, 4.25, 6.5], "texture": "#0"},
				"west": {"uv": [2.5, 4.5, 2.75, 6.5], "texture": "#0"},
				"up": {"uv": [2.5, 4.5, 4.5, 4.75], "texture": "#0"},
				"down": {"uv": [2.5, 6, 4.5, 6.25], "texture": "#0"}
			}
		},
		{
			"from": [3.5, 9.25, 6.5],
			"to": [5.5, 11.25, 6.75],
			"rotation": {"angle": 22.5, "axis": "y", "origin": [4.5, 10.25, 5.5]},
			"faces": {
				"east": {"uv": [2.5, 4.5, 2.75, 6.5], "texture": "#0"},
				"south": {"uv": [4.5, 4.5, 2.5, 6.5], "texture": "#0"},
				"west": {"uv": [4, 4.5, 4.25, 6.5], "texture": "#0"},
				"up": {"uv": [4.5, 4.5, 2.5, 4.75], "texture": "#0"},
				"down": {"uv": [4.5, 6, 2.5, 6.25], "texture": "#0"}
			}
		},
		{
			"from": [7.21512, 0, 7.02372],
			"to": [7.21512, 12, 9.02372],
			"rotation": {"angle": -22.5, "axis": "y", "origin": [7.21512, 8.625, 7.39872]},
			"faces": {
				"east": {"uv": [5, 4, 7, 16], "texture": "#0"},
				"west": {"uv": [7, 4, 5, 16], "texture": "#0"}
			}
		},
		{
			"from": [10.44045, 0, 10.46231],
			"to": [10.44045, 10, 12.46231],
			"rotation": {"angle": 45, "axis": "y", "origin": [10.44045, 4, 11.46231]},
			"faces": {
				"east": {"uv": [5, 4, 7, 14], "texture": "#0"},
				"west": {"uv": [7, 4, 5, 14], "texture": "#0"}
			}
		},
		{
			"from": [7.21512, 11, 6.52372],
			"to": [7.21512, 11.5, 7.02372],
			"rotation": {"angle": -22.5, "axis": "y", "origin": [7.21512, 8.625, 7.39872]},
			"faces": {
				"east": {"uv": [7, 4.5, 7.5, 5], "texture": "#0"},
				"west": {"uv": [7, 4.5, 7.5, 5], "texture": "#0"}
			}
		},
		{
			"from": [8.73, 0, 8.05],
			"to": [12.23, 12, 8.05],
			"rotation": {"angle": -22.5, "axis": "y", "origin": [9.89, 6.985, 8.16]},
			"faces": {
				"north": {"uv": [11, 4, 7.5, 16], "texture": "#0"},
				"south": {"uv": [7.5, 4, 11, 16], "texture": "#0"}
			}
		},
		{
			"from": [9.48, 11.75, 7.55],
			"to": [9.98, 12, 8.05],
			"rotation": {"angle": -22.5, "axis": "y", "origin": [9.89, 6.985, 8.16]},
			"faces": {
				"north": {"uv": [8.5, 4, 9, 4.5], "texture": "#0"},
				"east": {"uv": [8.5, 4, 9, 4.5], "texture": "#0"},
				"west": {"uv": [8.5, 4, 9, 4.5], "texture": "#0"},
				"up": {"uv": [8.5, 4, 9, 4.5], "rotation": 270, "texture": "#0"},
				"down": {"uv": [8.5, 4, 9, 4.5], "rotation": 90, "texture": "#0"}
			}
		},
		{
			"from": [10.96538, 12.25, 6.79323],
			"to": [11.21538, 14.25, 8.79323],
			"rotation": {"angle": 45, "axis": "y", "origin": [9.89, 6.985, 8.16]},
			"faces": {
				"north": {"uv": [9, 1.5, 9.25, 3.5], "texture": "#0"},
				"east": {"uv": [7.5, 1.5, 9.5, 3.5], "texture": "#0"},
				"south": {"uv": [2.5, 4.5, 2.75, 6.5], "texture": "#0"},
				"up": {"uv": [4.5, 4.5, 2.5, 4.75], "rotation": 90, "texture": "#0"},
				"down": {"uv": [4.5, 6, 2.5, 6.25], "rotation": 270, "texture": "#0"}
			}
		},
		{
			"from": [8.96538, 12.25, 6.54323],
			"to": [10.96538, 14.25, 6.79323],
			"rotation": {"angle": 45, "axis": "y", "origin": [9.89, 6.985, 8.16]},
			"faces": {
				"north": {"uv": [9.5, 1.5, 7.5, 3.5], "texture": "#0"},
				"east": {"uv": [9, 1.5, 9.25, 3.5], "texture": "#0"},
				"west": {"uv": [7.5, 1.5, 7.75, 3.5], "texture": "#0"},
				"up": {"uv": [2.5, 4.5, 4.5, 4.75], "texture": "#0"},
				"down": {"uv": [2.5, 6, 4.5, 6.25], "texture": "#0"}
			}
		},
		{
			"from": [8.96538, 12, 6.79323],
			"to": [10.96538, 14.5, 8.79323],
			"rotation": {"angle": 45, "axis": "y", "origin": [9.89, 6.985, 8.16]},
			"faces": {
				"north": {"uv": [9.5, 1.5, 7.5, 4], "texture": "#0"},
				"east": {"uv": [7.5, 1.5, 9.5, 4], "texture": "#0"},
				"south": {"uv": [9.5, 1.5, 7.5, 4], "texture": "#0"},
				"west": {"uv": [7.5, 1.5, 9.5, 4], "texture": "#0"},
				"up": {"uv": [2.5, 4.5, 4.5, 6.5], "texture": "#0"},
				"down": {"uv": [2.5, 6.5, 4.5, 7], "texture": "#0"}
			}
		},
		{
			"from": [8.96538, 12.25, 8.79323],
			"to": [10.96538, 14.25, 9.04323],
			"rotation": {"angle": 45, "axis": "y", "origin": [9.89, 6.985, 8.16]},
			"faces": {
				"east": {"uv": [7.5, 1.5, 7.75, 3.5], "texture": "#0"},
				"south": {"uv": [9.5, 1.5, 7.5, 3.5], "texture": "#0"},
				"west": {"uv": [9, 1.5, 9.25, 3.5], "texture": "#0"},
				"up": {"uv": [4.5, 4.5, 2.5, 4.75], "texture": "#0"},
				"down": {"uv": [4.5, 6, 2.5, 6.25], "texture": "#0"}
			}
		},
		{
			"from": [8.71538, 12.25, 6.79323],
			"to": [8.96538, 14.25, 8.79323],
			"rotation": {"angle": 45, "axis": "y", "origin": [9.89, 6.985, 8.16]},
			"faces": {
				"north": {"uv": [2.5, 4.5, 2.75, 6.5], "texture": "#0"},
				"south": {"uv": [9, 1.5, 9.25, 3.5], "texture": "#0"},
				"west": {"uv": [7.5, 1.5, 9.5, 3.5], "texture": "#0"},
				"up": {"uv": [4.5, 4.5, 2.5, 4.75], "rotation": 270, "texture": "#0"},
				"down": {"uv": [4.5, 6, 2.5, 6.25], "rotation": 90, "texture": "#0"}
			}
		},
		{
			"from": [5.5, 6, 10.5],
			"to": [7.5, 8.5, 12.5],
			"rotation": {"angle": -22.5, "axis": "y", "origin": [6.5, 7.25, 11.5]},
			"faces": {
				"north": {"uv": [4.5, 4.5, 2.5, 7], "texture": "#0"},
				"east": {"uv": [2.5, 4.5, 4.5, 7], "texture": "#0"},
				"south": {"uv": [4.5, 4.5, 2.5, 7], "texture": "#0"},
				"west": {"uv": [2.5, 4.5, 4.5, 7], "texture": "#0"},
				"up": {"uv": [2.5, 4.5, 4.5, 6.5], "rotation": 180, "texture": "#0"},
				"down": {"uv": [2.5, 6.5, 4.5, 7], "rotation": 180, "texture": "#0"}
			}
		},
		{
			"from": [4.5, 0, 11.5],
			"to": [7, 6, 11.5],
			"rotation": {"angle": -22.5, "axis": "y", "origin": [6.5, 7.25, 11.5]},
			"faces": {
				"north": {"uv": [12, 6, 14.5, 12], "texture": "#0"},
				"south": {"uv": [14.5, 6, 12, 12], "texture": "#0"}
			}
		},
		{
			"from": [5.25, 6.25, 10.5],
			"to": [5.5, 8.25, 12.5],
			"rotation": {"angle": -22.5, "axis": "y", "origin": [6.5, 7.25, 11.5]},
			"faces": {
				"north": {"uv": [2.5, 4.5, 2.75, 6.5], "texture": "#0"},
				"south": {"uv": [4, 4.5, 4.25, 6.5], "texture": "#0"},
				"west": {"uv": [2.5, 4.5, 4.5, 6.5], "texture": "#0"},
				"up": {"uv": [4.5, 4.5, 2.5, 4.75], "rotation": 270, "texture": "#0"},
				"down": {"uv": [4.5, 6, 2.5, 6.25], "rotation": 90, "texture": "#0"}
			}
		},
		{
			"from": [7.5, 6.25, 10.5],
			"to": [7.75, 8.25, 12.5],
			"rotation": {"angle": -22.5, "axis": "y", "origin": [6.5, 7.25, 11.5]},
			"faces": {
				"north": {"uv": [4, 4.5, 4.25, 6.5], "texture": "#0"},
				"east": {"uv": [2.5, 4.5, 4.5, 6.5], "texture": "#0"},
				"south": {"uv": [2.5, 4.5, 2.75, 6.5], "texture": "#0"},
				"up": {"uv": [4.5, 4.5, 2.5, 4.75], "rotation": 90, "texture": "#0"},
				"down": {"uv": [4.5, 6, 2.5, 6.25], "rotation": 270, "texture": "#0"}
			}
		},
		{
			"from": [5.5, 6.25, 12.5],
			"to": [7.5, 8.25, 12.75],
			"rotation": {"angle": -22.5, "axis": "y", "origin": [6.5, 7.25, 11.5]},
			"faces": {
				"east": {"uv": [2.5, 4.5, 2.75, 6.5], "texture": "#0"},
				"south": {"uv": [4.5, 4.5, 2.5, 6.5], "texture": "#0"},
				"west": {"uv": [4, 4.5, 4.25, 6.5], "texture": "#0"},
				"up": {"uv": [2.5, 4.5, 4.5, 4.75], "rotation": 180, "texture": "#0"},
				"down": {"uv": [2.5, 6, 4.5, 6.25], "rotation": 180, "texture": "#0"}
			}
		},
		{
			"from": [5.5, 6.25, 10.25],
			"to": [7.5, 8.25, 10.5],
			"rotation": {"angle": -22.5, "axis": "y", "origin": [6.5, 7.25, 11.5]},
			"faces": {
				"north": {"uv": [4.5, 4.5, 2.5, 6.5], "texture": "#0"},
				"east": {"uv": [4, 4.5, 4.25, 6.5], "texture": "#0"},
				"west": {"uv": [2.5, 4.5, 2.75, 6.5], "texture": "#0"},
				"up": {"uv": [4.5, 4.5, 2.5, 4.75], "rotation": 180, "texture": "#0"},
				"down": {"uv": [4.5, 6, 2.5, 6.25], "rotation": 180, "texture": "#0"}
			}
		},
		{
			"from": [10.5, 7, 4.25],
			"to": [12.5, 9.5, 6.25],
			"rotation": {"angle": 22.5, "axis": "y", "origin": [11.5, 8.25, 5.25]},
			"faces": {
				"north": {"uv": [4.5, 4.5, 2.5, 7], "texture": "#0"},
				"east": {"uv": [2.5, 4.5, 4.5, 7], "texture": "#0"},
				"south": {"uv": [4.5, 4.5, 2.5, 7], "texture": "#0"},
				"west": {"uv": [2.5, 4.5, 4.5, 7], "texture": "#0"},
				"up": {"uv": [2.5, 4.5, 4.5, 6.5], "texture": "#0"},
				"down": {"uv": [2.5, 6.5, 4.5, 7], "texture": "#0"}
			}
		},
		{
			"from": [11.5, 0, 4.75],
			"to": [11.5, 7, 6.75],
			"rotation": {"angle": 22.5, "axis": "y", "origin": [11.5, 8.25, 5.25]},
			"faces": {
				"east": {"uv": [5, 6.5, 7, 13.5], "texture": "#0"},
				"west": {"uv": [7, 6.5, 5, 13.5], "texture": "#0"}
			}
		},
		{
			"from": [12.5, 7.25, 4.25],
			"to": [12.75, 9.25, 6.25],
			"rotation": {"angle": 22.5, "axis": "y", "origin": [11.5, 8.25, 5.25]},
			"faces": {
				"north": {"uv": [13, 3.5, 13.25, 5.5], "texture": "#0"},
				"east": {"uv": [11.5, 3.5, 13.5, 5.5], "texture": "#0"},
				"south": {"uv": [2.5, 4.5, 2.75, 6.5], "texture": "#0"},
				"up": {"uv": [4.5, 4.5, 2.5, 4.75], "rotation": 90, "texture": "#0"},
				"down": {"uv": [4.5, 6, 2.5, 6.25], "rotation": 270, "texture": "#0"}
			}
		},
		{
			"from": [10.25, 7.25, 4.25],
			"to": [10.5, 9.25, 6.25],
			"rotation": {"angle": 22.5, "axis": "y", "origin": [11.5, 8.25, 5.25]},
			"faces": {
				"north": {"uv": [2.5, 4.5, 2.75, 6.5], "texture": "#0"},
				"south": {"uv": [13, 3.5, 13.25, 5.5], "texture": "#0"},
				"west": {"uv": [11.5, 3.5, 13.5, 5.5], "texture": "#0"},
				"up": {"uv": [4.5, 4.5, 2.5, 4.75], "rotation": 270, "texture": "#0"},
				"down": {"uv": [4.5, 6, 2.5, 6.25], "rotation": 90, "texture": "#0"}
			}
		},
		{
			"from": [10.5, 7.25, 4],
			"to": [12.5, 9.25, 4.25],
			"rotation": {"angle": 22.5, "axis": "y", "origin": [11.5, 8.25, 5.25]},
			"faces": {
				"north": {"uv": [13.5, 3.5, 11.5, 5.5], "texture": "#0"},
				"east": {"uv": [13, 3.5, 13.25, 5.5], "texture": "#0"},
				"west": {"uv": [2.5, 4.5, 2.75, 6.5], "texture": "#0"},
				"up": {"uv": [2.5, 4.5, 4.5, 4.75], "texture": "#0"},
				"down": {"uv": [2.5, 6, 4.5, 6.25], "texture": "#0"}
			}
		},
		{
			"from": [10.5, 7.25, 6.25],
			"to": [12.5, 9.25, 6.5],
			"rotation": {"angle": 22.5, "axis": "y", "origin": [11.5, 8.25, 5.25]},
			"faces": {
				"east": {"uv": [2.5, 4.5, 2.75, 6.5], "texture": "#0"},
				"south": {"uv": [13.5, 3.5, 11.5, 5.5], "texture": "#0"},
				"west": {"uv": [13, 3.5, 13.25, 5.5], "texture": "#0"},
				"up": {"uv": [4.5, 4.5, 2.5, 4.75], "texture": "#0"},
				"down": {"uv": [4.5, 6, 2.5, 6.25], "texture": "#0"}
			}
		}
	],
	"groups": [
		{
			"name": "left",
			"origin": [11.5, 8.5, 11.5],
			"color": 0,
			"children": [0, 1, 2, 3, 4, 5]
		},
		{
			"name": "weird thing",
			"origin": [8, 8, 8],
			"color": 0,
			"children": [6, 7, 8]
		},
		{
			"name": "middle one",
			"origin": [8, 8, 8],
			"color": 0,
			"children": [9, 10, 11, 12, 13, 14, 15]
		},
		{
			"name": "left mirrored",
			"origin": [11.5, 8.5, 11.5],
			"color": 0,
			"children": [16, 17, 18, 19, 20, 21]
		},
		{
			"name": "weird thing",
			"origin": [8, 8, 8],
			"color": 0,
			"children": []
		},
		{
			"name": "left mirrored",
			"origin": [11.5, 8.5, 11.5],
			"color": 0,
			"children": [22, 23, 24, 25, 26, 27]
		}
	]
}