{
	"credit": "Made with Blockbench",
	"textures": {
		"cross": "block/nature/flowers/azure_bluet",
		"particle": "block/azure_bluet"
	},
	"elements": [
		{
			"from": [7.5, 5.75, 7.5],
			"to": [8.5, 6, 8.5],
			"rotation": {"angle": 0, "axis": "y", "origin": [8, 0, 8]},
			"faces": {
				"north": {"uv": [1, 1.5, 2, 2], "texture": "#cross"},
				"east": {"uv": [1, 1, 1.5, 2], "texture": "#cross"},
				"south": {"uv": [1, 1, 2, 1.5], "texture": "#cross"},
				"west": {"uv": [1.5, 1, 2, 2], "texture": "#cross"},
				"up": {"uv": [1, 1, 2, 2], "texture": "#cross"}
			}
		},
		{
			"from": [7.5, 5.5, 7.5],
			"to": [8.5, 5.75, 8.5],
			"rotation": {"angle": 0, "axis": "y", "origin": [8, 0, 8]},
			"faces": {
				"north": {"uv": [7, 1.5, 6, 2], "texture": "#cross"},
				"east": {"uv": [6, 1, 6.5, 2], "rotation": 90, "texture": "#cross"},
				"south": {"uv": [6, 1, 7, 1.5], "texture": "#cross"},
				"west": {"uv": [6.5, 2, 7, 1], "rotation": 90, "texture": "#cross"},
				"down": {"uv": [6, 1, 7, 2], "texture": "#cross"}
			}
		},
		{
			"from": [6.5, 5.75, 6.5],
			"to": [9.5, 5.75, 9.5],
			"rotation": {"angle": 0, "axis": "y", "origin": [8, 0, 8]},
			"faces": {
				"up": {"uv": [0, 0, 3, 3], "texture": "#cross"},
				"down": {"uv": [5, 0, 8, 3], "texture": "#cross"}
			}
		},
		{
			"from": [7, 5.85, 7],
			"to": [9, 5.85, 9],
			"rotation": {"angle": 0, "axis": "y", "origin": [8, 0, 8]},
			"faces": {
				"up": {"uv": [3, 0.5, 5, 2.5], "texture": "#cross"},
				"down": {"uv": [3, 0.5, 5, 2.5], "texture": "#cross"}
			}
		},
		{
			"from": [7.75, 0, 8],
			"to": [8.25, 5.5, 8],
			"rotation": {"angle": 0, "axis": "y", "origin": [8, 0, 8]},
			"faces": {
				"north": {"uv": [0.5, 3, 0, 8.5], "texture": "#cross"},
				"south": {"uv": [0, 3, 0.5, 8.5], "texture": "#cross"}
			}
		},
		{
			"from": [8, 0, 7.75],
			"to": [8, 5.5, 8.25],
			"rotation": {"angle": 0, "axis": "y", "origin": [8, 0, 8]},
			"faces": {
				"east": {"uv": [0.5, 3, 0, 8.5], "texture": "#cross"},
				"west": {"uv": [0, 3, 0.5, 8.5], "texture": "#cross"}
			}
		},
		{
			"from": [6, 3.75, 7.5],
			"to": [7, 4, 8.5],
			"rotation": {"angle": 22.5, "axis": "z", "origin": [6.5, 0, 8]},
			"faces": {
				"north": {"uv": [1, 1.5, 2, 2], "texture": "#cross"},
				"east": {"uv": [1, 1, 1.5, 2], "texture": "#cross"},
				"south": {"uv": [1, 1, 2, 1.5], "texture": "#cross"},
				"west": {"uv": [1.5, 1, 2, 2], "texture": "#cross"},
				"up": {"uv": [1, 1, 2, 2], "texture": "#cross"}
			}
		},
		{
			"from": [6, 3.5, 7.5],
			"to": [7, 3.75, 8.5],
			"rotation": {"angle": 22.5, "axis": "z", "origin": [6.5, 0, 8]},
			"faces": {
				"north": {"uv": [7, 1.5, 6, 2], "texture": "#cross"},
				"east": {"uv": [6, 1, 6.5, 2], "rotation": 90, "texture": "#cross"},
				"south": {"uv": [6, 1, 7, 1.5], "texture": "#cross"},
				"west": {"uv": [6.5, 2, 7, 1], "rotation": 90, "texture": "#cross"},
				"down": {"uv": [6, 1, 7, 2], "texture": "#cross"}
			}
		},
		{
			"from": [5, 3.75, 6.5],
			"to": [8, 3.75, 9.5],
			"rotation": {"angle": 22.5, "axis": "z", "origin": [6.5, 0, 8]},
			"faces": {
				"up": {"uv": [0, 0, 3, 3], "texture": "#cross"},
				"down": {"uv": [5, 0, 8, 3], "texture": "#cross"}
			}
		},
		{
			"from": [5.5, 3.85, 7],
			"to": [7.5, 3.85, 9],
			"rotation": {"angle": 22.5, "axis": "z", "origin": [6.5, 0, 8]},
			"faces": {
				"up": {"uv": [3, 0.5, 5, 2.5], "texture": "#cross"},
				"down": {"uv": [3, 0.5, 5, 2.5], "texture": "#cross"}
			}
		},
		{
			"from": [6.25, -0.5, 8],
			"to": [6.75, 3.5, 8],
			"rotation": {"angle": 22.5, "axis": "z", "origin": [6.5, 0, 8]},
			"faces": {
				"north": {"uv": [1, 5, 0.5, 9], "texture": "#cross"},
				"south": {"uv": [0.5, 5, 1, 9], "texture": "#cross"}
			}
		},
		{
			"from": [6.5, -0.5, 7.75],
			"to": [6.5, 3.5, 8.25],
			"rotation": {"angle": 22.5, "axis": "z", "origin": [6.5, 0, 8]},
			"faces": {
				"east": {"uv": [1, 5, 0.5, 9], "texture": "#cross"},
				"west": {"uv": [0.5, 5, 1, 9], "texture": "#cross"}
			}
		},
		{
			"from": [9.5, 2.75, 7.5],
			"to": [10.5, 3, 8.5],
			"rotation": {"angle": -22.5, "axis": "z", "origin": [10, 0, 8]},
			"faces": {
				"north": {"uv": [1, 1.5, 2, 2], "texture": "#cross"},
				"east": {"uv": [1, 1, 1.5, 2], "texture": "#cross"},
				"south": {"uv": [1, 1, 2, 1.5], "texture": "#cross"},
				"west": {"uv": [1.5, 1, 2, 2], "texture": "#cross"},
				"up": {"uv": [1, 1, 2, 2], "texture": "#cross"}
			}
		},
		{
			"from": [9.5, 2.5, 7.5],
			"to": [10.5, 2.75, 8.5],
			"rotation": {"angle": -22.5, "axis": "z", "origin": [10, 0, 8]},
			"faces": {
				"north": {"uv": [7, 1.5, 6, 2], "texture": "#cross"},
				"east": {"uv": [6, 1, 6.5, 2], "rotation": 90, "texture": "#cross"},
				"south": {"uv": [6, 1, 7, 1.5], "texture": "#cross"},
				"west": {"uv": [6.5, 2, 7, 1], "rotation": 90, "texture": "#cross"},
				"down": {"uv": [6, 1, 7, 2], "texture": "#cross"}
			}
		},
		{
			"from": [8.5, 2.75, 6.5],
			"to": [11.5, 2.75, 9.5],
			"rotation": {"angle": -22.5, "axis": "z", "origin": [10, 0, 8]},
			"faces": {
				"up": {"uv": [0, 0, 3, 3], "texture": "#cross"},
				"down": {"uv": [5, 0, 8, 3], "texture": "#cross"}
			}
		},
		{
			"from": [9, 2.85, 7],
			"to": [11, 2.85, 9],
			"rotation": {"angle": -22.5, "axis": "z", "origin": [10, 0, 8]},
			"faces": {
				"up": {"uv": [3, 0.5, 5, 2.5], "texture": "#cross"},
				"down": {"uv": [3, 0.5, 5, 2.5], "texture": "#cross"}
			}
		},
		{
			"from": [9.75, -0.5, 8],
			"to": [10.25, 2.5, 8],
			"rotation": {"angle": -22.5, "axis": "z", "origin": [10, 0, 8]},
			"faces": {
				"north": {"uv": [1, 6, 0.5, 9], "texture": "#cross"},
				"south": {"uv": [0.5, 6, 1, 9], "texture": "#cross"}
			}
		},
		{
			"from": [10, -0.5, 7.75],
			"to": [10, 2.5, 8.25],
			"rotation": {"angle": -22.5, "axis": "z", "origin": [10, 0, 8]},
			"faces": {
				"east": {"uv": [1, 6, 0.5, 9], "texture": "#cross"},
				"west": {"uv": [0.5, 6, 1, 9], "texture": "#cross"}
			}
		},
		{
			"from": [7.5, 4.75, 4.5],
			"to": [8.5, 5, 5.5],
			"rotation": {"angle": -22.5, "axis": "x", "origin": [8, 0, 5]},
			"faces": {
				"north": {"uv": [1, 1.5, 2, 2], "texture": "#cross"},
				"east": {"uv": [1, 1, 1.5, 2], "texture": "#cross"},
				"south": {"uv": [1, 1, 2, 1.5], "texture": "#cross"},
				"west": {"uv": [1.5, 1, 2, 2], "texture": "#cross"},
				"up": {"uv": [1, 1, 2, 2], "texture": "#cross"}
			}
		},
		{
			"from": [7.5, 4.5, 4.5],
			"to": [8.5, 4.75, 5.5],
			"rotation": {"angle": -22.5, "axis": "x", "origin": [8, 0, 5]},
			"faces": {
				"north": {"uv": [7, 1.5, 6, 2], "texture": "#cross"},
				"east": {"uv": [6, 1, 6.5, 2], "rotation": 90, "texture": "#cross"},
				"south": {"uv": [6, 1, 7, 1.5], "texture": "#cross"},
				"west": {"uv": [6.5, 2, 7, 1], "rotation": 90, "texture": "#cross"},
				"down": {"uv": [6, 1, 7, 2], "texture": "#cross"}
			}
		},
		{
			"from": [6.5, 4.75, 3.5],
			"to": [9.5, 4.75, 6.5],
			"rotation": {"angle": -22.5, "axis": "x", "origin": [8, 0, 5]},
			"faces": {
				"up": {"uv": [0, 0, 3, 3], "texture": "#cross"},
				"down": {"uv": [5, 0, 8, 3], "texture": "#cross"}
			}
		},
		{
			"from": [7, 4.85, 4],
			"to": [9, 4.85, 6],
			"rotation": {"angle": -22.5, "axis": "x", "origin": [8, 0, 5]},
			"faces": {
				"up": {"uv": [3, 0.5, 5, 2.5], "texture": "#cross"},
				"down": {"uv": [3, 0.5, 5, 2.5], "texture": "#cross"}
			}
		},
		{
			"from": [7.75, -0.5, 5],
			"to": [8.25, 4.5, 5],
			"rotation": {"angle": -22.5, "axis": "x", "origin": [8, 0, 5]},
			"faces": {
				"north": {"uv": [0.5, 4, 0, 9], "texture": "#cross"},
				"south": {"uv": [0, 4, 0.5, 9], "texture": "#cross"}
			}
		},
		{
			"from": [8, -0.5, 4.75],
			"to": [8, 4.5, 5.25],
			"rotation": {"angle": -22.5, "axis": "x", "origin": [8, 0, 5]},
			"faces": {
				"east": {"uv": [0.5, 4, 0, 9], "texture": "#cross"},
				"west": {"uv": [0, 4, 0.5, 9], "texture": "#cross"}
			}
		},
		{
			"from": [7.5, 6.75, 10],
			"to": [8.5, 7, 11],
			"rotation": {"angle": 22.5, "axis": "x", "origin": [8, 0, 10.5]},
			"faces": {
				"north": {"uv": [1, 1.5, 2, 2], "texture": "#cross"},
				"east": {"uv": [1, 1, 1.5, 2], "texture": "#cross"},
				"south": {"uv": [1, 1, 2, 1.5], "texture": "#cross"},
				"west": {"uv": [1.5, 1, 2, 2], "texture": "#cross"},
				"up": {"uv": [1, 1, 2, 2], "texture": "#cross"}
			}
		},
		{
			"from": [7.5, 6.5, 10],
			"to": [8.5, 6.75, 11],
			"rotation": {"angle": 22.5, "axis": "x", "origin": [8, 0, 10.5]},
			"faces": {
				"north": {"uv": [7, 1.5, 6, 2], "texture": "#cross"},
				"east": {"uv": [6, 1, 6.5, 2], "rotation": 90, "texture": "#cross"},
				"south": {"uv": [6, 1, 7, 1.5], "texture": "#cross"},
				"west": {"uv": [6.5, 2, 7, 1], "rotation": 90, "texture": "#cross"},
				"down": {"uv": [6, 1, 7, 2], "texture": "#cross"}
			}
		},
		{
			"from": [6.5, 6.75, 9],
			"to": [9.5, 6.75, 12],
			"rotation": {"angle": 22.5, "axis": "x", "origin": [8, 0, 10.5]},
			"faces": {
				"up": {"uv": [0, 0, 3, 3], "texture": "#cross"},
				"down": {"uv": [5, 0, 8, 3], "texture": "#cross"}
			}
		},
		{
			"from": [7, 6.85, 9.5],
			"to": [9, 6.85, 11.5],
			"rotation": {"angle": 22.5, "axis": "x", "origin": [8, 0, 10.5]},
			"faces": {
				"up": {"uv": [3, 0.5, 5, 2.5], "texture": "#cross"},
				"down": {"uv": [3, 0.5, 5, 2.5], "texture": "#cross"}
			}
		},
		{
			"from": [7.75, -0.5, 10.5],
			"to": [8.25, 6.5, 10.5],
			"rotation": {"angle": 22.5, "axis": "x", "origin": [8, 0, 10.5]},
			"faces": {
				"north": {"uv": [0.5, 3, 0, 10], "texture": "#cross"},
				"south": {"uv": [0, 3, 0.5, 10], "texture": "#cross"}
			}
		},
		{
			"from": [8, -0.5, 10.25],
			"to": [8, 6.5, 10.75],
			"rotation": {"angle": 22.5, "axis": "x", "origin": [8, 0, 10.5]},
			"faces": {
				"east": {"uv": [0.5, 3, 0, 10], "texture": "#cross"},
				"west": {"uv": [0, 3, 0.5, 10], "texture": "#cross"}
			}
		}
	],
	"display": {
		"thirdperson_righthand": {
			"rotation": [0, 45, 0],
			"translation": [0, 2.5, 0],
			"scale": [0.375, 0.375, 0.375]
		},
		"thirdperson_lefthand": {
			"rotation": [0, 45, 0],
			"translation": [0, 2.5, 0],
			"scale": [0.375, 0.375, 0.375]
		},
		"firstperson_righthand": {
			"rotation": [0, 45, 0],
			"translation": [1.75, 1.25, 0],
			"scale": [0.4, 0.4, 0.4]
		},
		"firstperson_lefthand": {
			"rotation": [0, 45, 0],
			"translation": [1.75, 1.25, 0],
			"scale": [0.4, 0.4, 0.4]
		},
		"ground": {
			"translation": [0, 3, 0],
			"scale": [0.5, 0.5, 0.5]
		},
		"gui": {
			"rotation": [30, 225, 0],
			"translation": [0, 0.75, 0]
		},
		"fixed": {
			"translation": [0, 0.75, 0]
		}
	}
}