{
	"credit": "Made with Blockbench",
	"textures": {
		"cross": "block/nature/flowers/dandelion",
		"particle": "block/dandelion"
	},
	"elements": [
		{
			"from": [8, 0, 5],
			"to": [8, 4, 8.5],
			"faces": {
				"east": {"uv": [8.5, 12, 5, 16], "texture": "#cross"},
				"west": {"uv": [5, 12, 8.5, 16], "texture": "#cross"}
			}
		},
		{
			"from": [5, 0, 8],
			"to": [8.5, 4, 8],
			"rotation": {"angle": 0, "axis": "y", "origin": [8, 2, 8]},
			"faces": {
				"north": {"uv": [7.5, 12, 11, 16], "texture": "#cross"},
				"south": {"uv": [11, 12, 7.5, 16], "texture": "#cross"}
			}
		},
		{
			"from": [5, 4, 5],
			"to": [11, 4, 11],
			"faces": {
				"up": {"uv": [6, 5, 0, 11], "texture": "#cross"},
				"down": {"uv": [6, 11, 0, 5], "texture": "#cross"}
			}
		},
		{
			"from": [6.5, 4.25, 6.5],
			"to": [9.5, 4.25, 9.5],
			"faces": {
				"up": {"uv": [3, 0, 0, 3], "texture": "#cross"},
				"down": {"uv": [3, 3, 0, 0], "texture": "#cross"}
			}
		},
		{
			"from": [5.5, 4.5, 5.5],
			"to": [10.5, 4.5, 10.5],
			"faces": {
				"up": {"uv": [8, 0, 3, 5], "texture": "#cross"},
				"down": {"uv": [8, 5, 3, 0], "texture": "#cross"}
			}
		},
		{
			"from": [5, 4.75, 5],
			"to": [11, 4.75, 11],
			"faces": {
				"up": {"uv": [14, 0, 8, 6], "texture": "#cross"},
				"down": {"uv": [14, 6, 8, 0], "texture": "#cross"}
			}
		},
		{
			"from": [5.5, 5, 5.5],
			"to": [10.5, 5, 10.5],
			"faces": {
				"up": {"uv": [16, 6, 11, 11], "texture": "#cross"},
				"down": {"uv": [16, 11, 11, 6], "texture": "#cross"}
			}
		},
		{
			"from": [6, 5.25, 6],
			"to": [10, 5.25, 10],
			"faces": {
				"up": {"uv": [11, 6.5, 7, 10.5], "texture": "#cross"},
				"down": {"uv": [11, 10.5, 7, 6.5], "texture": "#cross"}
			}
		},
		{
			"from": [7, 5.5, 7],
			"to": [9, 5.5, 9],
			"faces": {
				"up": {"uv": [16, 4, 14, 6], "texture": "#cross"},
				"down": {"uv": [16, 6, 14, 4], "texture": "#cross"}
			}
		}
	],
	"display": {
		"thirdperson_righthand": {
			"rotation": [0, 45, 0],
			"translation": [0, 2.5, 0],
			"scale": [0.375, 0.375, 0.375]
		},
		"thirdperson_lefthand": {
			"rotation": [0, 45, 0],
			"translation": [0, 2.5, 0],
			"scale": [0.375, 0.375, 0.375]
		},
		"firstperson_righthand": {
			"rotation": [0, 45, 0],
			"translation": [1.75, 1.25, 0],
			"scale": [0.4, 0.4, 0.4]
		},
		"firstperson_lefthand": {
			"rotation": [0, 45, 0],
			"translation": [1.75, 1.25, 0],
			"scale": [0.4, 0.4, 0.4]
		},
		"ground": {
			"translation": [0, 3, 0],
			"scale": [0.5, 0.5, 0.5]
		},
		"gui": {
			"rotation": [30, 225, 0],
			"translation": [0, -0.25, 0]
		},
		"fixed": {
			"translation": [0, 0.75, 0]
		}
	}
}