{
	"credit": "Made with Blockbench",
	"ambientocclusion": false,
	"texture_size": [32, 32],
	"textures": {
		"1": "block/nature/flowers/lilac",
		"particle": "block/lilac_top"
	},
	"elements": [
		{
			"from": [8, 0, 0],
			"to": [8, 16, 16],
			"faces": {
				"east": {"uv": [16, 0, 8, 8], "texture": "#1"},
				"west": {"uv": [8, 0, 16, 8], "texture": "#1"}
			}
		},
		{
			"from": [0, 0, 8],
			"to": [16, 16, 8],
			"rotation": {"angle": 0, "axis": "y", "origin": [8, 0, 8]},
			"faces": {
				"north": {"uv": [8, 0, 16, 8], "texture": "#1"},
				"south": {"uv": [16, 0, 8, 8], "texture": "#1"}
			}
		},
		{
			"from": [3.5, 3.75, 7],
			"to": [5.5, 9.25, 9],
			"rotation": {"angle": 22.5, "axis": "z", "origin": [4.5, 3.75, 8]},
			"faces": {
				"north": {"uv": [0, 0, 1, 2.75], "texture": "#1"},
				"east": {"uv": [0, 0, 1, 2.75], "texture": "#1"},
				"south": {"uv": [0, 0, 1, 2.75], "texture": "#1"},
				"west": {"uv": [0, 0, 1, 2.75], "texture": "#1"},
				"up": {"uv": [0, 3, 1, 4], "texture": "#1"},
				"down": {"uv": [0, 4.25, 1, 5.25], "texture": "#1"}
			}
		},
		{
			"from": [5.5, 10.25, 7],
			"to": [7.5, 15.75, 9],
			"rotation": {"angle": 22.5, "axis": "z", "origin": [6.5, 10.25, 8]},
			"faces": {
				"north": {"uv": [0, 0, 1, 2.75], "texture": "#1"},
				"east": {"uv": [0, 0, 1, 2.75], "texture": "#1"},
				"south": {"uv": [0, 0, 1, 2.75], "texture": "#1"},
				"west": {"uv": [0, 0, 1, 2.75], "texture": "#1"},
				"up": {"uv": [0, 3, 1, 4], "texture": "#1"},
				"down": {"uv": [0, 4.25, 1, 5.25], "texture": "#1"}
			}
		},
		{
			"from": [7, 10.25, 4],
			"to": [9, 15.75, 6],
			"rotation": {"angle": -22.5, "axis": "x", "origin": [8, 10.25, 5]},
			"faces": {
				"north": {"uv": [0, 0, 1, 2.75], "texture": "#1"},
				"east": {"uv": [0, 0, 1, 2.75], "texture": "#1"},
				"south": {"uv": [0, 0, 1, 2.75], "texture": "#1"},
				"west": {"uv": [0, 0, 1, 2.75], "texture": "#1"},
				"up": {"uv": [0, 3, 1, 4], "texture": "#1"},
				"down": {"uv": [0, 4.25, 1, 5.25], "texture": "#1"}
			}
		},
		{
			"from": [7, 3.75, 10.5],
			"to": [9, 9.25, 12.5],
			"rotation": {"angle": 22.5, "axis": "x", "origin": [8, 3.75, 11.5]},
			"faces": {
				"north": {"uv": [0, 0, 1, 2.75], "texture": "#1"},
				"east": {"uv": [0, 0, 1, 2.75], "texture": "#1"},
				"south": {"uv": [0, 0, 1, 2.75], "texture": "#1"},
				"west": {"uv": [0, 0, 1, 2.75], "texture": "#1"},
				"up": {"uv": [0, 3, 1, 4], "texture": "#1"},
				"down": {"uv": [0, 4.25, 1, 5.25], "texture": "#1"}
			}
		},
		{
			"from": [7, 9.25, 9],
			"to": [9, 14.75, 11],
			"rotation": {"angle": 22.5, "axis": "x", "origin": [8, 9.25, 10]},
			"faces": {
				"north": {"uv": [0, 0, 1, 2.75], "texture": "#1"},
				"east": {"uv": [0, 0, 1, 2.75], "texture": "#1"},
				"south": {"uv": [0, 0, 1, 2.75], "texture": "#1"},
				"west": {"uv": [0, 0, 1, 2.75], "texture": "#1"},
				"up": {"uv": [0, 3, 1, 4], "texture": "#1"},
				"down": {"uv": [0, 4.25, 1, 5.25], "texture": "#1"}
			}
		},
		{
			"from": [7, 4.25, 4],
			"to": [9, 9.75, 6],
			"rotation": {"angle": -22.5, "axis": "x", "origin": [8, 4.25, 5]},
			"faces": {
				"north": {"uv": [0, 0, 1, 2.75], "texture": "#1"},
				"east": {"uv": [0, 0, 1, 2.75], "texture": "#1"},
				"south": {"uv": [0, 0, 1, 2.75], "texture": "#1"},
				"west": {"uv": [0, 0, 1, 2.75], "texture": "#1"},
				"up": {"uv": [0, 3, 1, 4], "texture": "#1"},
				"down": {"uv": [0, 4.25, 1, 5.25], "texture": "#1"}
			}
		},
		{
			"from": [12.2961, 4.70672, 7],
			"to": [14.2961, 10.20672, 9],
			"rotation": {"angle": -22.5, "axis": "z", "origin": [11, 10.25, 8]},
			"faces": {
				"north": {"uv": [0, 0, 1, 2.75], "texture": "#1"},
				"east": {"uv": [0, 0, 1, 2.75], "texture": "#1"},
				"south": {"uv": [0, 0, 1, 2.75], "texture": "#1"},
				"west": {"uv": [0, 0, 1, 2.75], "texture": "#1"},
				"up": {"uv": [0, 3, 1, 4], "texture": "#1"},
				"down": {"uv": [0, 4.25, 1, 5.25], "texture": "#1"}
			}
		},
		{
			"from": [10, 10.25, 7],
			"to": [12, 15.75, 9],
			"rotation": {"angle": -22.5, "axis": "z", "origin": [11, 10.25, 8]},
			"faces": {
				"north": {"uv": [0, 0, 1, 2.75], "texture": "#1"},
				"east": {"uv": [0, 0, 1, 2.75], "texture": "#1"},
				"south": {"uv": [0, 0, 1, 2.75], "texture": "#1"},
				"west": {"uv": [0, 0, 1, 2.75], "texture": "#1"},
				"up": {"uv": [0, 3, 1, 4], "texture": "#1"},
				"down": {"uv": [0, 4.25, 1, 5.25], "texture": "#1"}
			}
		}
	],
	"display": {
		"thirdperson_righthand": {
			"rotation": [0, 45, 0],
			"translation": [0, 2.5, 0],
			"scale": [0.375, 0.375, 0.375]
		},
		"thirdperson_lefthand": {
			"rotation": [0, 45, 0],
			"translation": [0, 2.5, 0],
			"scale": [0.375, 0.375, 0.375]
		},
		"firstperson_righthand": {
			"rotation": [0, 45, 0],
			"translation": [1.75, 1.25, 0],
			"scale": [0.4, 0.4, 0.4]
		},
		"firstperson_lefthand": {
			"rotation": [0, 45, 0],
			"translation": [1.75, 1.25, 0],
			"scale": [0.4, 0.4, 0.4]
		},
		"ground": {
			"translation": [0, 3, 0],
			"scale": [0.5, 0.5, 0.5]
		},
		"gui": {
			"rotation": [30, 225, 0],
			"translation": [0.25, -1, 0],
			"scale": [0.8, 0.8, 0.8]
		},
		"fixed": {
			"translation": [0, 0.75, 0]
		}
	}
}