{
	"credit": "Made with Blockbench",
	"ambientocclusion": false,
	"texture_size": [32, 32],
	"textures": {
		"2": "block/nature/flowers/peony",
		"particle": "block/peony_bottom"
	},
	"elements": [
		{
			"from": [8, 0, 0],
			"to": [8, 16, 16],
			"faces": {
				"north": {"uv": [8, 8, 8, 16], "texture": "#2"},
				"east": {"uv": [16, 8, 8, 16], "texture": "#2"},
				"west": {"uv": [8, 8, 16, 16], "texture": "#2"}
			}
		},
		{
			"from": [0, 0, 8],
			"to": [16, 16, 8],
			"rotation": {"angle": 0, "axis": "y", "origin": [8, 0, 8]},
			"faces": {
				"north": {"uv": [8, 8, 16, 16], "texture": "#2"},
				"south": {"uv": [16, 8, 8, 16], "texture": "#2"},
				"west": {"uv": [8, 8, 8, 16], "texture": "#2"}
			}
		},
		{
			"from": [5.25, 0.65, 6.25],
			"to": [1.75, 4.15, 9.75],
			"rotation": {"angle": 45, "axis": "z", "origin": [3.5, 3.5, 7.5]},
			"faces": {
				"north": {"uv": [8, 6.25, 6.25, 8], "texture": "#2"},
				"east": {"uv": [8, 6.25, 6.25, 8], "texture": "#2"},
				"south": {"uv": [8, 6.25, 6.25, 8], "texture": "#2"},
				"west": {"uv": [8, 6.25, 6.25, 8], "texture": "#2"},
				"up": {"uv": [8, 6.25, 6.25, 8], "texture": "#2"},
				"down": {"uv": [8, 4.25, 6.25, 6], "texture": "#2"}
			}
		},
		{
			"from": [2, 0.9, 6.5],
			"to": [5, 3.9, 9.5],
			"rotation": {"angle": 45, "axis": "z", "origin": [3.5, 3.5, 7.5]},
			"faces": {
				"north": {"uv": [4.25, 6.5, 5.75, 8], "texture": "#2"},
				"east": {"uv": [4.25, 6.5, 5.75, 8], "texture": "#2"},
				"south": {"uv": [4.25, 6.5, 5.75, 8], "texture": "#2"},
				"west": {"uv": [4.25, 6.5, 5.75, 8], "texture": "#2"},
				"up": {"uv": [4.25, 6.5, 5.75, 8], "texture": "#2"},
				"down": {"uv": [4.25, 6.5, 5.75, 8], "texture": "#2"}
			}
		},
		{
			"from": [1.75, 0.65, 6.25],
			"to": [5.25, 4.15, 9.75],
			"rotation": {"angle": 45, "axis": "z", "origin": [3.5, 3.5, 7.5]},
			"faces": {
				"north": {"uv": [6.25, 6.25, 8, 8], "texture": "#2"},
				"east": {"uv": [6.25, 6.25, 8, 8], "texture": "#2"},
				"south": {"uv": [6.25, 6.25, 8, 8], "texture": "#2"},
				"west": {"uv": [6.25, 6.25, 8, 8], "texture": "#2"},
				"up": {"uv": [6.25, 6.25, 8, 8], "texture": "#2"},
				"down": {"uv": [6.25, 4.25, 8, 6], "texture": "#2"}
			}
		},
		{
			"from": [1.9, 9.35, 6.25],
			"to": [-1.6, 12.85, 9.75],
			"rotation": {"angle": 45, "axis": "z", "origin": [-0.5, 11.5, 7.5]},
			"faces": {
				"north": {"uv": [8, 6.25, 6.25, 8], "texture": "#2"},
				"east": {"uv": [8, 6.25, 6.25, 8], "texture": "#2"},
				"south": {"uv": [8, 6.25, 6.25, 8], "texture": "#2"},
				"west": {"uv": [8, 6.25, 6.25, 8], "texture": "#2"},
				"up": {"uv": [8, 6.25, 6.25, 8], "texture": "#2"},
				"down": {"uv": [8, 4.25, 6.25, 6], "texture": "#2"}
			}
		},
		{
			"from": [-1.35, 9.6, 6.5],
			"to": [1.65, 12.6, 9.5],
			"rotation": {"angle": 45, "axis": "z", "origin": [-0.5, 11.5, 7.5]},
			"faces": {
				"north": {"uv": [4.25, 6.5, 5.75, 8], "texture": "#2"},
				"east": {"uv": [4.25, 6.5, 5.75, 8], "texture": "#2"},
				"south": {"uv": [4.25, 6.5, 5.75, 8], "texture": "#2"},
				"west": {"uv": [4.25, 6.5, 5.75, 8], "texture": "#2"},
				"up": {"uv": [4.25, 6.5, 5.75, 8], "texture": "#2"},
				"down": {"uv": [4.25, 6.5, 5.75, 8], "texture": "#2"}
			}
		},
		{
			"from": [-1.6, 9.35, 6.25],
			"to": [1.9, 12.85, 9.75],
			"rotation": {"angle": 45, "axis": "z", "origin": [-0.5, 11.5, 7.5]},
			"faces": {
				"north": {"uv": [6.25, 6.25, 8, 8], "texture": "#2"},
				"east": {"uv": [6.25, 6.25, 8, 8], "texture": "#2"},
				"south": {"uv": [6.25, 6.25, 8, 8], "texture": "#2"},
				"west": {"uv": [6.25, 6.25, 8, 8], "texture": "#2"},
				"up": {"uv": [6.25, 6.25, 8, 8], "texture": "#2"},
				"down": {"uv": [6.25, 4.25, 8, 6], "texture": "#2"}
			}
		},
		{
			"from": [17.25709, 14.03701, 6.25],
			"to": [13.75709, 17.53701, 9.75],
			"rotation": {"angle": -45, "axis": "z", "origin": [14.80709, 15.78701, 7.5]},
			"faces": {
				"north": {"uv": [8, 6.25, 6.25, 8], "texture": "#2"},
				"east": {"uv": [8, 6.25, 6.25, 8], "texture": "#2"},
				"south": {"uv": [8, 6.25, 6.25, 8], "texture": "#2"},
				"west": {"uv": [8, 6.25, 6.25, 8], "texture": "#2"},
				"up": {"uv": [8, 6.25, 6.25, 8], "texture": "#2"},
				"down": {"uv": [8, 4.25, 6.25, 6], "texture": "#2"}
			}
		},
		{
			"from": [14.00709, 14.28701, 6.5],
			"to": [17.00709, 17.28701, 9.5],
			"rotation": {"angle": -45, "axis": "z", "origin": [14.80709, 15.78701, 7.5]},
			"faces": {
				"north": {"uv": [4.25, 6.5, 5.75, 8], "texture": "#2"},
				"east": {"uv": [4.25, 6.5, 5.75, 8], "texture": "#2"},
				"south": {"uv": [4.25, 6.5, 5.75, 8], "texture": "#2"},
				"west": {"uv": [4.25, 6.5, 5.75, 8], "texture": "#2"},
				"up": {"uv": [4.25, 6.5, 5.75, 8], "texture": "#2"},
				"down": {"uv": [4.25, 6.5, 5.75, 8], "texture": "#2"}
			}
		},
		{
			"from": [13.75709, 14.03701, 6.25],
			"to": [17.25709, 17.53701, 9.75],
			"rotation": {"angle": -45, "axis": "z", "origin": [14.80709, 15.78701, 7.5]},
			"faces": {
				"north": {"uv": [6.25, 6.25, 8, 8], "texture": "#2"},
				"east": {"uv": [6.25, 6.25, 8, 8], "texture": "#2"},
				"south": {"uv": [6.25, 6.25, 8, 8], "texture": "#2"},
				"west": {"uv": [6.25, 6.25, 8, 8], "texture": "#2"},
				"up": {"uv": [6.25, 6.25, 8, 8], "texture": "#2"},
				"down": {"uv": [6.25, 4.25, 8, 6], "texture": "#2"}
			}
		},
		{
			"from": [14.25, 2.75, 5.75],
			"to": [10.75, 6.25, 9.25],
			"faces": {
				"north": {"uv": [8, 6.25, 6.25, 8], "texture": "#2"},
				"east": {"uv": [8, 6.25, 6.25, 8], "texture": "#2"},
				"south": {"uv": [8, 6.25, 6.25, 8], "texture": "#2"},
				"west": {"uv": [8, 6.25, 6.25, 8], "texture": "#2"},
				"up": {"uv": [8, 6.25, 6.25, 8], "texture": "#2"},
				"down": {"uv": [8, 4.25, 6.25, 6], "texture": "#2"}
			}
		},
		{
			"from": [11, 3, 6],
			"to": [14, 6, 9],
			"faces": {
				"north": {"uv": [4.25, 6.5, 5.75, 8], "texture": "#2"},
				"east": {"uv": [4.25, 6.5, 5.75, 8], "texture": "#2"},
				"south": {"uv": [4.25, 6.5, 5.75, 8], "texture": "#2"},
				"west": {"uv": [4.25, 6.5, 5.75, 8], "texture": "#2"},
				"up": {"uv": [4.25, 6.5, 5.75, 8], "texture": "#2"},
				"down": {"uv": [4.25, 6.5, 5.75, 8], "texture": "#2"}
			}
		},
		{
			"from": [10.75, 2.75, 5.75],
			"to": [14.25, 6.25, 9.25],
			"faces": {
				"north": {"uv": [6.25, 6.25, 8, 8], "texture": "#2"},
				"east": {"uv": [6.25, 6.25, 8, 8], "texture": "#2"},
				"south": {"uv": [6.25, 6.25, 8, 8], "texture": "#2"},
				"west": {"uv": [6.25, 6.25, 8, 8], "texture": "#2"},
				"up": {"uv": [6.25, 6.25, 8, 8], "texture": "#2"},
				"down": {"uv": [6.25, 4.25, 8, 6], "texture": "#2"}
			}
		},
		{
			"from": [9.75, 9, -1],
			"to": [6.25, 12.5, 2.5],
			"rotation": {"angle": -22.5, "axis": "x", "origin": [7.5, 11.5, -0.5]},
			"faces": {
				"north": {"uv": [8, 6.25, 6.25, 8], "texture": "#2"},
				"east": {"uv": [8, 6.25, 6.25, 8], "texture": "#2"},
				"south": {"uv": [8, 6.25, 6.25, 8], "texture": "#2"},
				"west": {"uv": [8, 6.25, 6.25, 8], "texture": "#2"},
				"up": {"uv": [8, 6.25, 6.25, 8], "texture": "#2"},
				"down": {"uv": [8, 4.25, 6.25, 6], "texture": "#2"}
			}
		},
		{
			"from": [6.5, 9.25, -0.75],
			"to": [9.5, 12.25, 2.25],
			"rotation": {"angle": -22.5, "axis": "x", "origin": [7.5, 11.5, -0.5]},
			"faces": {
				"north": {"uv": [4.25, 6.5, 5.75, 8], "texture": "#2"},
				"east": {"uv": [4.25, 6.5, 5.75, 8], "texture": "#2"},
				"south": {"uv": [4.25, 6.5, 5.75, 8], "texture": "#2"},
				"west": {"uv": [4.25, 6.5, 5.75, 8], "texture": "#2"},
				"up": {"uv": [4.25, 6.5, 5.75, 8], "texture": "#2"},
				"down": {"uv": [4.25, 6.5, 5.75, 8], "texture": "#2"}
			}
		},
		{
			"from": [6.25, 9, -1],
			"to": [9.75, 12.5, 2.5],
			"rotation": {"angle": -22.5, "axis": "x", "origin": [7.5, 11.5, -0.5]},
			"faces": {
				"north": {"uv": [6.25, 6.25, 8, 8], "texture": "#2"},
				"east": {"uv": [6.25, 6.25, 8, 8], "texture": "#2"},
				"south": {"uv": [6.25, 6.25, 8, 8], "texture": "#2"},
				"west": {"uv": [6.25, 6.25, 8, 8], "texture": "#2"},
				"up": {"uv": [6.25, 6.25, 8, 8], "texture": "#2"},
				"down": {"uv": [6.25, 4.25, 8, 6], "texture": "#2"}
			}
		},
		{
			"from": [9.8, 10.4, 14.5],
			"to": [6.3, 13.9, 18],
			"rotation": {"angle": 45, "axis": "x", "origin": [7.5, 12.5, 15.5]},
			"faces": {
				"north": {"uv": [8, 6.25, 6.25, 8], "texture": "#2"},
				"east": {"uv": [8, 6.25, 6.25, 8], "texture": "#2"},
				"south": {"uv": [8, 6.25, 6.25, 8], "texture": "#2"},
				"west": {"uv": [8, 6.25, 6.25, 8], "texture": "#2"},
				"up": {"uv": [8, 6.25, 6.25, 8], "texture": "#2"},
				"down": {"uv": [8, 4.25, 6.25, 6], "texture": "#2"}
			}
		},
		{
			"from": [6.55, 10.65, 14.75],
			"to": [9.55, 13.65, 17.75],
			"rotation": {"angle": 45, "axis": "x", "origin": [7.5, 12.5, 15.5]},
			"faces": {
				"north": {"uv": [4.25, 6.5, 5.75, 8], "texture": "#2"},
				"east": {"uv": [4.25, 6.5, 5.75, 8], "texture": "#2"},
				"south": {"uv": [4.25, 6.5, 5.75, 8], "texture": "#2"},
				"west": {"uv": [4.25, 6.5, 5.75, 8], "texture": "#2"},
				"up": {"uv": [4.25, 6.5, 5.75, 8], "texture": "#2"},
				"down": {"uv": [4.25, 6.5, 5.75, 8], "texture": "#2"}
			}
		},
		{
			"from": [6.3, 10.4, 14.5],
			"to": [9.8, 13.9, 18],
			"rotation": {"angle": 45, "axis": "x", "origin": [7.5, 12.5, 15.5]},
			"faces": {
				"north": {"uv": [6.25, 6.25, 8, 8], "texture": "#2"},
				"east": {"uv": [6.25, 6.25, 8, 8], "texture": "#2"},
				"south": {"uv": [6.25, 6.25, 8, 8], "texture": "#2"},
				"west": {"uv": [6.25, 6.25, 8, 8], "texture": "#2"},
				"up": {"uv": [6.25, 6.25, 8, 8], "texture": "#2"},
				"down": {"uv": [6.25, 4.25, 8, 6], "texture": "#2"}
			}
		}
	],
	"groups": [
		0,
		1,
		{
			"name": "group",
			"origin": [0, 0, 0],
			"color": 0,
			"children": [2, 3, 4]
		},
		{
			"name": "group",
			"origin": [0, 0, 0],
			"color": 0,
			"children": [5, 6, 7]
		},
		{
			"name": "group",
			"origin": [0, 0, 0],
			"color": 0,
			"children": [8, 9, 10]
		},
		{
			"name": "group",
			"origin": [0, 0, 0],
			"color": 0,
			"children": [11, 12, 13]
		},
		{
			"name": "group",
			"origin": [0, 0, 0],
			"color": 0,
			"children": [14, 15, 16]
		},
		{
			"name": "group",
			"origin": [0, 0, 0],
			"color": 0,
			"children": [17, 18, 19]
		}
	]
}