{
	"credit": "Made with Blockbench",
	"ambientocclusion": false,
	"texture_size": [32, 32],
	"textures": {
		"2": "block/nature/flowers/peony",
		"particle": "block/peony_top"
	},
	"elements": [
		{
			"from": [8, 0, 0],
			"to": [8, 16, 16],
			"rotation": {"angle": 0, "axis": "y", "origin": [0, -16, 0]},
			"faces": {
				"north": {"uv": [8, 0, 8, 8], "texture": "#2"},
				"east": {"uv": [16, 0, 8, 8], "texture": "#2"},
				"south": {"uv": [8, 0, 8, 8], "texture": "#2"},
				"west": {"uv": [8, 0, 16, 8], "texture": "#2"}
			}
		},
		{
			"from": [0, 0, 8],
			"to": [16, 16, 8],
			"rotation": {"angle": 0, "axis": "y", "origin": [8, -16, 8]},
			"faces": {
				"north": {"uv": [8, 0, 16, 8], "texture": "#2"},
				"east": {"uv": [8, 0, 8, 8], "texture": "#2"},
				"south": {"uv": [16, 0, 8, 8], "texture": "#2"},
				"west": {"uv": [8, 0, 8, 8], "texture": "#2"}
			}
		},
		{
			"from": [0.11057, 3.43303, 6.25],
			"to": [3.61057, -0.06697, 9.75],
			"rotation": {"angle": -45, "axis": "z", "origin": [1.61057, 1.43303, 8]},
			"faces": {
				"north": {"uv": [8, 6.25, 6.25, 8], "rotation": 90, "texture": "#2"},
				"east": {"uv": [8, 4.25, 6.25, 6], "rotation": 270, "texture": "#2"},
				"south": {"uv": [8, 6.25, 6.25, 8], "rotation": 270, "texture": "#2"},
				"west": {"uv": [8, 6.25, 6.25, 8], "rotation": 270, "texture": "#2"},
				"up": {"uv": [8, 6.25, 6.25, 8], "rotation": 270, "texture": "#2"},
				"down": {"uv": [8, 6.25, 6.25, 8], "rotation": 270, "texture": "#2"}
			}
		},
		{
			"from": [0.11057, -0.06697, 6.25],
			"to": [3.61057, 3.43303, 9.75],
			"rotation": {"angle": -45, "axis": "z", "origin": [1.61057, 1.43303, 8]},
			"faces": {
				"north": {"uv": [6.25, 6.25, 8, 8], "rotation": 90, "texture": "#2"},
				"east": {"uv": [6.25, 4.25, 8, 6], "rotation": 270, "texture": "#2"},
				"south": {"uv": [6.25, 6.25, 8, 8], "rotation": 270, "texture": "#2"},
				"west": {"uv": [6.25, 6.25, 8, 8], "rotation": 270, "texture": "#2"},
				"up": {"uv": [6.25, 6.25, 8, 8], "rotation": 270, "texture": "#2"},
				"down": {"uv": [6.25, 6.25, 8, 8], "rotation": 270, "texture": "#2"}
			}
		},
		{
			"from": [0.36057, 0.18303, 6.5],
			"to": [3.36057, 3.18303, 9.5],
			"rotation": {"angle": -45, "axis": "z", "origin": [1.61057, 1.43303, 8]},
			"faces": {
				"north": {"uv": [4.25, 6.5, 5.75, 8], "rotation": 90, "texture": "#2"},
				"east": {"uv": [4.25, 6.5, 5.75, 8], "rotation": 270, "texture": "#2"},
				"south": {"uv": [4.25, 6.5, 5.75, 8], "rotation": 270, "texture": "#2"},
				"west": {"uv": [4.25, 6.5, 5.75, 8], "rotation": 270, "texture": "#2"},
				"up": {"uv": [4.25, 6.5, 5.75, 8], "rotation": 270, "texture": "#2"},
				"down": {"uv": [4.25, 6.5, 5.75, 8], "rotation": 270, "texture": "#2"}
			}
		},
		{
			"from": [9.75, 2.17678, 13.42678],
			"to": [6.25, 5.67678, 16.92678],
			"rotation": {"angle": -22.5, "axis": "x", "origin": [8, 4.67678, 15.17678]},
			"faces": {
				"north": {"uv": [8, 4.25, 6.25, 6], "rotation": 180, "texture": "#2"},
				"east": {"uv": [8, 6.25, 6.25, 8], "rotation": 270, "texture": "#2"},
				"south": {"uv": [8, 6.25, 6.25, 8], "texture": "#2"},
				"west": {"uv": [8, 6.25, 6.25, 8], "rotation": 90, "texture": "#2"},
				"up": {"uv": [8, 6.25, 6.25, 8], "rotation": 180, "texture": "#2"},
				"down": {"uv": [8, 6.25, 6.25, 8], "texture": "#2"}
			}
		},
		{
			"from": [6.25, 2.17678, 13.42678],
			"to": [9.75, 5.67678, 16.92678],
			"rotation": {"angle": -22.5, "axis": "x", "origin": [8, 4.67678, 15.17678]},
			"faces": {
				"north": {"uv": [6.25, 4.25, 8, 6], "rotation": 180, "texture": "#2"},
				"east": {"uv": [6.25, 6.25, 8, 8], "rotation": 270, "texture": "#2"},
				"south": {"uv": [6.25, 6.25, 8, 8], "texture": "#2"},
				"west": {"uv": [6.25, 6.25, 8, 8], "rotation": 90, "texture": "#2"},
				"up": {"uv": [6.25, 6.25, 8, 8], "rotation": 180, "texture": "#2"},
				"down": {"uv": [6.25, 6.25, 8, 8], "texture": "#2"}
			}
		},
		{
			"from": [6.5, 2.42678, 13.67678],
			"to": [9.5, 5.42678, 16.67678],
			"rotation": {"angle": -22.5, "axis": "x", "origin": [8, 4.67678, 15.17678]},
			"faces": {
				"north": {"uv": [4.25, 6.5, 5.75, 8], "rotation": 180, "texture": "#2"},
				"east": {"uv": [4.25, 6.5, 5.75, 8], "rotation": 270, "texture": "#2"},
				"south": {"uv": [4.25, 6.5, 5.75, 8], "texture": "#2"},
				"west": {"uv": [4.25, 6.5, 5.75, 8], "rotation": 90, "texture": "#2"},
				"up": {"uv": [4.25, 6.5, 5.75, 8], "rotation": 180, "texture": "#2"},
				"down": {"uv": [4.25, 6.5, 5.75, 8], "texture": "#2"}
			}
		},
		{
			"from": [17.6412, 4.69344, 6.25],
			"to": [14.1412, 8.19344, 9.75],
			"rotation": {"angle": -45, "axis": "z", "origin": [15.0412, 6.19344, 8]},
			"faces": {
				"north": {"uv": [8, 6.25, 6.25, 8], "texture": "#2"},
				"east": {"uv": [8, 6.25, 6.25, 8], "texture": "#2"},
				"south": {"uv": [8, 6.25, 6.25, 8], "texture": "#2"},
				"west": {"uv": [8, 6.25, 6.25, 8], "texture": "#2"},
				"up": {"uv": [8, 6.25, 6.25, 8], "texture": "#2"},
				"down": {"uv": [8, 4.25, 6.25, 6], "texture": "#2"}
			}
		},
		{
			"from": [14.1412, 4.69344, 6.25],
			"to": [17.6412, 8.19344, 9.75],
			"rotation": {"angle": -45, "axis": "z", "origin": [15.0412, 6.19344, 8]},
			"faces": {
				"north": {"uv": [6.25, 6.25, 8, 8], "texture": "#2"},
				"east": {"uv": [6.25, 6.25, 8, 8], "texture": "#2"},
				"south": {"uv": [6.25, 6.25, 8, 8], "texture": "#2"},
				"west": {"uv": [6.25, 6.25, 8, 8], "texture": "#2"},
				"up": {"uv": [6.25, 6.25, 8, 8], "texture": "#2"},
				"down": {"uv": [6.25, 4.25, 8, 6], "texture": "#2"}
			}
		},
		{
			"from": [14.3912, 4.94344, 6.5],
			"to": [17.3912, 7.94344, 9.5],
			"rotation": {"angle": -45, "axis": "z", "origin": [15.0412, 6.19344, 8]},
			"faces": {
				"north": {"uv": [4.25, 6.5, 5.75, 8], "texture": "#2"},
				"east": {"uv": [4.25, 6.5, 5.75, 8], "texture": "#2"},
				"south": {"uv": [4.25, 6.5, 5.75, 8], "texture": "#2"},
				"west": {"uv": [4.25, 6.5, 5.75, 8], "texture": "#2"},
				"up": {"uv": [4.25, 6.5, 5.75, 8], "texture": "#2"},
				"down": {"uv": [4.25, 6.5, 5.75, 8], "texture": "#2"}
			}
		},
		{
			"from": [9.75, 6.5, 0.25],
			"to": [6.25, 10, 3.75],
			"rotation": {"angle": -22.5, "axis": "x", "origin": [8, 8.5, 3]},
			"faces": {
				"north": {"uv": [8, 6.25, 6.25, 8], "texture": "#2"},
				"east": {"uv": [8, 6.25, 6.25, 8], "texture": "#2"},
				"south": {"uv": [8, 6.25, 6.25, 8], "texture": "#2"},
				"west": {"uv": [8, 6.25, 6.25, 8], "texture": "#2"},
				"up": {"uv": [8, 6.25, 6.25, 8], "texture": "#2"},
				"down": {"uv": [8, 4.25, 6.25, 6], "texture": "#2"}
			}
		},
		{
			"from": [6.25, 6.5, 0.25],
			"to": [9.75, 10, 3.75],
			"rotation": {"angle": -22.5, "axis": "x", "origin": [8, 8.5, 3]},
			"faces": {
				"north": {"uv": [6.25, 6.25, 8, 8], "texture": "#2"},
				"east": {"uv": [6.25, 6.25, 8, 8], "texture": "#2"},
				"south": {"uv": [6.25, 6.25, 8, 8], "texture": "#2"},
				"west": {"uv": [6.25, 6.25, 8, 8], "texture": "#2"},
				"up": {"uv": [6.25, 6.25, 8, 8], "texture": "#2"},
				"down": {"uv": [6.25, 4.25, 8, 6], "texture": "#2"}
			}
		},
		{
			"from": [6.5, 6.75, 0.5],
			"to": [9.5, 9.75, 3.5],
			"rotation": {"angle": -22.5, "axis": "x", "origin": [8, 8.5, 3]},
			"faces": {
				"north": {"uv": [4.25, 6.5, 5.75, 8], "texture": "#2"},
				"east": {"uv": [4.25, 6.5, 5.75, 8], "texture": "#2"},
				"south": {"uv": [4.25, 6.5, 5.75, 8], "texture": "#2"},
				"west": {"uv": [4.25, 6.5, 5.75, 8], "texture": "#2"},
				"up": {"uv": [4.25, 6.5, 5.75, 8], "texture": "#2"},
				"down": {"uv": [4.25, 6.5, 5.75, 8], "texture": "#2"}
			}
		},
		{
			"from": [3.5, 6.5, 6.25],
			"to": [0, 10, 9.75],
			"rotation": {"angle": 22.5, "axis": "z", "origin": [1.5, 8.5, 8]},
			"faces": {
				"north": {"uv": [8, 6.25, 6.25, 8], "texture": "#2"},
				"east": {"uv": [8, 6.25, 6.25, 8], "texture": "#2"},
				"south": {"uv": [8, 6.25, 6.25, 8], "texture": "#2"},
				"west": {"uv": [8, 6.25, 6.25, 8], "texture": "#2"},
				"up": {"uv": [8, 6.25, 6.25, 8], "texture": "#2"},
				"down": {"uv": [8, 4.25, 6.25, 6], "texture": "#2"}
			}
		},
		{
			"from": [0, 6.5, 6.25],
			"to": [3.5, 10, 9.75],
			"rotation": {"angle": 22.5, "axis": "z", "origin": [1.5, 8.5, 8]},
			"faces": {
				"north": {"uv": [6.25, 6.25, 8, 8], "texture": "#2"},
				"east": {"uv": [6.25, 6.25, 8, 8], "texture": "#2"},
				"south": {"uv": [6.25, 6.25, 8, 8], "texture": "#2"},
				"west": {"uv": [6.25, 6.25, 8, 8], "texture": "#2"},
				"up": {"uv": [6.25, 6.25, 8, 8], "texture": "#2"},
				"down": {"uv": [6.25, 4.25, 8, 6], "texture": "#2"}
			}
		},
		{
			"from": [0.25, 6.75, 6.5],
			"to": [3.25, 9.75, 9.5],
			"rotation": {"angle": 22.5, "axis": "z", "origin": [1.5, 8.5, 8]},
			"faces": {
				"north": {"uv": [4.25, 6.5, 5.75, 8], "texture": "#2"},
				"east": {"uv": [4.25, 6.5, 5.75, 8], "texture": "#2"},
				"south": {"uv": [4.25, 6.5, 5.75, 8], "texture": "#2"},
				"west": {"uv": [4.25, 6.5, 5.75, 8], "texture": "#2"},
				"up": {"uv": [4.25, 6.5, 5.75, 8], "texture": "#2"},
				"down": {"uv": [4.25, 6.5, 5.75, 8], "texture": "#2"}
			}
		},
		{
			"from": [9.75, 11.75, 8.75],
			"to": [6.25, 15.25, 12.25],
			"rotation": {"angle": 22.5, "axis": "x", "origin": [8, 13.5, 9.75]},
			"faces": {
				"north": {"uv": [8, 6.25, 6.25, 8], "texture": "#2"},
				"east": {"uv": [8, 6.25, 6.25, 8], "texture": "#2"},
				"south": {"uv": [8, 6.25, 6.25, 8], "texture": "#2"},
				"west": {"uv": [8, 6.25, 6.25, 8], "texture": "#2"},
				"up": {"uv": [8, 6.25, 6.25, 8], "texture": "#2"},
				"down": {"uv": [8, 4.25, 6.25, 6], "texture": "#2"}
			}
		},
		{
			"from": [6.25, 11.75, 8.75],
			"to": [9.75, 15.25, 12.25],
			"rotation": {"angle": 22.5, "axis": "x", "origin": [8, 13.5, 9.75]},
			"faces": {
				"north": {"uv": [6.25, 6.25, 8, 8], "texture": "#2"},
				"east": {"uv": [6.25, 6.25, 8, 8], "texture": "#2"},
				"south": {"uv": [6.25, 6.25, 8, 8], "texture": "#2"},
				"west": {"uv": [6.25, 6.25, 8, 8], "texture": "#2"},
				"up": {"uv": [6.25, 6.25, 8, 8], "texture": "#2"},
				"down": {"uv": [6.25, 4.25, 8, 6], "texture": "#2"}
			}
		},
		{
			"from": [6.5, 12, 9],
			"to": [9.5, 15, 12],
			"rotation": {"angle": 22.5, "axis": "x", "origin": [8, 13.5, 9.75]},
			"faces": {
				"north": {"uv": [4.25, 6.5, 5.75, 8], "texture": "#2"},
				"east": {"uv": [4.25, 6.5, 5.75, 8], "texture": "#2"},
				"south": {"uv": [4.25, 6.5, 5.75, 8], "texture": "#2"},
				"west": {"uv": [4.25, 6.5, 5.75, 8], "texture": "#2"},
				"up": {"uv": [4.25, 6.5, 5.75, 8], "texture": "#2"},
				"down": {"uv": [4.25, 6.5, 5.75, 8], "texture": "#2"}
			}
		}
	],
	"display": {
		"thirdperson_righthand": {
			"rotation": [0, 45, 0],
			"translation": [0, 2.5, 0],
			"scale": [0.375, 0.375, 0.375]
		},
		"thirdperson_lefthand": {
			"rotation": [0, 45, 0],
			"translation": [0, 2.5, 0],
			"scale": [0.375, 0.375, 0.375]
		},
		"firstperson_righthand": {
			"rotation": [0, 45, 0],
			"translation": [1.75, 1.25, 0],
			"scale": [0.4, 0.4, 0.4]
		},
		"firstperson_lefthand": {
			"rotation": [0, 45, 0],
			"translation": [1.75, 1.25, 0],
			"scale": [0.4, 0.4, 0.4]
		},
		"ground": {
			"translation": [0, 3, 0],
			"scale": [0.5, 0.5, 0.5]
		},
		"gui": {
			"rotation": [30, 225, 0],
			"translation": [0.25, -1, 0],
			"scale": [0.8, 0.8, 0.8]
		},
		"fixed": {
			"translation": [0, 0.75, 0]
		}
	}
}