{
	"credit": "Made with Blockbench",
	"ambientocclusion": false,
	"texture_size": [32, 32],
	"textures": {
		"0": "block/nature/flowers/rose",
		"2": "block/nature/flowers/rose",
		"particle": "block/rose_bush_bottom"
	},
	"elements": [
		{
			"from": [0, 0, 8],
			"to": [16, 16, 8],
			"rotation": {"angle": 0, "axis": "y", "origin": [8, 16, 8]},
			"faces": {
				"north": {"uv": [8, 8, 16, 16], "texture": "#0"},
				"south": {"uv": [16, 8, 8, 16], "texture": "#0"}
			}
		},
		{
			"from": [8, 0, 0],
			"to": [8, 16, 16],
			"rotation": {"angle": 0, "axis": "y", "origin": [8, 16, 8]},
			"faces": {
				"east": {"uv": [8, 8, 16, 16], "texture": "#0"},
				"west": {"uv": [16, 8, 8, 16], "texture": "#0"}
			}
		},
		{
			"from": [6.5, 10, -0.25],
			"to": [9.5, 13, 2.75],
			"rotation": {"angle": -45, "axis": "x", "origin": [8, 11.8125, 1.5]},
			"faces": {
				"north": {"uv": [5, 0, 6.5, 1.5], "texture": "#2"},
				"east": {"uv": [6.5, 0, 8, 1.5], "texture": "#2"},
				"south": {"uv": [5, 0, 6.5, 1.5], "texture": "#2"},
				"west": {"uv": [6.5, 0, 8, 1.5], "texture": "#2"},
				"up": {"uv": [0, 0, 1.5, 1.5], "texture": "#2"},
				"down": {"uv": [1.75, 0, 3.25, 1.5], "texture": "#2"}
			}
		},
		{
			"from": [7, 13.25, 0.25],
			"to": [9, 13.25, 2.25],
			"rotation": {"angle": -45, "axis": "x", "origin": [8, 11.8125, 1.5]},
			"faces": {
				"up": {"uv": [0.5, 3.5, 1.5, 4.5], "texture": "#2"},
				"down": {"uv": [0.5, 4.5, 1.5, 3.5], "texture": "#2"}
			}
		},
		{
			"from": [6.25, 10, -0.5],
			"to": [9.75, 12.5, 3],
			"rotation": {"angle": -45, "axis": "x", "origin": [8, 11.8125, 1.5]},
			"faces": {
				"north": {"uv": [5, 1.75, 6.5, 3], "texture": "#2"},
				"east": {"uv": [6.5, 1.75, 8, 3], "texture": "#2"},
				"south": {"uv": [5, 1.75, 6.5, 3], "texture": "#2"},
				"west": {"uv": [6.5, 1.75, 8, 3], "texture": "#2"}
			}
		},
		{
			"from": [9.75, 10, -0.5],
			"to": [6.25, 12.5, 3],
			"rotation": {"angle": -45, "axis": "x", "origin": [8, 11.8125, 1.5]},
			"faces": {
				"north": {"uv": [6.5, 1.75, 5, 3], "texture": "#2"},
				"east": {"uv": [8, 1.75, 6.5, 3], "texture": "#2"},
				"south": {"uv": [6.5, 1.75, 5, 3], "texture": "#2"},
				"west": {"uv": [8, 1.75, 6.5, 3], "texture": "#2"}
			}
		},
		{
			"from": [0.5, 10.25, 6.5],
			"to": [3.5, 13.25, 9.5],
			"rotation": {"angle": 22.5, "axis": "z", "origin": [2.25, 12.3125, 8]},
			"faces": {
				"north": {"uv": [5, 0, 6.5, 1.5], "texture": "#2"},
				"east": {"uv": [6.5, 0, 8, 1.5], "texture": "#2"},
				"south": {"uv": [5, 0, 6.5, 1.5], "texture": "#2"},
				"west": {"uv": [6.5, 0, 8, 1.5], "texture": "#2"},
				"up": {"uv": [0, 0, 1.5, 1.5], "texture": "#2"},
				"down": {"uv": [1.75, 0, 3.25, 1.5], "texture": "#2"}
			}
		},
		{
			"from": [1, 13.5, 7],
			"to": [3, 13.5, 9],
			"rotation": {"angle": 22.5, "axis": "z", "origin": [2.25, 12.3125, 8]},
			"faces": {
				"up": {"uv": [0.5, 3.5, 1.5, 4.5], "texture": "#2"},
				"down": {"uv": [0.5, 4.5, 1.5, 3.5], "texture": "#2"}
			}
		},
		{
			"from": [0.25, 10.25, 6.25],
			"to": [3.75, 12.75, 9.75],
			"rotation": {"angle": 22.5, "axis": "z", "origin": [2.25, 12.3125, 8]},
			"faces": {
				"north": {"uv": [5, 1.75, 6.5, 3], "texture": "#2"},
				"east": {"uv": [6.5, 1.75, 8, 3], "texture": "#2"},
				"south": {"uv": [5, 1.75, 6.5, 3], "texture": "#2"},
				"west": {"uv": [6.5, 1.75, 8, 3], "texture": "#2"}
			}
		},
		{
			"from": [3.75, 10.25, 6.25],
			"to": [0.25, 12.75, 9.75],
			"rotation": {"angle": 22.5, "axis": "z", "origin": [2.25, 12.3125, 8]},
			"faces": {
				"north": {"uv": [6.5, 1.75, 5, 3], "texture": "#2"},
				"east": {"uv": [8, 1.75, 6.5, 3], "texture": "#2"},
				"south": {"uv": [6.5, 1.75, 5, 3], "texture": "#2"},
				"west": {"uv": [8, 1.75, 6.5, 3], "texture": "#2"}
			}
		},
		{
			"from": [6.5, 4.0625, 12.9375],
			"to": [9.5, 7.0625, 15.9375],
			"rotation": {"angle": -22.5, "axis": "x", "origin": [8, 6.0625, 15.25]},
			"faces": {
				"north": {"uv": [1.75, 0, 3.25, 1.5], "rotation": 180, "texture": "#2"},
				"east": {"uv": [6.5, 0, 8, 1.5], "rotation": 270, "texture": "#2"},
				"south": {"uv": [0, 0, 1.5, 1.5], "texture": "#2"},
				"west": {"uv": [6.5, 0, 8, 1.5], "rotation": 90, "texture": "#2"},
				"up": {"uv": [5, 0, 6.5, 1.5], "rotation": 180, "texture": "#2"},
				"down": {"uv": [5, 0, 6.5, 1.5], "texture": "#2"}
			}
		},
		{
			"from": [7, 4.5625, 16.1875],
			"to": [9, 6.5625, 16.1875],
			"rotation": {"angle": -22.5, "axis": "x", "origin": [8, 6.0625, 15.25]},
			"faces": {
				"north": {"uv": [0.25, 2.75, 1.25, 1.75], "rotation": 180, "texture": "#2"},
				"south": {"uv": [0.25, 1.75, 1.25, 2.75], "texture": "#2"}
			}
		},
		{
			"from": [6.25, 3.8125, 12.9375],
			"to": [9.75, 7.3125, 15.4375],
			"rotation": {"angle": -22.5, "axis": "x", "origin": [8, 6.0625, 15.25]},
			"faces": {
				"east": {"uv": [6.5, 1.75, 8, 3], "rotation": 270, "texture": "#2"},
				"west": {"uv": [6.5, 1.75, 8, 3], "rotation": 90, "texture": "#2"},
				"up": {"uv": [5, 1.75, 6.5, 3], "rotation": 180, "texture": "#2"},
				"down": {"uv": [5, 1.75, 6.5, 3], "texture": "#2"}
			}
		},
		{
			"from": [9.75, 3.8125, 12.9375],
			"to": [6.25, 7.3125, 15.4375],
			"rotation": {"angle": -22.5, "axis": "x", "origin": [8, 6.0625, 15.25]},
			"faces": {
				"east": {"uv": [8, 1.75, 6.5, 3], "rotation": 270, "texture": "#2"},
				"west": {"uv": [8, 1.75, 6.5, 3], "rotation": 90, "texture": "#2"},
				"up": {"uv": [6.5, 1.75, 5, 3], "rotation": 180, "texture": "#2"},
				"down": {"uv": [6.5, 1.75, 5, 3], "texture": "#2"}
			}
		},
		{
			"from": [13.6875, 11.5625, 6.5],
			"to": [16.6875, 14.5625, 9.5],
			"rotation": {"angle": 22.5, "axis": "z", "origin": [15.5, 13.0625, 8]},
			"faces": {
				"north": {"uv": [5, 0, 6.5, 1.5], "rotation": 270, "texture": "#2"},
				"east": {"uv": [0, 0, 1.5, 1.5], "rotation": 90, "texture": "#2"},
				"south": {"uv": [5, 0, 6.5, 1.5], "rotation": 90, "texture": "#2"},
				"west": {"uv": [1.75, 0, 3.25, 1.5], "rotation": 90, "texture": "#2"},
				"up": {"uv": [6.5, 0, 8, 1.5], "rotation": 90, "texture": "#2"},
				"down": {"uv": [6.5, 0, 8, 1.5], "rotation": 90, "texture": "#2"}
			}
		},
		{
			"from": [16.9375, 12.0625, 7],
			"to": [16.9375, 14.0625, 9],
			"rotation": {"angle": 22.5, "axis": "z", "origin": [15.5, 13.0625, 8]},
			"faces": {
				"east": {"uv": [0.5, 3.5, 1.5, 4.5], "rotation": 90, "texture": "#2"},
				"west": {"uv": [0.5, 4.5, 1.5, 3.5], "rotation": 90, "texture": "#2"}
			}
		},
		{
			"from": [13.6875, 11.3125, 6.25],
			"to": [16.1875, 14.8125, 9.75],
			"rotation": {"angle": 22.5, "axis": "z", "origin": [15.5, 13.0625, 8]},
			"faces": {
				"north": {"uv": [5, 1.75, 6.5, 3], "rotation": 270, "texture": "#2"},
				"south": {"uv": [5, 1.75, 6.5, 3], "rotation": 90, "texture": "#2"},
				"up": {"uv": [6.5, 1.75, 8, 3], "rotation": 90, "texture": "#2"},
				"down": {"uv": [6.5, 1.75, 8, 3], "rotation": 90, "texture": "#2"}
			}
		},
		{
			"from": [13.6875, 14.8125, 6.25],
			"to": [16.1875, 11.3125, 9.75],
			"rotation": {"angle": 22.5, "axis": "z", "origin": [15.5, 13.0625, 8]},
			"faces": {
				"north": {"uv": [6.5, 1.75, 5, 3], "rotation": 270, "texture": "#2"},
				"south": {"uv": [6.5, 1.75, 5, 3], "rotation": 90, "texture": "#2"},
				"up": {"uv": [8, 1.75, 6.5, 3], "rotation": 90, "texture": "#2"},
				"down": {"uv": [8, 1.75, 6.5, 3], "rotation": 90, "texture": "#2"}
			}
		}
	]
}