{
	"credit": "Made with Blockbench",
	"ambientocclusion": false,
	"texture_size": [32, 32],
	"textures": {
		"2": "block/nature/flowers/rose",
		"particle": "block/rose_bush_top"
	},
	"elements": [
		{
			"from": [0, 0, 8],
			"to": [16, 16, 8],
			"rotation": {"angle": 0, "axis": "y", "origin": [8, 0, 8]},
			"faces": {
				"north": {"uv": [8, 0, 16, 8], "texture": "#2"},
				"south": {"uv": [16, 0, 8, 8], "texture": "#2"}
			}
		},
		{
			"from": [8, 0, 0],
			"to": [8, 16, 16],
			"rotation": {"angle": 0, "axis": "y", "origin": [8, 0, 8]},
			"faces": {
				"north": {"uv": [8, 0, 8, 8], "texture": "#2"},
				"east": {"uv": [8, 0, 16, 8], "texture": "#2"},
				"south": {"uv": [8, 0, 8, 8], "texture": "#2"},
				"west": {"uv": [16, 0, 8, 8], "texture": "#2"}
			}
		},
		{
			"from": [14.3375, 5.8625, 6.5],
			"to": [17.3375, 8.8625, 9.5],
			"rotation": {"angle": 22.5, "axis": "z", "origin": [14.5, 6.8125, 8.5]},
			"faces": {
				"north": {"uv": [5, 0, 6.5, 1.5], "rotation": 270, "texture": "#2"},
				"east": {"uv": [0, 0, 1.5, 1.5], "rotation": 90, "texture": "#2"},
				"south": {"uv": [5, 0, 6.5, 1.5], "rotation": 90, "texture": "#2"},
				"west": {"uv": [1.75, 0, 3.25, 1.5], "rotation": 90, "texture": "#2"},
				"up": {"uv": [6.5, 0, 8, 1.5], "rotation": 90, "texture": "#2"},
				"down": {"uv": [6.5, 0, 8, 1.5], "rotation": 90, "texture": "#2"}
			}
		},
		{
			"from": [17.5875, 6.3625, 7],
			"to": [17.5875, 8.3625, 9],
			"rotation": {"angle": 22.5, "axis": "z", "origin": [14.5, 6.8125, 8.5]},
			"faces": {
				"east": {"uv": [0.5, 3.5, 1.5, 4.5], "rotation": 90, "texture": "#2"},
				"west": {"uv": [0.5, 4.5, 1.5, 3.5], "rotation": 90, "texture": "#2"}
			}
		},
		{
			"from": [14.3375, 5.6125, 6.25],
			"to": [16.8375, 9.1125, 9.75],
			"rotation": {"angle": 22.5, "axis": "z", "origin": [14.5, 6.8125, 8.5]},
			"faces": {
				"north": {"uv": [5, 1.75, 6.5, 3], "rotation": 270, "texture": "#2"},
				"south": {"uv": [5, 1.75, 6.5, 3], "rotation": 90, "texture": "#2"},
				"up": {"uv": [6.5, 1.75, 8, 3], "rotation": 90, "texture": "#2"},
				"down": {"uv": [6.5, 1.75, 8, 3], "rotation": 90, "texture": "#2"}
			}
		},
		{
			"from": [14.3375, 9.1125, 6.25],
			"to": [16.8375, 5.6125, 9.75],
			"rotation": {"angle": 22.5, "axis": "z", "origin": [14.5, 6.8125, 8.5]},
			"faces": {
				"north": {"uv": [6.5, 1.75, 5, 3], "rotation": 270, "texture": "#2"},
				"south": {"uv": [6.5, 1.75, 5, 3], "rotation": 90, "texture": "#2"},
				"up": {"uv": [8, 1.75, 6.5, 3], "rotation": 90, "texture": "#2"},
				"down": {"uv": [8, 1.75, 6.5, 3], "rotation": 90, "texture": "#2"}
			}
		},
		{
			"from": [6.5, 6.4625, 0.5625],
			"to": [9.5, 9.4625, 3.5625],
			"rotation": {"angle": 45, "axis": "x", "origin": [7.75, 8.3125, 1.75]},
			"faces": {
				"north": {"uv": [0, 0, 1.5, 1.5], "rotation": 180, "texture": "#2"},
				"east": {"uv": [6.5, 0, 8, 1.5], "rotation": 90, "texture": "#2"},
				"south": {"uv": [1.75, 0, 3.25, 1.5], "texture": "#2"},
				"west": {"uv": [6.5, 0, 8, 1.5], "rotation": 270, "texture": "#2"},
				"up": {"uv": [5, 0, 6.5, 1.5], "texture": "#2"},
				"down": {"uv": [5, 0, 6.5, 1.5], "rotation": 180, "texture": "#2"}
			}
		},
		{
			"from": [7, 6.9625, 0.3125],
			"to": [9, 8.9625, 0.3125],
			"rotation": {"angle": 45, "axis": "x", "origin": [7.75, 8.3125, 1.75]},
			"faces": {
				"north": {"uv": [0.25, 1.75, 1.25, 2.75], "rotation": 180, "texture": "#2"},
				"south": {"uv": [0.25, 2.75, 1.25, 1.75], "texture": "#2"}
			}
		},
		{
			"from": [6.25, 6.2125, 1.0625],
			"to": [9.75, 9.7125, 3.5625],
			"rotation": {"angle": 45, "axis": "x", "origin": [7.75, 8.3125, 1.75]},
			"faces": {
				"east": {"uv": [6.5, 1.75, 8, 3], "rotation": 90, "texture": "#2"},
				"west": {"uv": [6.5, 1.75, 8, 3], "rotation": 270, "texture": "#2"},
				"up": {"uv": [5, 1.75, 6.5, 3], "texture": "#2"},
				"down": {"uv": [5, 1.75, 6.5, 3], "rotation": 180, "texture": "#2"}
			}
		},
		{
			"from": [9.75, 6.2125, 1.0625],
			"to": [6.25, 9.7125, 3.5625],
			"rotation": {"angle": 45, "axis": "x", "origin": [7.75, 8.3125, 1.75]},
			"faces": {
				"east": {"uv": [8, 1.75, 6.5, 3], "rotation": 90, "texture": "#2"},
				"west": {"uv": [8, 1.75, 6.5, 3], "rotation": 270, "texture": "#2"},
				"up": {"uv": [6.5, 1.75, 5, 3], "texture": "#2"},
				"down": {"uv": [6.5, 1.75, 5, 3], "rotation": 180, "texture": "#2"}
			}
		},
		{
			"from": [-1.75, 4.25, 6.5],
			"to": [1.25, 7.25, 9.5],
			"rotation": {"angle": 45, "axis": "z", "origin": [-0.25, 6.3125, 8]},
			"faces": {
				"north": {"uv": [5, 0, 6.5, 1.5], "texture": "#2"},
				"east": {"uv": [6.5, 0, 8, 1.5], "texture": "#2"},
				"south": {"uv": [5, 0, 6.5, 1.5], "texture": "#2"},
				"west": {"uv": [6.5, 0, 8, 1.5], "texture": "#2"},
				"up": {"uv": [0, 0, 1.5, 1.5], "texture": "#2"},
				"down": {"uv": [1.75, 0, 3.25, 1.5], "texture": "#2"}
			}
		},
		{
			"from": [-1.25, 7.5, 7],
			"to": [0.75, 7.5, 9],
			"rotation": {"angle": 45, "axis": "z", "origin": [-0.25, 6.3125, 8]},
			"faces": {
				"up": {"uv": [0.25, 1.75, 1.25, 2.75], "texture": "#2"},
				"down": {"uv": [0.25, 2.75, 1.25, 1.75], "texture": "#2"}
			}
		},
		{
			"from": [-2, 4.25, 6.25],
			"to": [1.5, 6.75, 9.75],
			"rotation": {"angle": 45, "axis": "z", "origin": [-0.25, 6.3125, 8]},
			"faces": {
				"north": {"uv": [5, 1.75, 6.5, 3], "texture": "#2"},
				"east": {"uv": [6.5, 1.75, 8, 3], "texture": "#2"},
				"south": {"uv": [5, 1.75, 6.5, 3], "texture": "#2"},
				"west": {"uv": [6.5, 1.75, 8, 3], "texture": "#2"}
			}
		},
		{
			"from": [1.5, 4.25, 6.25],
			"to": [-2, 6.75, 9.75],
			"rotation": {"angle": 45, "axis": "z", "origin": [-0.25, 6.3125, 8]},
			"faces": {
				"north": {"uv": [6.5, 1.75, 5, 3], "texture": "#2"},
				"east": {"uv": [8, 1.75, 6.5, 3], "texture": "#2"},
				"south": {"uv": [6.5, 1.75, 5, 3], "texture": "#2"},
				"west": {"uv": [8, 1.75, 6.5, 3], "texture": "#2"}
			}
		},
		{
			"from": [6.5, 6.3125, 13.6875],
			"to": [9.5, 9.3125, 16.6875],
			"rotation": {"angle": -22.5, "axis": "x", "origin": [7.75, 8.3125, 15]},
			"faces": {
				"north": {"uv": [1.75, 0, 3.25, 1.5], "rotation": 180, "texture": "#2"},
				"east": {"uv": [6.5, 0, 8, 1.5], "rotation": 270, "texture": "#2"},
				"south": {"uv": [0, 0, 1.5, 1.5], "texture": "#2"},
				"west": {"uv": [6.5, 0, 8, 1.5], "rotation": 90, "texture": "#2"},
				"up": {"uv": [5, 0, 6.5, 1.5], "rotation": 180, "texture": "#2"},
				"down": {"uv": [5, 0, 6.5, 1.5], "texture": "#2"}
			}
		},
		{
			"from": [7, 6.8125, 16.9375],
			"to": [9, 8.8125, 16.9375],
			"rotation": {"angle": -22.5, "axis": "x", "origin": [7.75, 8.3125, 15]},
			"faces": {
				"north": {"uv": [0.25, 2.75, 1.25, 1.75], "rotation": 180, "texture": "#2"},
				"south": {"uv": [0.25, 1.75, 1.25, 2.75], "texture": "#2"}
			}
		},
		{
			"from": [6.25, 6.0625, 13.6875],
			"to": [9.75, 9.5625, 16.1875],
			"rotation": {"angle": -22.5, "axis": "x", "origin": [7.75, 8.3125, 15]},
			"faces": {
				"east": {"uv": [6.5, 1.75, 8, 3], "rotation": 270, "texture": "#2"},
				"west": {"uv": [6.5, 1.75, 8, 3], "rotation": 90, "texture": "#2"},
				"up": {"uv": [5, 1.75, 6.5, 3], "rotation": 180, "texture": "#2"},
				"down": {"uv": [5, 1.75, 6.5, 3], "texture": "#2"}
			}
		},
		{
			"from": [9.75, 6.0625, 13.6875],
			"to": [6.25, 9.5625, 16.1875],
			"rotation": {"angle": -22.5, "axis": "x", "origin": [7.75, 8.3125, 15]},
			"faces": {
				"east": {"uv": [8, 1.75, 6.5, 3], "rotation": 270, "texture": "#2"},
				"west": {"uv": [8, 1.75, 6.5, 3], "rotation": 90, "texture": "#2"},
				"up": {"uv": [6.5, 1.75, 5, 3], "rotation": 180, "texture": "#2"},
				"down": {"uv": [6.5, 1.75, 5, 3], "texture": "#2"}
			}
		},
		{
			"from": [9, 12, 6.5],
			"to": [12, 15, 9.5],
			"rotation": {"angle": -22.5, "axis": "z", "origin": [10.75, 13.8125, 8]},
			"faces": {
				"north": {"uv": [5, 0, 6.5, 1.5], "texture": "#2"},
				"east": {"uv": [6.5, 0, 8, 1.5], "texture": "#2"},
				"south": {"uv": [5, 0, 6.5, 1.5], "texture": "#2"},
				"west": {"uv": [6.5, 0, 8, 1.5], "texture": "#2"},
				"up": {"uv": [0, 0, 1.5, 1.5], "texture": "#2"},
				"down": {"uv": [1.75, 0, 3.25, 1.5], "texture": "#2"}
			}
		},
		{
			"from": [9.5, 15.25, 7],
			"to": [11.5, 15.25, 9],
			"rotation": {"angle": -22.5, "axis": "z", "origin": [10.75, 13.8125, 8]},
			"faces": {
				"up": {"uv": [0.25, 1.75, 1.25, 2.75], "texture": "#2"},
				"down": {"uv": [0.25, 2.75, 1.25, 1.75], "texture": "#2"}
			}
		},
		{
			"from": [8.75, 12, 6.25],
			"to": [12.25, 14.5, 9.75],
			"rotation": {"angle": -22.5, "axis": "z", "origin": [10.75, 13.8125, 8]},
			"faces": {
				"north": {"uv": [5, 1.75, 6.5, 3], "texture": "#2"},
				"east": {"uv": [6.5, 1.75, 8, 3], "texture": "#2"},
				"south": {"uv": [5, 1.75, 6.5, 3], "texture": "#2"},
				"west": {"uv": [6.5, 1.75, 8, 3], "texture": "#2"}
			}
		},
		{
			"from": [12.25, 12, 6.25],
			"to": [8.75, 14.5, 9.75],
			"rotation": {"angle": -22.5, "axis": "z", "origin": [10.75, 13.8125, 8]},
			"faces": {
				"north": {"uv": [6.5, 1.75, 5, 3], "texture": "#2"},
				"east": {"uv": [8, 1.75, 6.5, 3], "texture": "#2"},
				"south": {"uv": [6.5, 1.75, 5, 3], "texture": "#2"},
				"west": {"uv": [8, 1.75, 6.5, 3], "texture": "#2"}
			}
		}
	],
	"display": {
		"thirdperson_righthand": {
			"rotation": [0, 45, 0],
			"translation": [0, 2.5, 0],
			"scale": [0.375, 0.375, 0.375]
		},
		"thirdperson_lefthand": {
			"rotation": [0, 45, 0],
			"translation": [0, 2.5, 0],
			"scale": [0.375, 0.375, 0.375]
		},
		"firstperson_righthand": {
			"rotation": [0, 45, 0],
			"translation": [1.75, 1.25, 0],
			"scale": [0.4, 0.4, 0.4]
		},
		"firstperson_lefthand": {
			"rotation": [0, 45, 0],
			"translation": [1.75, 1.25, 0],
			"scale": [0.4, 0.4, 0.4]
		},
		"ground": {
			"translation": [0, 3, 0],
			"scale": [0.5, 0.5, 0.5]
		},
		"gui": {
			"rotation": [30, 225, 0],
			"translation": [0.25, -1, 0],
			"scale": [0.8, 0.8, 0.8]
		},
		"fixed": {
			"translation": [0, 0.75, 0]
		}
	}
}