{
	"credit": "Made with Blockbench",
	"ambientocclusion": false,
	"textures": {
		"cross": "block/sunflower_bottom",
		"particle": "block/sunflower_bottom"
	},
	"elements": [
		{
			"from": [8, 0, 3.5],
			"to": [8, 16, 12.5],
			"rotation": {"angle": 0, "axis": "y", "origin": [8, 0, 8]},
			"faces": {
				"east": {"uv": [12.5, 0, 3.5, 16], "texture": "#cross"},
				"west": {"uv": [3.5, 0, 12.5, 16], "texture": "#cross"}
			}
		},
		{
			"from": [3.5, 0, 8],
			"to": [12.5, 16, 8],
			"rotation": {"angle": 0, "axis": "y", "origin": [8, 0, 8]},
			"faces": {
				"north": {"uv": [3.5, 0, 12.5, 16], "texture": "#cross"},
				"south": {"uv": [12.5, 0, 3.5, 16], "texture": "#cross"}
			}
		}
	]
}