{
	"credit": "Made with Blockbench",
	"textures": {
		"cross": "block/nature/flowers/wither_rose",
		"particle": "block/wither_rose"
	},
	"elements": [
		{
			"from": [8, 0, 4.5],
			"to": [8, 6.5, 9.5],
			"faces": {
				"east": {"uv": [5, 9.5, 0, 16], "texture": "#cross"},
				"west": {"uv": [0, 9.5, 5, 16], "texture": "#cross"}
			}
		},
		{
			"from": [7, 0, 8],
			"to": [12, 6.5, 8],
			"rotation": {"angle": 0, "axis": "y", "origin": [8, 6, 8]},
			"faces": {
				"north": {"uv": [10.5, 9.5, 5.5, 16], "texture": "#cross"},
				"south": {"uv": [5.5, 9.5, 10.5, 16], "texture": "#cross"}
			}
		},
		{
			"from": [6.25, 6.5, 6.25],
			"to": [9.75, 10, 9.75],
			"faces": {
				"north": {"uv": [9, 0, 12.5, 3.5], "texture": "#cross"},
				"east": {"uv": [12.5, 0, 16, 3.5], "texture": "#cross"},
				"south": {"uv": [9, 0, 12.5, 3.5], "texture": "#cross"},
				"west": {"uv": [12.5, 0, 16, 3.5], "texture": "#cross"},
				"up": {"uv": [0, 0, 3.5, 3.5], "texture": "#cross"},
				"down": {"uv": [3.5, 0, 7, 3.5], "texture": "#cross"}
			}
		},
		{
			"from": [6.75, 10.25, 6.75],
			"to": [9.25, 10.25, 9.25],
			"faces": {
				"up": {"uv": [0, 4, 2.5, 6.5], "texture": "#cross"},
				"down": {"uv": [0, 6.5, 2.5, 4], "texture": "#cross"}
			}
		},
		{
			"from": [6, 6.5, 6],
			"to": [10, 9.5, 10],
			"faces": {
				"north": {"uv": [9, 4, 12.5, 7], "texture": "#cross"},
				"east": {"uv": [12.5, 4, 16, 7], "texture": "#cross"},
				"south": {"uv": [9, 4, 12.5, 7], "texture": "#cross"},
				"west": {"uv": [12.5, 4, 16, 7], "texture": "#cross"}
			}
		},
		{
			"from": [10, 6.5, 6],
			"to": [6, 9.5, 10],
			"faces": {
				"north": {"uv": [12.5, 4, 9, 7], "texture": "#cross"},
				"east": {"uv": [16, 4, 12.5, 7], "texture": "#cross"},
				"south": {"uv": [12.5, 4, 9, 7], "texture": "#cross"},
				"west": {"uv": [16, 4, 12.5, 7], "texture": "#cross"}
			}
		}
	],
	"display": {
		"thirdperson_righthand": {
			"rotation": [0, 45, 0],
			"translation": [0, 2.5, 0],
			"scale": [0.375, 0.375, 0.375]
		},
		"thirdperson_lefthand": {
			"rotation": [0, 45, 0],
			"translation": [0, 2.5, 0],
			"scale": [0.375, 0.375, 0.375]
		},
		"firstperson_righthand": {
			"rotation": [0, 45, 0],
			"translation": [1.75, 1.25, 0],
			"scale": [0.4, 0.4, 0.4]
		},
		"firstperson_lefthand": {
			"rotation": [0, 45, 0],
			"translation": [1.75, 1.25, 0],
			"scale": [0.4, 0.4, 0.4]
		},
		"ground": {
			"translation": [0, 3, 0],
			"scale": [0.5, 0.5, 0.5]
		},
		"gui": {
			"rotation": [30, 225, 0],
			"translation": [0, -0.25, 0]
		},
		"fixed": {
			"translation": [0, 0.75, 0]
		}
	}
}