{
	"credit": "Made with Blockbench by Juknum",
	"parent": "minecraft:block/block",
	"ambientocclusion": false,
	"textures": {
		"eye": "minecraft:block/end_portal_frame_eye"
	},
	"elements": [
		{
			"name": "eye",
			"from": [4.5, 10.993, 2.7315],
			"to": [11.5, 14.493, 9.7315],
			"rotation": {"angle": 22.5, "axis": "x", "origin": [8, 8, 8]},
			"faces": {
				"north": {"uv": [4.5, 0, 11.5, 3.5], "texture": "#eye"},
				"east": {"uv": [4.5, 0, 11.5, 3.5], "texture": "#eye"},
				"south": {"uv": [4.5, 0, 11.5, 3.5], "texture": "#eye"},
				"west": {"uv": [4.5, 0, 11.5, 3.5], "texture": "#eye"},
				"up": {"uv": [4.5, 4.5, 11.5, 11.5], "texture": "#eye"}
			}
		}
	]
}