{
	"comment": "Designed by Juknum & Progical",
	"multipart": [
		{
			"apply": { "model": "minecraft:block/iron_bars/iron_bars_post" }
		},
		{
			"when":  { "north": true },
			"apply": { "model": "minecraft:block/iron_bars/iron_bars_side" }
		},
		{
			"when":  { "east": true },
			"apply": { "model": "minecraft:block/iron_bars/iron_bars_side", "y": 90 }
		},
		{
			"when":  { "south": true },
			"apply": { "model": "minecraft:block/iron_bars/iron_bars_side_alt" }
		},
		{
			"when":  { "west": true },
			"apply": { "model": "minecraft:block/iron_bars/iron_bars_side_alt", "y": 90 }
		}
	]
}
