{
  "variants": {
    "facing=east,half=bottom,shape=inner_left": {
      "model": "minecraft:block/stairs/red_sandstone/inner",
      "y": 270,
      "uvlock": true
    },
    "facing=east,half=bottom,shape=inner_right": {
      "model": "minecraft:block/stairs/red_sandstone/inner"
    },
    "facing=east,half=bottom,shape=outer_left": {
      "model": "minecraft:block/stairs/red_sandstone/outer",
      "y": 270,
      "uvlock": true
    },
    "facing=east,half=bottom,shape=outer_right": {
      "model": "minecraft:block/stairs/red_sandstone/outer"
    },
    "facing=east,half=bottom,shape=straight": {
      "model": "minecraft:block/stairs/red_sandstone/bottom"
    },
    "facing=east,half=top,shape=inner_left": {
      "model": "minecraft:block/stairs/red_sandstone/inner_top",
      "uvlock": true
    },
    "facing=east,half=top,shape=inner_right": {
      "model": "minecraft:block/stairs/red_sandstone/inner_top",
      "y": 90,
      "uvlock": true
    },
    "facing=east,half=top,shape=outer_left": {
      "model": "minecraft:block/stairs/red_sandstone/outer_top",
      "uvlock": true
    },
    "facing=east,half=top,shape=outer_right": {
      "model": "minecraft:block/stairs/red_sandstone/outer_top",
      "y": 90,
      "uvlock": true
    },
    "facing=east,half=top,shape=straight": {
      "model": "minecraft:block/stairs/red_sandstone/top",
      "uvlock": true
    },
    "facing=north,half=bottom,shape=inner_left": {
      "model": "minecraft:block/stairs/red_sandstone/inner",
      "y": 180,
      "uvlock": true
    },
    "facing=north,half=bottom,shape=inner_right": {
      "model": "minecraft:block/stairs/red_sandstone/inner",
      "y": 270,
      "uvlock": true
    },
    "facing=north,half=bottom,shape=outer_left": {
      "model": "minecraft:block/stairs/red_sandstone/outer",
      "y": 180,
      "uvlock": true
    },
    "facing=north,half=bottom,shape=outer_right": {
      "model": "minecraft:block/stairs/red_sandstone/outer",
      "y": 270,
      "uvlock": true
    },
    "facing=north,half=bottom,shape=straight": {
      "model": "minecraft:block/stairs/red_sandstone/bottom",
      "y": 270,
      "uvlock": true
    },
    "facing=north,half=top,shape=inner_left": {
      "model": "minecraft:block/stairs/red_sandstone/inner_top",
      "y": 270,
      "uvlock": true
    },
    "facing=north,half=top,shape=inner_right": {
      "model": "minecraft:block/stairs/red_sandstone/inner_top",
      "uvlock": true
    },
    "facing=north,half=top,shape=outer_left": {
      "model": "minecraft:block/stairs/red_sandstone/outer_top",
      "y": 270,
      "uvlock": true
    },
    "facing=north,half=top,shape=outer_right": {
      "model": "minecraft:block/stairs/red_sandstone/outer_top",
      "uvlock": true
    },
    "facing=north,half=top,shape=straight": {
      "model": "minecraft:block/stairs/red_sandstone/top",
      "y": 270,
      "uvlock": true
    },
    "facing=south,half=bottom,shape=inner_left": {
      "model": "minecraft:block/stairs/red_sandstone/inner"
    },
    "facing=south,half=bottom,shape=inner_right": {
      "model": "minecraft:block/stairs/red_sandstone/inner",
      "y": 90,
      "uvlock": true
    },
    "facing=south,half=bottom,shape=outer_left": {
      "model": "minecraft:block/stairs/red_sandstone/outer"
    },
    "facing=south,half=bottom,shape=outer_right": {
      "model": "minecraft:block/stairs/red_sandstone/outer",
      "y": 90,
      "uvlock": true
    },
    "facing=south,half=bottom,shape=straight": {
      "model": "minecraft:block/stairs/red_sandstone/bottom",
      "y": 90,
      "uvlock": true
    },
    "facing=south,half=top,shape=inner_left": {
      "model": "minecraft:block/stairs/red_sandstone/inner_top",
      "y": 90,
      "uvlock": true
    },
    "facing=south,half=top,shape=inner_right": {
      "model": "minecraft:block/stairs/red_sandstone/inner_top",
      "y": 180,
      "uvlock": true
    },
    "facing=south,half=top,shape=outer_left": {
      "model": "minecraft:block/stairs/red_sandstone/outer_top",
      "y": 90,
      "uvlock": true
    },
    "facing=south,half=top,shape=outer_right": {
      "model": "minecraft:block/stairs/red_sandstone/outer_top",
      "y": 180,
      "uvlock": true
    },
    "facing=south,half=top,shape=straight": {
      "model": "minecraft:block/stairs/red_sandstone/top",
      "y": 90,
      "uvlock": true
    },
    "facing=west,half=bottom,shape=inner_left": {
      "model": "minecraft:block/stairs/red_sandstone/inner",
      "y": 90,
      "uvlock": true
    },
    "facing=west,half=bottom,shape=inner_right": {
      "model": "minecraft:block/stairs/red_sandstone/inner",
      "y": 180,
      "uvlock": true
    },
    "facing=west,half=bottom,shape=outer_left": {
      "model": "minecraft:block/stairs/red_sandstone/outer",
      "y": 90,
      "uvlock": true
    },
    "facing=west,half=bottom,shape=outer_right": {
      "model": "minecraft:block/stairs/red_sandstone/outer",
      "y": 180,
      "uvlock": true
    },
    "facing=west,half=bottom,shape=straight": {
      "model": "minecraft:block/stairs/red_sandstone/bottom",
      "y": 180,
      "uvlock": true
    },
    "facing=west,half=top,shape=inner_left": {
      "model": "minecraft:block/stairs/red_sandstone/inner_top",
      "y": 180,
      "uvlock": true
    },
    "facing=west,half=top,shape=inner_right": {
      "model": "minecraft:block/stairs/red_sandstone/inner_top",
      "y": 270,
      "uvlock": true
    },
    "facing=west,half=top,shape=outer_left": {
      "model": "minecraft:block/stairs/red_sandstone/outer_top",
      "y": 180,
      "uvlock": true
    },
    "facing=west,half=top,shape=outer_right": {
      "model": "minecraft:block/stairs/red_sandstone/outer_top",
      "y": 270,
      "uvlock": true
    },
    "facing=west,half=top,shape=straight": {
      "model": "minecraft:block/stairs/red_sandstone/top",
      "y": 180,
      "uvlock": true
    }
  }
}