{
  "variants": {
    "facing=east,lit=false": {
      "model": "minecraft:block/redstone_wall_torch_off"
    },
    "facing=east,lit=true": {
      "model": "minecraft:block/redstone/torch/wall"
    },
    "facing=north,lit=false": {
      "model": "minecraft:block/redstone_wall_torch_off",
      "y": 270
    },
    "facing=north,lit=true": {
      "model": "minecraft:block/redstone/torch/wall",
      "y": 270
    },
    "facing=south,lit=false": {
      "model": "minecraft:block/redstone_wall_torch_off",
      "y": 90
    },
    "facing=south,lit=true": {
      "model": "minecraft:block/redstone/torch/wall",
      "y": 90
    },
    "facing=west,lit=false": {
      "model": "minecraft:block/redstone_wall_torch_off",
      "y": 180
    },
    "facing=west,lit=true": {
      "model": "minecraft:block/redstone/torch/wall",
      "y": 180
    }
  }
}