{
  "multipart": [
    { "when": { "OR": [{ "up": true, "north": "none|low|tall", "east": "none|low|tall", "south": "none|low|tall", "west": "none|low|tall" }]}, "apply": { "model": "minecraft:block/walls/_sandstone/post/post" }},

    { "when": { "OR": [{ "up": true, "north": "none", "east": "none", "south": "none", "west": "none" }]}, "apply": { "model": "minecraft:block/walls/_sandstone/post/post_bottom" }},
    { "when": { "OR": [{ "up": true, "north": "low|tall", "east": "none", "south": "none", "west": "none" }]}, "apply": { "model": "minecraft:block/walls/_sandstone/post/post_bottom_n" }},
    { "when": { "OR": [{ "up": true, "north": "none", "east": "low|tall", "south": "none", "west": "none" }]}, "apply": { "model": "minecraft:block/walls/_sandstone/post/post_bottom_n", "y":  90 }},
    { "when": { "OR": [{ "up": true, "north": "none", "east": "none", "south": "low|tall", "west": "none" }]}, "apply": { "model": "minecraft:block/walls/_sandstone/post/post_bottom_n", "y": 180 }},
    { "when": { "OR": [{ "up": true, "north": "none", "east": "none", "south": "none", "west": "low|tall" }]}, "apply": { "model": "minecraft:block/walls/_sandstone/post/post_bottom_n", "y": 270 }},
    { "when": { "OR": [{ "up": true, "north": "low|tall", "east": "none", "south": "low|tall", "west": "none" }]}, "apply": { "model": "minecraft:block/walls/_sandstone/post/post_bottom_ns" }},
    { "when": { "OR": [{ "up": true, "north": "none", "east": "low|tall", "south": "none", "west": "low|tall" }]}, "apply": { "model": "minecraft:block/walls/_sandstone/post/post_bottom_ns", "y":  90 }},
    { "when": { "OR": [{ "up": true, "north": "low|tall", "east": "low|tall", "south": "none", "west": "none" }]}, "apply": { "model": "minecraft:block/walls/_sandstone/post/post_bottom_ne" }},
    { "when": { "OR": [{ "up": true, "north": "none", "east": "low|tall", "south": "low|tall", "west": "none" }]}, "apply": { "model": "minecraft:block/walls/_sandstone/post/post_bottom_ne", "y":  90 }},
    { "when": { "OR": [{ "up": true, "north": "none", "east": "none", "south": "low|tall", "west": "low|tall" }]}, "apply": { "model": "minecraft:block/walls/_sandstone/post/post_bottom_ne", "y": 180 }},
    { "when": { "OR": [{ "up": true, "north": "low|tall", "east": "none", "south": "none", "west": "low|tall" }]}, "apply": { "model": "minecraft:block/walls/_sandstone/post/post_bottom_ne", "y": 270 }},
    { "when": { "OR": [{ "up": true, "north": "low|tall", "east": "low|tall", "south": "low|tall", "west": "none" }]}, "apply": { "model": "minecraft:block/walls/_sandstone/post/post_bottom_nes" }},
    { "when": { "OR": [{ "up": true, "north": "none", "east": "low|tall", "south": "low|tall", "west": "low|tall" }]}, "apply": { "model": "minecraft:block/walls/_sandstone/post/post_bottom_nes", "y":  90 }},
    { "when": { "OR": [{ "up": true, "north": "low|tall", "east": "none", "south": "low|tall", "west": "low|tall" }]}, "apply": { "model": "minecraft:block/walls/_sandstone/post/post_bottom_nes", "y": 180 }},
    { "when": { "OR": [{ "up": true, "north": "low|tall", "east": "low|tall", "south": "none", "west": "low|tall" }]}, "apply": { "model": "minecraft:block/walls/_sandstone/post/post_bottom_nes", "y": 270 }},
    { "when": { "OR": [{ "up": true, "north": "low|tall", "east": "low|tall", "south": "low|tall", "west": "low|tall" }]}, "apply": { "model": "minecraft:block/walls/_sandstone/post/post_bottom_nesw" }},
        
    { "when": { "OR": [{ "up": false, "north": "low", "east": "none", "south": "low", "west": "none" }]}, "apply": { "model": "minecraft:block/walls/_sandstone/w_post/w_post_ns" }},
    { "when": { "OR": [{ "up": false, "north": "none", "east": "low", "south": "none", "west": "low" }]}, "apply": { "model": "minecraft:block/walls/_sandstone/w_post/w_post_ns", "y":  90 }},
    { "when": { "OR": [{ "up": false, "north": "low", "east": "none", "south": "none", "west": "none" }]}, "apply": { "model": "minecraft:block/walls/_sandstone/w_post/w_post_n" }},
    { "when": { "OR": [{ "up": false, "north": "none", "east": "low", "south": "none", "west": "none" }]}, "apply": { "model": "minecraft:block/walls/_sandstone/w_post/w_post_n", "y":  90 }},
    { "when": { "OR": [{ "up": false, "north": "none", "east": "none", "south": "low", "west": "none" }]}, "apply": { "model": "minecraft:block/walls/_sandstone/w_post/w_post_n", "y": 180 }},
    { "when": { "OR": [{ "up": false, "north": "none", "east": "none", "south": "none", "west": "low" }]}, "apply": { "model": "minecraft:block/walls/_sandstone/w_post/w_post_n", "y": 270 }},
    { "when": { "OR": [{ "up": false, "north": "low", "east": "low", "south": "none", "west": "none" }]}, "apply": { "model": "minecraft:block/walls/_sandstone/w_post/w_post_ne" }},
    { "when": { "OR": [{ "up": false, "north": "none", "east": "low", "south": "low", "west": "none" }]}, "apply": { "model": "minecraft:block/walls/_sandstone/w_post/w_post_ne", "y":  90 }},
    { "when": { "OR": [{ "up": false, "north": "none", "east": "none", "south": "low", "west": "low" }]}, "apply": { "model": "minecraft:block/walls/_sandstone/w_post/w_post_ne", "y": 180 }},
    { "when": { "OR": [{ "up": false, "north": "low", "east": "none", "south": "none", "west": "low" }]}, "apply": { "model": "minecraft:block/walls/_sandstone/w_post/w_post_ne", "y": 270 }},
    { "when": { "OR": [{ "up": false, "north": "low", "east": "low", "south": "low", "west": "none" }]}, "apply": { "model": "minecraft:block/walls/_sandstone/w_post/w_post_nes" }},
    { "when": { "OR": [{ "up": false, "north": "none", "east": "low", "south": "low", "west": "low" }]}, "apply": { "model": "minecraft:block/walls/_sandstone/w_post/w_post_nes", "y":  90 }},
    { "when": { "OR": [{ "up": false, "north": "low", "east": "none", "south": "low", "west": "low" }]}, "apply": { "model": "minecraft:block/walls/_sandstone/w_post/w_post_nes", "y": 180 }},
    { "when": { "OR": [{ "up": false, "north": "low", "east": "low", "south": "none", "west": "low" }]}, "apply": { "model": "minecraft:block/walls/_sandstone/w_post/w_post_nes", "y": 270 }},
    { "when": { "OR": [{ "up": false, "north": "low", "east": "low", "south": "low", "west": "low" }]}, "apply": { "model": "minecraft:block/walls/_sandstone/w_post/w_post_nesw" }},

    { "when": { "OR": [{ "up": true, "north": "none|low", "east": "none|low", "south": "none|low", "west": "none|low" }]}, "apply": { "model": "minecraft:block/walls/_sandstone/post/post_top" }},
    { "when": { "OR": [{ "up": true, "north": "tall", "east": "none|low", "south": "none|low", "west": "none|low" }]}, "apply": { "model": "minecraft:block/walls/_sandstone/post/post_top_n" }},
    { "when": { "OR": [{ "up": true, "north": "none|low", "east": "tall", "south": "none|low", "west": "none|low" }]}, "apply": { "model": "minecraft:block/walls/_sandstone/post/post_top_n", "y":  90 }},
    { "when": { "OR": [{ "up": true, "north": "none|low", "east": "none|low", "south": "tall", "west": "none|low" }]}, "apply": { "model": "minecraft:block/walls/_sandstone/post/post_top_n", "y": 180 }},
    { "when": { "OR": [{ "up": true, "north": "none|low", "east": "none|low", "south": "none|low", "west": "tall" }]}, "apply": { "model": "minecraft:block/walls/_sandstone/post/post_top_n", "y": 270 }},
    { "when": { "OR": [{ "up": true, "north": "tall", "east": "none|low", "south": "tall", "west": "none|low" }]}, "apply": { "model": "minecraft:block/walls/_sandstone/post/post_top_ns" }},
    { "when": { "OR": [{ "up": true, "north": "none|low", "east": "tall", "south": "none|low", "west": "tall" }]}, "apply": { "model": "minecraft:block/walls/_sandstone/post/post_top_ns", "y":  90 }},
    { "when": { "OR": [{ "up": true, "north": "tall", "east": "tall", "south": "none|low", "west": "none|low" }]}, "apply": { "model": "minecraft:block/walls/_sandstone/post/post_top_ne" }},
    { "when": { "OR": [{ "up": true, "north": "none|low", "east": "tall", "south": "tall", "west": "none|low" }]}, "apply": { "model": "minecraft:block/walls/_sandstone/post/post_top_ne", "y":  90 }},
    { "when": { "OR": [{ "up": true, "north": "none|low", "east": "none|low", "south": "tall", "west": "tall" }]}, "apply": { "model": "minecraft:block/walls/_sandstone/post/post_top_ne", "y": 180 }},
    { "when": { "OR": [{ "up": true, "north": "tall", "east": "none|low", "south": "none|low", "west": "tall" }]}, "apply": { "model": "minecraft:block/walls/_sandstone/post/post_top_ne", "y": 270 }},
    { "when": { "OR": [{ "up": true, "north": "tall", "east": "tall", "south": "tall", "west": "none|low" }]}, "apply": { "model": "minecraft:block/walls/_sandstone/post/post_top_nes" }},
    { "when": { "OR": [{ "up": true, "north": "none|low", "east": "tall", "south": "tall", "west": "tall" }]}, "apply": { "model": "minecraft:block/walls/_sandstone/post/post_top_nes", "y":  90 }},
    { "when": { "OR": [{ "up": true, "north": "tall", "east": "none|low", "south": "tall", "west": "tall" }]}, "apply": { "model": "minecraft:block/walls/_sandstone/post/post_top_nes", "y": 180 }},
    { "when": { "OR": [{ "up": true, "north": "tall", "east": "tall", "south": "none|low", "west": "tall" }]}, "apply": { "model": "minecraft:block/walls/_sandstone/post/post_top_nes", "y": 270 }},
    { "when": { "OR": [{ "up": true, "north": "tall", "east": "tall", "south": "tall", "west": "tall" }]}, "apply": { "model": "minecraft:block/walls/_sandstone/post/post_top_nesw" }},

    { "when": { "OR": [{ "up": false, "north": "tall", "east": "none|low", "south": "tall", "west": "none|low" }]}, "apply": { "model": "minecraft:block/walls/_sandstone/w_post/w_post_ns_tall" }},
    { "when": { "OR": [{ "up": false, "north": "none|low", "east": "tall", "south": "none|low", "west": "tall" }]}, "apply": { "model": "minecraft:block/walls/_sandstone/w_post/w_post_ns_tall", "y":  90 }},
    { "when": { "OR": [{ "up": false, "north": "tall", "east": "none", "south": "none", "west": "none" }]}, "apply": { "model": "minecraft:block/walls/_sandstone/w_post/w_post_n_tall" }},
    { "when": { "OR": [{ "up": false, "north": "none", "east": "tall", "south": "none", "west": "none" }]}, "apply": { "model": "minecraft:block/walls/_sandstone/w_post/w_post_n_tall", "y":  90 }},
    { "when": { "OR": [{ "up": false, "north": "none", "east": "none", "south": "tall", "west": "none" }]}, "apply": { "model": "minecraft:block/walls/_sandstone/w_post/w_post_n_tall", "y": 180 }},
    { "when": { "OR": [{ "up": false, "north": "none", "east": "none", "south": "none", "west": "tall" }]}, "apply": { "model": "minecraft:block/walls/_sandstone/w_post/w_post_n_tall", "y": 270 }},
    { "when": { "OR": [{ "up": false, "north": "tall", "east": "tall", "south": "none", "west": "none" }]}, "apply": { "model": "minecraft:block/walls/_sandstone/w_post/w_post_ne_tall" }},
    { "when": { "OR": [{ "up": false, "north": "none", "east": "tall", "south": "tall", "west": "none" }]}, "apply": { "model": "minecraft:block/walls/_sandstone/w_post/w_post_ne_tall", "y":  90 }},
    { "when": { "OR": [{ "up": false, "north": "none", "east": "none", "south": "tall", "west": "tall" }]}, "apply": { "model": "minecraft:block/walls/_sandstone/w_post/w_post_ne_tall", "y": 180 }},
    { "when": { "OR": [{ "up": false, "north": "tall", "east": "none", "south": "none", "west": "tall" }]}, "apply": { "model": "minecraft:block/walls/_sandstone/w_post/w_post_ne_tall", "y": 270 }},
    { "when": { "OR": [{ "up": false, "north": "tall", "east": "tall", "south": "tall", "west": "none" }]}, "apply": { "model": "minecraft:block/walls/_sandstone/w_post/w_post_nes_tall" }},
    { "when": { "OR": [{ "up": false, "north": "none", "east": "tall", "south": "tall", "west": "tall" }]}, "apply": { "model": "minecraft:block/walls/_sandstone/w_post/w_post_nes_tall", "y":  90 }},
    { "when": { "OR": [{ "up": false, "north": "tall", "east": "none", "south": "tall", "west": "tall" }]}, "apply": { "model": "minecraft:block/walls/_sandstone/w_post/w_post_nes_tall", "y": 180 }},
    { "when": { "OR": [{ "up": false, "north": "tall", "east": "tall", "south": "none", "west": "tall" }]}, "apply": { "model": "minecraft:block/walls/_sandstone/w_post/w_post_nes_tall", "y": 270 }},
    { "when": { "OR": [{ "up": false, "north": "tall", "east": "tall", "south": "tall", "west": "tall" }]}, "apply": { "model": "minecraft:block/walls/_sandstone/w_post/w_post_nesw_tall" }},

    { "when": { "OR": [{ "up": true, "north": "low", "east": "none|low|tall", "south": "none|low|tall", "west": "none|low|tall" }]}, "apply": { "model": "minecraft:block/walls/_sandstone/side/side_n" }},
    { "when": { "OR": [{ "up": true, "north": "none|low|tall", "east": "low", "south": "none|low|tall", "west": "none|low|tall" }]}, "apply": { "model": "minecraft:block/walls/_sandstone/side/side_n", "y":  90 }},
    { "when": { "OR": [{ "up": true, "north": "none|low|tall", "east": "none|low|tall", "south": "low", "west": "none|low|tall" }]}, "apply": { "model": "minecraft:block/walls/_sandstone/side/side_n", "y": 180 }},
    { "when": { "OR": [{ "up": true, "north": "none|low|tall", "east": "none|low|tall", "south": "none|low|tall", "west": "low" }]}, "apply": { "model": "minecraft:block/walls/_sandstone/side/side_n", "y": 270 }},

    { "when": { "OR": [{ "up": false, "north": "low", "east": "none|low|tall", "south": "none|low|tall", "west": "none|low|tall" }]}, "apply": { "model": "minecraft:block/walls/_sandstone/w_side/w_side_n" }},
    { "when": { "OR": [{ "up": false, "north": "none|low|tall", "east": "low", "south": "none|low|tall", "west": "none|low|tall" }]}, "apply": { "model": "minecraft:block/walls/_sandstone/w_side/w_side_n", "y":  90 }},
    { "when": { "OR": [{ "up": false, "north": "none|low|tall", "east": "none|low|tall", "south": "low", "west": "none|low|tall" }]}, "apply": { "model": "minecraft:block/walls/_sandstone/w_side/w_side_n", "y": 180 }},
    { "when": { "OR": [{ "up": false, "north": "none|low|tall", "east": "none|low|tall", "south": "none|low|tall", "west": "low" }]}, "apply": { "model": "minecraft:block/walls/_sandstone/w_side/w_side_n", "y": 270 }},

    { "when": { "OR": [{ "up": true, "north": "tall", "east": "none|low|tall", "south": "none|low|tall", "west": "none|low|tall" }]}, "apply": { "model": "minecraft:block/walls/_sandstone/side/side_n_tall" }},
    { "when": { "OR": [{ "up": true, "north": "none|low|tall", "east": "tall", "south": "none|low|tall", "west": "none|low|tall" }]}, "apply": { "model": "minecraft:block/walls/_sandstone/side/side_n_tall", "y":  90 }},
    { "when": { "OR": [{ "up": true, "north": "none|low|tall", "east": "none|low|tall", "south": "tall", "west": "none|low|tall" }]}, "apply": { "model": "minecraft:block/walls/_sandstone/side/side_n_tall", "y": 180 }},
    { "when": { "OR": [{ "up": true, "north": "none|low|tall", "east": "none|low|tall", "south": "none|low|tall", "west": "tall" }]}, "apply": { "model": "minecraft:block/walls/_sandstone/side/side_n_tall", "y": 270 }},
    
    { "when": { "OR": [{ "up": false, "north": "tall", "east": "none|low|tall", "south": "none|low|tall", "west": "none|low|tall" }]}, "apply": { "model": "minecraft:block/walls/_sandstone/w_side/w_side_n_tall" }},
    { "when": { "OR": [{ "up": false, "north": "none|low|tall", "east": "tall", "south": "none|low|tall", "west": "none|low|tall" }]}, "apply": { "model": "minecraft:block/walls/_sandstone/w_side/w_side_n_tall", "y":  90 }},
    { "when": { "OR": [{ "up": false, "north": "none|low|tall", "east": "none|low|tall", "south": "tall", "west": "none|low|tall" }]}, "apply": { "model": "minecraft:block/walls/_sandstone/w_side/w_side_n_tall", "y": 180 }},
    { "when": { "OR": [{ "up": false, "north": "none|low|tall", "east": "none|low|tall", "south": "none|low|tall", "west": "tall" }]}, "apply": { "model": "minecraft:block/walls/_sandstone/w_side/w_side_n_tall", "y": 270 }},

    { "when": { "up": false, "north": "low", "east": "tall", "south": "none", "west": "none" }, "apply": { "model": "minecraft:block/walls/_sandstone/special/n_low_e_tall" }},
    { "when": { "up": false, "north": "none", "east": "low", "south": "tall", "west": "none" }, "apply": { "model": "minecraft:block/walls/_sandstone/special/n_low_e_tall", "y":  90 }},
    { "when": { "up": false, "north": "none", "east": "none", "south": "low", "west": "tall" }, "apply": { "model": "minecraft:block/walls/_sandstone/special/n_low_e_tall", "y": 180 }},
    { "when": { "up": false, "north": "tall", "east": "none", "south": "none", "west": "low" }, "apply": { "model": "minecraft:block/walls/_sandstone/special/n_low_e_tall", "y": 270 }},
    
    { "when": { "up": false, "north": "low", "east": "tall", "south": "low", "west": "none" }, "apply": { "model": "minecraft:block/walls/_sandstone/special/ns_low_e_tall" }},
    { "when": { "up": false, "north": "none", "east": "low", "south": "tall", "west": "low" }, "apply": { "model": "minecraft:block/walls/_sandstone/special/ns_low_e_tall", "y":  90 }},
    { "when": { "up": false, "north": "low", "east": "none", "south": "low", "west": "tall" }, "apply": { "model": "minecraft:block/walls/_sandstone/special/ns_low_e_tall", "y": 180 }},
    { "when": { "up": false, "north": "tall", "east": "low", "south": "none", "west": "low" }, "apply": { "model": "minecraft:block/walls/_sandstone/special/ns_low_e_tall", "y": 270 }},

    { "when": { "up": false, "north": "tall", "east": "none", "south": "low", "west": "none" }, "apply": { "model": "minecraft:block/walls/_sandstone/special/s_low_n_tall" }},
    { "when": { "up": false, "north": "none", "east": "tall", "south": "none", "west": "low" }, "apply": { "model": "minecraft:block/walls/_sandstone/special/s_low_n_tall", "y":  90 }},
    { "when": { "up": false, "north": "low", "east": "none", "south": "tall", "west": "none" }, "apply": { "model": "minecraft:block/walls/_sandstone/special/s_low_n_tall", "y": 180 }},
    { "when": { "up": false, "north": "none", "east": "low", "south": "none", "west": "tall" }, "apply": { "model": "minecraft:block/walls/_sandstone/special/s_low_n_tall", "y": 270 }},

    { "when": { "up": false, "north": "tall", "east": "low", "south": "low", "west": "none" }, "apply": { "model": "minecraft:block/walls/_sandstone/special/es_low_n_tall" }},
    { "when": { "up": false, "north": "none", "east": "tall", "south": "low", "west": "low" }, "apply": { "model": "minecraft:block/walls/_sandstone/special/es_low_n_tall", "y":  90 }},
    { "when": { "up": false, "north": "low", "east": "none", "south": "tall", "west": "low" }, "apply": { "model": "minecraft:block/walls/_sandstone/special/es_low_n_tall", "y": 180 }},
    { "when": { "up": false, "north": "low", "east": "low", "south": "none", "west": "tall" }, "apply": { "model": "minecraft:block/walls/_sandstone/special/es_low_n_tall", "y": 270 }},
    
    { "when": { "up": false, "north": "tall", "east": "low", "south": "none", "west": "none" }, "apply": { "model": "minecraft:block/walls/_sandstone/special/e_low_n_tall" }},
    { "when": { "up": false, "north": "none", "east": "tall", "south": "low", "west": "none" }, "apply": { "model": "minecraft:block/walls/_sandstone/special/e_low_n_tall", "y":  90 }},
    { "when": { "up": false, "north": "none", "east": "none", "south": "tall", "west": "low" }, "apply": { "model": "minecraft:block/walls/_sandstone/special/e_low_n_tall", "y": 180 }},
    { "when": { "up": false, "north": "low", "east": "none", "south": "none", "west": "tall" }, "apply": { "model": "minecraft:block/walls/_sandstone/special/e_low_n_tall", "y": 270 }},
    
    { "when": { "up": false, "north": "tall", "east": "tall", "south": "low", "west": "none" }, "apply": { "model": "minecraft:block/walls/_sandstone/special/s_low_ne_tall" }},
    { "when": { "up": false, "north": "none", "east": "tall", "south": "tall", "west": "low" }, "apply": { "model": "minecraft:block/walls/_sandstone/special/s_low_ne_tall", "y":  90 }},
    { "when": { "up": false, "north": "low", "east": "none", "south": "tall", "west": "tall" }, "apply": { "model": "minecraft:block/walls/_sandstone/special/s_low_ne_tall", "y": 180 }},
    { "when": { "up": false, "north": "tall", "east": "low", "south": "none", "west": "tall" }, "apply": { "model": "minecraft:block/walls/_sandstone/special/s_low_ne_tall", "y": 270 }},
    
    { "when": { "up": false, "north": "low", "east": "low", "south": "tall", "west": "none" }, "apply": { "model": "minecraft:block/walls/_sandstone/special/ne_low_s_tall" }},
    { "when": { "up": false, "north": "none", "east": "low", "south": "low", "west": "tall" }, "apply": { "model": "minecraft:block/walls/_sandstone/special/ne_low_s_tall", "y":  90 }},
    { "when": { "up": false, "north": "tall", "east": "none", "south": "low", "west": "low" }, "apply": { "model": "minecraft:block/walls/_sandstone/special/ne_low_s_tall", "y": 180 }},
    { "when": { "up": false, "north": "low", "east": "tall", "south": "none", "west": "low" }, "apply": { "model": "minecraft:block/walls/_sandstone/special/ne_low_s_tall", "y": 270 }},
    
    { "when": { "up": false, "north": "low", "east": "tall", "south": "tall", "west": "none" }, "apply": { "model": "minecraft:block/walls/_sandstone/special/n_low_es_tall" }},
    { "when": { "up": false, "north": "none", "east": "low", "south": "tall", "west": "tall" }, "apply": { "model": "minecraft:block/walls/_sandstone/special/n_low_es_tall", "y":  90 }},
    { "when": { "up": false, "north": "tall", "east": "none", "south": "low", "west": "tall" }, "apply": { "model": "minecraft:block/walls/_sandstone/special/n_low_es_tall", "y": 180 }},
    { "when": { "up": false, "north": "tall", "east": "tall", "south": "none", "west": "low" }, "apply": { "model": "minecraft:block/walls/_sandstone/special/n_low_es_tall", "y": 270 }},
    
    { "when": { "up": false, "north": "low", "east": "tall", "south": "tall", "west": "low" }, "apply": { "model": "minecraft:block/walls/_sandstone/special/nw_low_es_tall" }},
    { "when": { "up": false, "north": "low", "east": "low", "south": "tall", "west": "tall" }, "apply": { "model": "minecraft:block/walls/_sandstone/special/nw_low_es_tall", "y":  90 }},
    { "when": { "up": false, "north": "tall", "east": "low", "south": "low", "west": "tall" }, "apply": { "model": "minecraft:block/walls/_sandstone/special/nw_low_es_tall", "y": 180 }},
    { "when": { "up": false, "north": "tall", "east": "tall", "south": "low", "west": "low" }, "apply": { "model": "minecraft:block/walls/_sandstone/special/nw_low_es_tall", "y": 270 }},
    
    { "when": { "up": false, "north": "low", "east": "tall", "south": "tall", "west": "tall" }, "apply": { "model": "minecraft:block/walls/_sandstone/special/n_low_esw_tall" }},
    { "when": { "up": false, "north": "tall", "east": "low", "south": "tall", "west": "tall" }, "apply": { "model": "minecraft:block/walls/_sandstone/special/n_low_esw_tall", "y":  90 }},
    { "when": { "up": false, "north": "tall", "east": "tall", "south": "low", "west": "tall" }, "apply": { "model": "minecraft:block/walls/_sandstone/special/n_low_esw_tall", "y": 180 }},
    { "when": { "up": false, "north": "tall", "east": "tall", "south": "tall", "west": "low" }, "apply": { "model": "minecraft:block/walls/_sandstone/special/n_low_esw_tall", "y": 270 }},
    
    { "when": { "up": false, "north": "tall", "east": "low", "south": "low", "west": "low" }, "apply": { "model": "minecraft:block/walls/_sandstone/special/esw_low_n_tall" }},
    { "when": { "up": false, "north": "low", "east": "tall", "south": "low", "west": "low" }, "apply": { "model": "minecraft:block/walls/_sandstone/special/esw_low_n_tall", "y":  90 }},
    { "when": { "up": false, "north": "low", "east": "low", "south": "tall", "west": "low" }, "apply": { "model": "minecraft:block/walls/_sandstone/special/esw_low_n_tall", "y": 180 }},
    { "when": { "up": false, "north": "low", "east": "low", "south": "low", "west": "tall" }, "apply": { "model": "minecraft:block/walls/_sandstone/special/esw_low_n_tall", "y": 270 }}
  ]
}