{
	"credit": "Made with Blockbench by Juknum",
	"texture_size": [128, 128],
	"textures": {
		"0": "minecraft:block/walls_template",
		"particle": "minecraft:block/walls_particles"
	},
	"elements": [
		{
			"from": [5, 0, 0],
			"to": [11, 14, 4],
			"faces": {
				"north": {"uv": [10.625, 2.25, 11.375, 4], "texture": "#0"},
				"east": {"uv": [11.5, 2.25, 12, 4], "texture": "#0"},
				"west": {"uv": [10, 2.25, 10.5, 4], "texture": "#0"},
				"up": {"uv": [14.625, 2, 15.375, 2.5], "texture": "#0"},
				"down": {"uv": [5.375, 1.5, 4.625, 2], "texture": "#0"}
			}
		}
	]
}