{
	"credit": "Made with Blockbench",
	"parent": "block/block",
	"textures": {
		"0": "block/chiseled_stone_bricks",
		"particle": "block/chiseled_stone_bricks"
	},
	"elements": [
		{
			"name": "center",
			"from": [0, 0, 0],
			"to": [16, 16, 16],
			"faces": {
				"north": {"uv": [0, 0, 16, 16], "texture": "#0"},
				"east": {"uv": [0, 0, 16, 16], "texture": "#0"},
				"south": {"uv": [0, 0, 16, 16], "texture": "#0"},
				"west": {"uv": [0, 0, 16, 16], "texture": "#0"},
				"up": {"uv": [0, 0, 16, 16], "texture": "#0"},
				"down": {"uv": [0, 0, 16, 16], "texture": "#0"}
			}
		},
		{
			"from": [0.5, 14, -0.5],
			"to": [16, 16, 0],
			"rotation": {"angle": 0, "axis": "y", "origin": [8, 8, 8]},
			"faces": {
				"north": {"uv": [0, 0, 15.5, 2], "texture": "#0", "cullface": "north"},
				"east": {"uv": [0, 0, 0.5, 2], "texture": "#0", "cullface": "north"},
				"west": {"uv": [15, 0, 15.5, 2], "texture": "#0", "cullface": "north"},
				"up": {"uv": [0, 0, 15.5, 0.5], "texture": "#0", "cullface": "north"},
				"down": {"uv": [0, 1.5, 15.5, 2], "texture": "#0", "cullface": "north"}
			}
		},
		{
			"from": [14, 2.5, -0.5],
			"to": [16, 14, 0],
			"rotation": {"angle": 0, "axis": "y", "origin": [8, 8, 8]},
			"faces": {
				"north": {"uv": [0, 2, 2, 13.5], "texture": "#0", "cullface": "north"},
				"east": {"uv": [0, 2, 0.5, 13.5], "texture": "#0", "cullface": "north"},
				"west": {"uv": [1.5, 2, 2, 13.5], "texture": "#0", "cullface": "north"}
			}
		},
		{
			"from": [3, 10, -0.5],
			"to": [13.5, 13.5, 0],
			"rotation": {"angle": 0, "axis": "y", "origin": [8, 8, 8]},
			"faces": {
				"north": {"uv": [2.5, 2.5, 13, 6], "texture": "#0", "cullface": "north"},
				"east": {"uv": [2.5, 2.5, 3, 6], "texture": "#0", "cullface": "north"},
				"west": {"uv": [12.5, 2.5, 13, 6], "texture": "#0", "cullface": "north"},
				"up": {"uv": [2.5, 2.5, 13, 3], "texture": "#0", "cullface": "north"},
				"down": {"uv": [2.5, 5.5, 13, 6], "texture": "#0", "cullface": "north"}
			}
		},
		{
			"from": [3, 6.5, -0.5],
			"to": [6.5, 10, 0],
			"rotation": {"angle": 0, "axis": "y", "origin": [8, 8, 8]},
			"faces": {
				"north": {"uv": [9.5, 6, 13, 9.5], "texture": "#0", "cullface": "north"},
				"east": {"uv": [9.5, 6, 10, 9.5], "texture": "#0", "cullface": "north"},
				"west": {"uv": [12.5, 6, 13, 9.5], "texture": "#0", "cullface": "north"}
			}
		},
		{
			"from": [3, 3, -0.5],
			"to": [13.5, 6.5, 0],
			"rotation": {"angle": 0, "axis": "y", "origin": [8, 8, 8]},
			"faces": {
				"north": {"uv": [2.5, 9.5, 13, 13], "texture": "#0", "cullface": "north"},
				"east": {"uv": [2.5, 9.5, 3, 13], "texture": "#0", "cullface": "north"},
				"west": {"uv": [12.5, 9.5, 13, 13], "texture": "#0", "cullface": "north"},
				"up": {"uv": [2.5, 9.5, 13, 10], "texture": "#0", "cullface": "north"},
				"down": {"uv": [2.5, 12.5, 13, 13], "texture": "#0", "cullface": "north"}
			}
		},
		{
			"from": [10, 6.5, -0.5],
			"to": [13.5, 10, 0],
			"rotation": {"angle": 0, "axis": "y", "origin": [8, 8, 8]},
			"faces": {
				"north": {"uv": [2.5, 6, 6, 9.5], "texture": "#0", "cullface": "north"},
				"east": {"uv": [2.5, 6, 3, 9.5], "texture": "#0", "cullface": "north"},
				"west": {"uv": [5.5, 6, 6, 9.5], "texture": "#0", "cullface": "north"}
			}
		},
		{
			"from": [0.5, 2.5, -0.5],
			"to": [2.5, 14, 0],
			"rotation": {"angle": 0, "axis": "y", "origin": [8, 8, 8]},
			"faces": {
				"north": {"uv": [13.5, 2, 15.5, 13.5], "texture": "#0", "cullface": "north"},
				"east": {"uv": [13.5, 2, 14, 13.5], "texture": "#0", "cullface": "north"},
				"west": {"uv": [15, 2, 15.5, 13.5], "texture": "#0", "cullface": "north"}
			}
		},
		{
			"from": [0.5, 0.5, -0.5],
			"to": [16, 2.5, 0],
			"rotation": {"angle": 0, "axis": "y", "origin": [8, 8, 8]},
			"faces": {
				"north": {"uv": [0, 13.5, 15.5, 15.5], "texture": "#0", "cullface": "north"},
				"east": {"uv": [0, 13.5, 0.5, 15.5], "texture": "#0", "cullface": "north"},
				"west": {"uv": [15, 13.5, 15.5, 15.5], "texture": "#0", "cullface": "north"},
				"up": {"uv": [0, 13.5, 15.5, 14], "texture": "#0", "cullface": "north"},
				"down": {"uv": [0, 15, 15.5, 15.5], "texture": "#0", "cullface": "north"}
			}
		},
		{
			"from": [16, 14, 0.5],
			"to": [16.5, 16, 16],
			"rotation": {"angle": 0, "axis": "y", "origin": [8, 8, 8]},
			"faces": {
				"north": {"uv": [15, 0, 15.5, 2], "texture": "#0", "cullface": "east"},
				"east": {"uv": [0, 0, 15.5, 2], "texture": "#0", "cullface": "east"},
				"south": {"uv": [0, 0, 0.5, 2], "texture": "#0", "cullface": "east"},
				"up": {"uv": [0, 0, 15.5, 0.5], "rotation": 90, "texture": "#0", "cullface": "east"},
				"down": {"uv": [0, 1.5, 15.5, 2], "rotation": 270, "texture": "#0", "cullface": "east"}
			}
		},
		{
			"from": [16, 2.5, 14],
			"to": [16.5, 14, 16],
			"rotation": {"angle": 0, "axis": "y", "origin": [8, 8, 8]},
			"faces": {
				"north": {"uv": [1.5, 2, 2, 13.5], "texture": "#0", "cullface": "east"},
				"east": {"uv": [0, 2, 2, 13.5], "texture": "#0", "cullface": "east"},
				"south": {"uv": [0, 2, 0.5, 13.5], "texture": "#0", "cullface": "east"}
			}
		},
		{
			"from": [16, 10, 3],
			"to": [16.5, 13.5, 13.5],
			"rotation": {"angle": 0, "axis": "y", "origin": [8, 8, 8]},
			"faces": {
				"north": {"uv": [12.5, 2.5, 13, 6], "texture": "#0", "cullface": "east"},
				"east": {"uv": [2.5, 2.5, 13, 6], "texture": "#0", "cullface": "east"},
				"south": {"uv": [2.5, 2.5, 3, 6], "texture": "#0", "cullface": "east"},
				"up": {"uv": [2.5, 2.5, 13, 3], "rotation": 90, "texture": "#0", "cullface": "east"},
				"down": {"uv": [2.5, 5.5, 13, 6], "rotation": 270, "texture": "#0", "cullface": "east"}
			}
		},
		{
			"from": [16, 6.5, 3],
			"to": [16.5, 10, 6.5],
			"rotation": {"angle": 0, "axis": "y", "origin": [8, 8, 8]},
			"faces": {
				"north": {"uv": [12.5, 6, 13, 9.5], "texture": "#0", "cullface": "east"},
				"east": {"uv": [9.5, 6, 13, 9.5], "texture": "#0", "cullface": "east"},
				"south": {"uv": [9.5, 6, 10, 9.5], "texture": "#0", "cullface": "east"}
			}
		},
		{
			"from": [16, 3, 3],
			"to": [16.5, 6.5, 13.5],
			"rotation": {"angle": 0, "axis": "y", "origin": [8, 8, 8]},
			"faces": {
				"north": {"uv": [12.5, 9.5, 13, 13], "texture": "#0", "cullface": "east"},
				"east": {"uv": [2.5, 9.5, 13, 13], "texture": "#0", "cullface": "east"},
				"south": {"uv": [2.5, 9.5, 3, 13], "texture": "#0", "cullface": "east"},
				"up": {"uv": [2.5, 9.5, 13, 10], "rotation": 90, "texture": "#0", "cullface": "east"},
				"down": {"uv": [2.5, 12.5, 13, 13], "rotation": 270, "texture": "#0", "cullface": "east"}
			}
		},
		{
			"from": [16, 6.5, 10],
			"to": [16.5, 10, 13.5],
			"rotation": {"angle": 0, "axis": "y", "origin": [8, 8, 8]},
			"faces": {
				"north": {"uv": [5.5, 6, 6, 9.5], "texture": "#0", "cullface": "east"},
				"east": {"uv": [2.5, 6, 6, 9.5], "texture": "#0", "cullface": "east"},
				"south": {"uv": [2.5, 6, 3, 9.5], "texture": "#0", "cullface": "east"}
			}
		},
		{
			"from": [16, 2.5, 0.5],
			"to": [16.5, 14, 2.5],
			"rotation": {"angle": 0, "axis": "y", "origin": [8, 8, 8]},
			"faces": {
				"north": {"uv": [15, 2, 15.5, 13.5], "texture": "#0", "cullface": "east"},
				"east": {"uv": [13.5, 2, 15.5, 13.5], "texture": "#0", "cullface": "east"},
				"south": {"uv": [13.5, 2, 14, 13.5], "texture": "#0", "cullface": "east"}
			}
		},
		{
			"from": [16, 0.5, 0.5],
			"to": [16.5, 2.5, 16],
			"rotation": {"angle": 0, "axis": "y", "origin": [8, 8, 8]},
			"faces": {
				"north": {"uv": [15, 13.5, 15.5, 15.5], "texture": "#0", "cullface": "east"},
				"east": {"uv": [0, 13.5, 15.5, 15.5], "texture": "#0", "cullface": "east"},
				"south": {"uv": [0, 13.5, 0.5, 15.5], "texture": "#0", "cullface": "east"},
				"up": {"uv": [0, 13.5, 15.5, 14], "rotation": 90, "texture": "#0", "cullface": "east"},
				"down": {"uv": [0, 15, 15.5, 15.5], "rotation": 270, "texture": "#0", "cullface": "east"}
			}
		},
		{
			"from": [0, 14, 16],
			"to": [15.5, 16, 16.5],
			"rotation": {"angle": 0, "axis": "y", "origin": [8, 8, 8]},
			"faces": {
				"east": {"uv": [15, 0, 15.5, 2], "texture": "#0", "cullface": "south"},
				"south": {"uv": [0, 0, 15.5, 2], "texture": "#0", "cullface": "south"},
				"west": {"uv": [0, 0, 0.5, 2], "texture": "#0", "cullface": "south"},
				"up": {"uv": [0, 0, 15.5, 0.5], "rotation": 180, "texture": "#0", "cullface": "south"},
				"down": {"uv": [0, 1.5, 15.5, 2], "rotation": 180, "texture": "#0", "cullface": "south"}
			}
		},
		{
			"from": [0, 2.5, 16],
			"to": [2, 14, 16.5],
			"rotation": {"angle": 0, "axis": "y", "origin": [8, 8, 8]},
			"faces": {
				"east": {"uv": [1.5, 2, 2, 13.5], "texture": "#0", "cullface": "south"},
				"south": {"uv": [0, 2, 2, 13.5], "texture": "#0", "cullface": "south"},
				"west": {"uv": [0, 2, 0.5, 13.5], "texture": "#0", "cullface": "south"}
			}
		},
		{
			"from": [2.5, 10, 16],
			"to": [13, 13.5, 16.5],
			"rotation": {"angle": 0, "axis": "y", "origin": [8, 8, 8]},
			"faces": {
				"east": {"uv": [12.5, 2.5, 13, 6], "texture": "#0", "cullface": "south"},
				"south": {"uv": [2.5, 2.5, 13, 6], "texture": "#0", "cullface": "south"},
				"west": {"uv": [2.5, 2.5, 3, 6], "texture": "#0", "cullface": "south"},
				"up": {"uv": [2.5, 2.5, 13, 3], "rotation": 180, "texture": "#0", "cullface": "south"},
				"down": {"uv": [2.5, 5.5, 13, 6], "rotation": 180, "texture": "#0", "cullface": "south"}
			}
		},
		{
			"from": [9.5, 6.5, 16],
			"to": [13, 10, 16.5],
			"rotation": {"angle": 0, "axis": "y", "origin": [8, 8, 8]},
			"faces": {
				"east": {"uv": [12.5, 6, 13, 9.5], "texture": "#0", "cullface": "south"},
				"south": {"uv": [9.5, 6, 13, 9.5], "texture": "#0", "cullface": "south"},
				"west": {"uv": [9.5, 6, 10, 9.5], "texture": "#0", "cullface": "south"}
			}
		},
		{
			"from": [2.5, 3, 16],
			"to": [13, 6.5, 16.5],
			"rotation": {"angle": 0, "axis": "y", "origin": [8, 8, 8]},
			"faces": {
				"east": {"uv": [12.5, 9.5, 13, 13], "texture": "#0", "cullface": "south"},
				"south": {"uv": [2.5, 9.5, 13, 13], "texture": "#0", "cullface": "south"},
				"west": {"uv": [2.5, 9.5, 3, 13], "texture": "#0", "cullface": "south"},
				"up": {"uv": [2.5, 9.5, 13, 10], "rotation": 180, "texture": "#0", "cullface": "south"},
				"down": {"uv": [2.5, 12.5, 13, 13], "rotation": 180, "texture": "#0", "cullface": "south"}
			}
		},
		{
			"from": [2.5, 6.5, 16],
			"to": [6, 10, 16.5],
			"rotation": {"angle": 0, "axis": "y", "origin": [8, 8, 8]},
			"faces": {
				"east": {"uv": [5.5, 6, 6, 9.5], "texture": "#0", "cullface": "south"},
				"south": {"uv": [2.5, 6, 6, 9.5], "texture": "#0", "cullface": "south"},
				"west": {"uv": [2.5, 6, 3, 9.5], "texture": "#0", "cullface": "south"}
			}
		},
		{
			"from": [13.5, 2.5, 16],
			"to": [15.5, 14, 16.5],
			"rotation": {"angle": 0, "axis": "y", "origin": [8, 8, 8]},
			"faces": {
				"east": {"uv": [15, 2, 15.5, 13.5], "texture": "#0", "cullface": "south"},
				"south": {"uv": [13.5, 2, 15.5, 13.5], "texture": "#0", "cullface": "south"},
				"west": {"uv": [13.5, 2, 14, 13.5], "texture": "#0", "cullface": "south"}
			}
		},
		{
			"from": [0, 0.5, 16],
			"to": [15.5, 2.5, 16.5],
			"rotation": {"angle": 0, "axis": "y", "origin": [8, 8, 8]},
			"faces": {
				"east": {"uv": [15, 13.5, 15.5, 15.5], "texture": "#0", "cullface": "south"},
				"south": {"uv": [0, 13.5, 15.5, 15.5], "texture": "#0", "cullface": "south"},
				"west": {"uv": [0, 13.5, 0.5, 15.5], "texture": "#0", "cullface": "south"},
				"up": {"uv": [0, 13.5, 15.5, 14], "rotation": 180, "texture": "#0", "cullface": "south"},
				"down": {"uv": [0, 15, 15.5, 15.5], "rotation": 180, "texture": "#0", "cullface": "south"}
			}
		},
		{
			"from": [-0.5, 14, 0],
			"to": [0, 16, 15.5],
			"rotation": {"angle": 0, "axis": "y", "origin": [8, 8, 8]},
			"faces": {
				"north": {"uv": [0, 0, 0.5, 2], "texture": "#0", "cullface": "west"},
				"south": {"uv": [15, 0, 15.5, 2], "texture": "#0", "cullface": "west"},
				"west": {"uv": [0, 0, 15.5, 2], "texture": "#0", "cullface": "west"},
				"up": {"uv": [0, 0, 15.5, 0.5], "rotation": 270, "texture": "#0", "cullface": "west"},
				"down": {"uv": [0, 1.5, 15.5, 2], "rotation": 90, "texture": "#0", "cullface": "west"}
			}
		},
		{
			"from": [-0.5, 2.5, 0],
			"to": [0, 14, 2],
			"rotation": {"angle": 0, "axis": "y", "origin": [8, 8, 8]},
			"faces": {
				"north": {"uv": [0, 2, 0.5, 13.5], "texture": "#0", "cullface": "west"},
				"south": {"uv": [1.5, 2, 2, 13.5], "texture": "#0", "cullface": "west"},
				"west": {"uv": [0, 2, 2, 13.5], "texture": "#0", "cullface": "west"}
			}
		},
		{
			"from": [-0.5, 10, 2.5],
			"to": [0, 13.5, 13],
			"rotation": {"angle": 0, "axis": "y", "origin": [8, 8, 8]},
			"faces": {
				"north": {"uv": [2.5, 2.5, 3, 6], "texture": "#0", "cullface": "west"},
				"south": {"uv": [12.5, 2.5, 13, 6], "texture": "#0", "cullface": "west"},
				"west": {"uv": [2.5, 2.5, 13, 6], "texture": "#0", "cullface": "west"},
				"up": {"uv": [2.5, 2.5, 13, 3], "rotation": 270, "texture": "#0", "cullface": "west"},
				"down": {"uv": [2.5, 5.5, 13, 6], "rotation": 90, "texture": "#0", "cullface": "west"}
			}
		},
		{
			"from": [-0.5, 6.5, 9.5],
			"to": [0, 10, 13],
			"rotation": {"angle": 0, "axis": "y", "origin": [8, 8, 8]},
			"faces": {
				"north": {"uv": [9.5, 6, 10, 9.5], "texture": "#0", "cullface": "west"},
				"south": {"uv": [12.5, 6, 13, 9.5], "texture": "#0", "cullface": "west"},
				"west": {"uv": [9.5, 6, 13, 9.5], "texture": "#0", "cullface": "west"}
			}
		},
		{
			"from": [-0.5, 3, 2.5],
			"to": [0, 6.5, 13],
			"rotation": {"angle": 0, "axis": "y", "origin": [8, 8, 8]},
			"faces": {
				"north": {"uv": [2.5, 9.5, 3, 13], "texture": "#0", "cullface": "west"},
				"south": {"uv": [12.5, 9.5, 13, 13], "texture": "#0", "cullface": "west"},
				"west": {"uv": [2.5, 9.5, 13, 13], "texture": "#0", "cullface": "west"},
				"up": {"uv": [2.5, 9.5, 13, 10], "rotation": 270, "texture": "#0", "cullface": "west"},
				"down": {"uv": [2.5, 12.5, 13, 13], "rotation": 90, "texture": "#0", "cullface": "west"}
			}
		},
		{
			"from": [-0.5, 6.5, 2.5],
			"to": [0, 10, 6],
			"rotation": {"angle": 0, "axis": "y", "origin": [8, 8, 8]},
			"faces": {
				"north": {"uv": [2.5, 6, 3, 9.5], "texture": "#0", "cullface": "west"},
				"south": {"uv": [5.5, 6, 6, 9.5], "texture": "#0", "cullface": "west"},
				"west": {"uv": [2.5, 6, 6, 9.5], "texture": "#0", "cullface": "west"}
			}
		},
		{
			"from": [-0.5, 2.5, 13.5],
			"to": [0, 14, 15.5],
			"rotation": {"angle": 0, "axis": "y", "origin": [8, 8, 8]},
			"faces": {
				"north": {"uv": [13.5, 2, 14, 13.5], "texture": "#0", "cullface": "west"},
				"south": {"uv": [15, 2, 15.5, 13.5], "texture": "#0", "cullface": "west"},
				"west": {"uv": [13.5, 2, 15.5, 13.5], "texture": "#0", "cullface": "west"}
			}
		},
		{
			"from": [-0.5, 0.5, 0],
			"to": [0, 2.5, 15.5],
			"rotation": {"angle": 0, "axis": "y", "origin": [8, 8, 8]},
			"faces": {
				"north": {"uv": [0, 13.5, 0.5, 15.5], "texture": "#0", "cullface": "west"},
				"south": {"uv": [15, 13.5, 15.5, 15.5], "texture": "#0", "cullface": "west"},
				"west": {"uv": [0, 13.5, 15.5, 15.5], "texture": "#0", "cullface": "west"},
				"up": {"uv": [0, 13.5, 15.5, 14], "rotation": 270, "texture": "#0", "cullface": "west"},
				"down": {"uv": [0, 15, 15.5, 15.5], "rotation": 90, "texture": "#0", "cullface": "west"}
			}
		},
		{
			"from": [0, 16, 0],
			"to": [15.5, 16.5, 2],
			"rotation": {"angle": 0, "axis": "x", "origin": [8, 8, 8]},
			"faces": {
				"north": {"uv": [0, 0, 15.5, 0.5], "texture": "#0", "cullface": "up"},
				"east": {"uv": [15, 0, 15.5, 2], "rotation": 90, "texture": "#0", "cullface": "up"},
				"south": {"uv": [0, 1.5, 15.5, 2], "rotation": 180, "texture": "#0", "cullface": "up"},
				"west": {"uv": [0, 0, 0.5, 2], "rotation": 270, "texture": "#0", "cullface": "up"},
				"up": {"uv": [0, 0, 15.5, 2], "texture": "#0", "cullface": "up"}
			}
		},
		{
			"from": [0, 16, 2],
			"to": [2, 16.5, 13.5],
			"rotation": {"angle": 0, "axis": "x", "origin": [8, 8, 8]},
			"faces": {
				"east": {"uv": [1.5, 2, 2, 13.5], "rotation": 90, "texture": "#0", "cullface": "up"},
				"west": {"uv": [0, 2, 0.5, 13.5], "rotation": 270, "texture": "#0", "cullface": "up"},
				"up": {"uv": [0, 2, 2, 13.5], "texture": "#0", "cullface": "up"}
			}
		},
		{
			"from": [2.5, 16, 2.5],
			"to": [13, 16.5, 6],
			"rotation": {"angle": 0, "axis": "x", "origin": [8, 8, 8]},
			"faces": {
				"north": {"uv": [2.5, 2.5, 13, 3], "texture": "#0", "cullface": "up"},
				"east": {"uv": [12.5, 2.5, 13, 6], "rotation": 90, "texture": "#0", "cullface": "up"},
				"south": {"uv": [2.5, 5.5, 13, 6], "rotation": 180, "texture": "#0", "cullface": "up"},
				"west": {"uv": [2.5, 2.5, 3, 6], "rotation": 270, "texture": "#0", "cullface": "up"},
				"up": {"uv": [2.5, 2.5, 13, 6], "texture": "#0", "cullface": "up"}
			}
		},
		{
			"from": [9.5, 16, 6],
			"to": [13, 16.5, 9.5],
			"rotation": {"angle": 0, "axis": "x", "origin": [8, 8, 8]},
			"faces": {
				"east": {"uv": [12.5, 6, 13, 9.5], "rotation": 90, "texture": "#0", "cullface": "up"},
				"west": {"uv": [9.5, 6, 10, 9.5], "rotation": 270, "texture": "#0", "cullface": "up"},
				"up": {"uv": [9.5, 6, 13, 9.5], "texture": "#0", "cullface": "up"}
			}
		},
		{
			"from": [2.5, 16, 9.5],
			"to": [13, 16.5, 13],
			"rotation": {"angle": 0, "axis": "x", "origin": [8, 8, 8]},
			"faces": {
				"north": {"uv": [2.5, 9.5, 13, 10], "texture": "#0", "cullface": "up"},
				"east": {"uv": [12.5, 9.5, 13, 13], "rotation": 90, "texture": "#0", "cullface": "up"},
				"south": {"uv": [2.5, 12.5, 13, 13], "rotation": 180, "texture": "#0", "cullface": "up"},
				"west": {"uv": [2.5, 9.5, 3, 13], "rotation": 270, "texture": "#0", "cullface": "up"},
				"up": {"uv": [2.5, 9.5, 13, 13], "texture": "#0", "cullface": "up"}
			}
		},
		{
			"from": [2.5, 16, 6],
			"to": [6, 16.5, 9.5],
			"rotation": {"angle": 0, "axis": "x", "origin": [8, 8, 8]},
			"faces": {
				"east": {"uv": [5.5, 6, 6, 9.5], "rotation": 90, "texture": "#0", "cullface": "up"},
				"west": {"uv": [2.5, 6, 3, 9.5], "rotation": 270, "texture": "#0", "cullface": "up"},
				"up": {"uv": [2.5, 6, 6, 9.5], "texture": "#0", "cullface": "up"}
			}
		},
		{
			"from": [13.5, 16, 2],
			"to": [15.5, 16.5, 13.5],
			"rotation": {"angle": 0, "axis": "x", "origin": [8, 8, 8]},
			"faces": {
				"east": {"uv": [15, 2, 15.5, 13.5], "rotation": 90, "texture": "#0", "cullface": "up"},
				"west": {"uv": [13.5, 2, 14, 13.5], "rotation": 270, "texture": "#0", "cullface": "up"},
				"up": {"uv": [13.5, 2, 15.5, 13.5], "texture": "#0", "cullface": "up"}
			}
		},
		{
			"from": [0, 16, 13.5],
			"to": [15.5, 16.5, 15.5],
			"rotation": {"angle": 0, "axis": "x", "origin": [8, 8, 8]},
			"faces": {
				"north": {"uv": [0, 13.5, 15.5, 14], "texture": "#0", "cullface": "up"},
				"east": {"uv": [15, 13.5, 15.5, 15.5], "rotation": 90, "texture": "#0", "cullface": "up"},
				"south": {"uv": [0, 15, 15.5, 15.5], "rotation": 180, "texture": "#0", "cullface": "up"},
				"west": {"uv": [0, 13.5, 0.5, 15.5], "rotation": 270, "texture": "#0", "cullface": "up"},
				"up": {"uv": [0, 13.5, 15.5, 15.5], "texture": "#0", "cullface": "up"}
			}
		},
		{
			"from": [0, -0.5, 14],
			"to": [15.5, 0, 16],
			"rotation": {"angle": 0, "axis": "x", "origin": [8, 8, 8]},
			"faces": {
				"north": {"uv": [0, 1.5, 15.5, 2], "texture": "#0", "cullface": "down"},
				"east": {"uv": [15, 0, 15.5, 2], "rotation": 270, "texture": "#0", "cullface": "down"},
				"south": {"uv": [0, 0, 15.5, 0.5], "rotation": 180, "texture": "#0", "cullface": "down"},
				"west": {"uv": [0, 0, 0.5, 2], "rotation": 90, "texture": "#0", "cullface": "down"},
				"down": {"uv": [0, 0, 15.5, 2], "texture": "#0", "cullface": "down"}
			}
		},
		{
			"from": [0, -0.5, 2.5],
			"to": [2, 0, 14],
			"rotation": {"angle": 0, "axis": "x", "origin": [8, 8, 8]},
			"faces": {
				"east": {"uv": [1.5, 2, 2, 13.5], "rotation": 270, "texture": "#0", "cullface": "down"},
				"west": {"uv": [0, 2, 0.5, 13.5], "rotation": 90, "texture": "#0", "cullface": "down"},
				"down": {"uv": [0, 2, 2, 13.5], "texture": "#0", "cullface": "down"}
			}
		},
		{
			"from": [2.5, -0.5, 10],
			"to": [13, 0, 13.5],
			"rotation": {"angle": 0, "axis": "x", "origin": [8, 8, 8]},
			"faces": {
				"north": {"uv": [2.5, 5.5, 13, 6], "texture": "#0", "cullface": "down"},
				"east": {"uv": [12.5, 2.5, 13, 6], "rotation": 270, "texture": "#0", "cullface": "down"},
				"south": {"uv": [2.5, 2.5, 13, 3], "rotation": 180, "texture": "#0", "cullface": "down"},
				"west": {"uv": [2.5, 2.5, 3, 6], "rotation": 90, "texture": "#0", "cullface": "down"},
				"down": {"uv": [2.5, 2.5, 13, 6], "texture": "#0", "cullface": "down"}
			}
		},
		{
			"from": [9.5, -0.5, 6.5],
			"to": [13, 0, 10],
			"rotation": {"angle": 0, "axis": "x", "origin": [8, 8, 8]},
			"faces": {
				"east": {"uv": [12.5, 6, 13, 9.5], "rotation": 270, "texture": "#0", "cullface": "down"},
				"west": {"uv": [9.5, 6, 10, 9.5], "rotation": 90, "texture": "#0", "cullface": "down"},
				"down": {"uv": [9.5, 6, 13, 9.5], "texture": "#0", "cullface": "down"}
			}
		},
		{
			"from": [2.5, -0.5, 3],
			"to": [13, 0, 6.5],
			"rotation": {"angle": 0, "axis": "x", "origin": [8, 8, 8]},
			"faces": {
				"north": {"uv": [2.5, 12.5, 13, 13], "texture": "#0", "cullface": "down"},
				"east": {"uv": [12.5, 9.5, 13, 13], "rotation": 270, "texture": "#0", "cullface": "down"},
				"south": {"uv": [2.5, 9.5, 13, 10], "rotation": 180, "texture": "#0", "cullface": "down"},
				"west": {"uv": [2.5, 9.5, 3, 13], "rotation": 90, "texture": "#0", "cullface": "down"},
				"down": {"uv": [2.5, 9.5, 13, 13], "texture": "#0", "cullface": "down"}
			}
		},
		{
			"from": [2.5, -0.5, 6.5],
			"to": [6, 0, 10],
			"rotation": {"angle": 0, "axis": "x", "origin": [8, 8, 8]},
			"faces": {
				"east": {"uv": [5.5, 6, 6, 9.5], "rotation": 270, "texture": "#0", "cullface": "down"},
				"west": {"uv": [2.5, 6, 3, 9.5], "rotation": 90, "texture": "#0", "cullface": "down"},
				"down": {"uv": [2.5, 6, 6, 9.5], "texture": "#0", "cullface": "down"}
			}
		},
		{
			"from": [13.5, -0.5, 2.5],
			"to": [15.5, 0, 14],
			"rotation": {"angle": 0, "axis": "x", "origin": [8, 8, 8]},
			"faces": {
				"east": {"uv": [15, 2, 15.5, 13.5], "rotation": 270, "texture": "#0", "cullface": "down"},
				"west": {"uv": [13.5, 2, 14, 13.5], "rotation": 90, "texture": "#0", "cullface": "down"},
				"down": {"uv": [13.5, 2, 15.5, 13.5], "texture": "#0", "cullface": "down"}
			}
		},
		{
			"from": [0, -0.5, 0.5],
			"to": [15.5, 0, 2.5],
			"rotation": {"angle": 0, "axis": "x", "origin": [8, 8, 8]},
			"faces": {
				"north": {"uv": [0, 15, 15.5, 15.5], "texture": "#0", "cullface": "down"},
				"east": {"uv": [15, 13.5, 15.5, 15.5], "rotation": 270, "texture": "#0", "cullface": "down"},
				"south": {"uv": [0, 13.5, 15.5, 14], "rotation": 180, "texture": "#0", "cullface": "down"},
				"west": {"uv": [0, 13.5, 0.5, 15.5], "rotation": 90, "texture": "#0", "cullface": "down"},
				"down": {"uv": [0, 13.5, 15.5, 15.5], "texture": "#0", "cullface": "down"}
			}
		}
	],
	"groups": [
		0,
		{
			"name": "north",
			"origin": [0, 0, 0],
			"color": 0,
			"children": [1, 2, 3, 4, 5, 6, 7, 8]
		},
		{
			"name": "east",
			"origin": [0, 0, 0],
			"color": 0,
			"children": [9, 10, 11, 12, 13, 14, 15, 16]
		},
		{
			"name": "south",
			"origin": [0, 0, 0],
			"color": 0,
			"children": [17, 18, 19, 20, 21, 22, 23, 24]
		},
		{
			"name": "west",
			"origin": [0, 0, 0],
			"color": 0,
			"children": [25, 26, 27, 28, 29, 30, 31, 32]
		},
		{
			"name": "up",
			"origin": [0, 0, 0],
			"color": 0,
			"children": [33, 34, 35, 36, 37, 38, 39, 40]
		},
		{
			"name": "down",
			"origin": [0, 0, 0],
			"color": 0,
			"children": [41, 42, 43, 44, 45, 46, 47, 48]
		}
	]
}