{
	"credit": "Made with Blockbench",
	"parent": "block/block",
	"textures": {
		"0": "block/chiseled_deepslate",
		"particle": "block/chiseled_deepslate"
	},
	"elements": [
		{
			"name": "center",
			"from": [0.5, 0.5, 0.5],
			"to": [15.5, 15.5, 15.5],
			"faces": {
				"north": {"uv": [0.5, 0.5, 15.5, 15.5], "texture": "#0", "cullface": "north"},
				"east": {"uv": [0.5, 0.5, 15.5, 15.5], "texture": "#0", "cullface": "east"},
				"south": {"uv": [0.5, 0.5, 15.5, 15.5], "texture": "#0", "cullface": "south"},
				"west": {"uv": [0.5, 0.5, 15.5, 15.5], "texture": "#0", "cullface": "west"},
				"up": {"uv": [0.5, 0.5, 15.5, 15.5], "texture": "#0"},
				"down": {"uv": [0.5, 0.5, 15.5, 15.5], "texture": "#0", "cullface": "down"}
			}
		},
		{
			"from": [0, 0, 0],
			"to": [16, 6.5, 0.5],
			"rotation": {"angle": 0, "axis": "y", "origin": [8, 8, 8]},
			"faces": {
				"north": {"uv": [0, 9.5, 16, 16], "texture": "#0", "cullface": "north"},
				"up": {"uv": [0, 9.5, 16, 10], "texture": "#0", "cullface": "north"}
			}
		},
		{
			"from": [10.5, 6.5, 0],
			"to": [16, 10, 0.5],
			"rotation": {"angle": 0, "axis": "y", "origin": [8, 8, 8]},
			"faces": {
				"north": {"uv": [0, 6, 5.5, 9.5], "texture": "#0", "cullface": "north"},
				"west": {"uv": [5, 6, 5.5, 9.5], "texture": "#0"},
				"up": {"uv": [0, 6, 5.5, 6.5], "texture": "#0", "cullface": "north"}
			}
		},
		{
			"from": [0, 6.5, 0],
			"to": [5.5, 10, 0.5],
			"rotation": {"angle": 0, "axis": "y", "origin": [8, 8, 8]},
			"faces": {
				"north": {"uv": [10.5, 6, 16, 9.5], "texture": "#0", "cullface": "north"},
				"east": {"uv": [10.5, 6, 11, 9.5], "texture": "#0"},
				"up": {"uv": [10.5, 6, 16, 6.5], "texture": "#0", "cullface": "north"}
			}
		},
		{
			"from": [5, 10, 0],
			"to": [11, 12, 0.5],
			"rotation": {"angle": 0, "axis": "y", "origin": [8, 8, 8]},
			"faces": {
				"north": {"uv": [5, 4, 11, 6], "texture": "#0", "cullface": "north"},
				"east": {"uv": [5, 4, 5.5, 6], "texture": "#0", "cullface": "north"},
				"west": {"uv": [10.5, 4, 11, 6], "texture": "#0", "cullface": "north"},
				"down": {"uv": [5, 5.5, 11, 6], "texture": "#0", "cullface": "north"}
			}
		},
		{
			"from": [0, 12, 0],
			"to": [16, 16, 0.5],
			"rotation": {"angle": 0, "axis": "y", "origin": [8, 8, 8]},
			"faces": {
				"north": {"uv": [0, 0, 16, 4], "texture": "#0", "cullface": "north"},
				"down": {"uv": [0, 3.5, 16, 4], "texture": "#0", "cullface": "north"}
			}
		},
		{
			"from": [15.5, 0, 0],
			"to": [16, 6.5, 16],
			"rotation": {"angle": 0, "axis": "y", "origin": [8, 8, 8]},
			"faces": {
				"east": {"uv": [0, 9.5, 16, 16], "texture": "#0", "cullface": "east"},
				"up": {"uv": [0, 9.5, 16, 10], "rotation": 90, "texture": "#0", "cullface": "east"}
			}
		},
		{
			"from": [15.5, 6.5, 10.5],
			"to": [16, 10, 16],
			"rotation": {"angle": 0, "axis": "y", "origin": [8, 8, 8]},
			"faces": {
				"north": {"uv": [5, 6, 5.5, 9.5], "texture": "#0", "cullface": "east"},
				"east": {"uv": [0, 6, 5.5, 9.5], "texture": "#0", "cullface": "east"},
				"up": {"uv": [0, 6, 5.5, 6.5], "rotation": 90, "texture": "#0", "cullface": "east"}
			}
		},
		{
			"from": [15.5, 6.5, 0],
			"to": [16, 10, 5.5],
			"rotation": {"angle": 0, "axis": "y", "origin": [8, 8, 8]},
			"faces": {
				"east": {"uv": [10.5, 6, 16, 9.5], "texture": "#0", "cullface": "east"},
				"south": {"uv": [10.5, 6, 11, 9.5], "texture": "#0", "cullface": "east"},
				"up": {"uv": [10.5, 6, 16, 6.5], "rotation": 90, "texture": "#0", "cullface": "east"}
			}
		},
		{
			"from": [15.5, 10, 5],
			"to": [16, 12, 11],
			"rotation": {"angle": 0, "axis": "y", "origin": [8, 8, 8]},
			"faces": {
				"north": {"uv": [10.5, 4, 11, 6], "texture": "#0", "cullface": "east"},
				"east": {"uv": [5, 4, 11, 6], "texture": "#0", "cullface": "east"},
				"south": {"uv": [5, 4, 5.5, 6], "texture": "#0", "cullface": "east"},
				"down": {"uv": [5, 5.5, 11, 6], "rotation": 270, "texture": "#0", "cullface": "east"}
			}
		},
		{
			"from": [15.5, 10, 0],
			"to": [16, 12, 0.5],
			"rotation": {"angle": 0, "axis": "y", "origin": [8, 8, 8]},
			"faces": {
				"north": {"uv": [0, 4, 0.5, 6], "texture": "#0"},
				"east": {"uv": [15.5, 4, 16, 6], "texture": "#0", "cullface": "east"},
				"south": {"uv": [15.5, 4, 16, 6], "texture": "#0", "cullface": "east"},
				"west": {"uv": [0, 4, 0.5, 6], "texture": "#0"}
			}
		},
		{
			"from": [15.5, 12, 0],
			"to": [16, 16, 16],
			"rotation": {"angle": 0, "axis": "y", "origin": [8, 8, 8]},
			"faces": {
				"east": {"uv": [0, 0, 16, 4], "texture": "#0", "cullface": "east"},
				"down": {"uv": [0, 3.5, 16, 4], "rotation": 270, "texture": "#0", "cullface": "east"}
			}
		},
		{
			"from": [0, 0, 15.5],
			"to": [16, 6.5, 16],
			"rotation": {"angle": 0, "axis": "y", "origin": [8, 8, 8]},
			"faces": {
				"south": {"uv": [0, 9.5, 16, 16], "texture": "#0", "cullface": "south"},
				"up": {"uv": [0, 9.5, 16, 10], "rotation": 180, "texture": "#0", "cullface": "south"}
			}
		},
		{
			"from": [0, 6.5, 15.5],
			"to": [5.5, 10, 16],
			"rotation": {"angle": 0, "axis": "y", "origin": [8, 8, 8]},
			"faces": {
				"east": {"uv": [5, 6, 5.5, 9.5], "texture": "#0", "cullface": "south"},
				"south": {"uv": [0, 6, 5.5, 9.5], "texture": "#0", "cullface": "south"},
				"up": {"uv": [0, 6, 5.5, 6.5], "rotation": 180, "texture": "#0", "cullface": "south"}
			}
		},
		{
			"from": [10.5, 6.5, 15.5],
			"to": [16, 10, 16],
			"rotation": {"angle": 0, "axis": "y", "origin": [8, 8, 8]},
			"faces": {
				"south": {"uv": [10.5, 6, 16, 9.5], "texture": "#0", "cullface": "south"},
				"west": {"uv": [10.5, 6, 11, 9.5], "texture": "#0", "cullface": "south"},
				"up": {"uv": [10.5, 6, 16, 6.5], "rotation": 180, "texture": "#0", "cullface": "south"}
			}
		},
		{
			"from": [5, 10, 15.5],
			"to": [11, 12, 16],
			"rotation": {"angle": 0, "axis": "y", "origin": [8, 8, 8]},
			"faces": {
				"east": {"uv": [10.5, 4, 11, 6], "texture": "#0", "cullface": "south"},
				"south": {"uv": [5, 4, 11, 6], "texture": "#0", "cullface": "south"},
				"west": {"uv": [5, 4, 5.5, 6], "texture": "#0", "cullface": "south"},
				"down": {"uv": [5, 5.5, 11, 6], "rotation": 180, "texture": "#0", "cullface": "south"}
			}
		},
		{
			"from": [15.5, 10, 15.5],
			"to": [16, 12, 16],
			"rotation": {"angle": 0, "axis": "y", "origin": [8, 8, 8]},
			"faces": {
				"north": {"uv": [0, 4, 0.5, 6], "texture": "#0", "cullface": "east"},
				"east": {"uv": [0, 4, 0.5, 6], "texture": "#0"},
				"south": {"uv": [15.5, 4, 16, 6], "texture": "#0", "cullface": "south"},
				"west": {"uv": [15.5, 4, 16, 6], "texture": "#0", "cullface": "south"}
			}
		},
		{
			"from": [0, 12, 15.5],
			"to": [16, 16, 16],
			"rotation": {"angle": 0, "axis": "y", "origin": [8, 8, 8]},
			"faces": {
				"south": {"uv": [0, 0, 16, 4], "texture": "#0", "cullface": "south"},
				"down": {"uv": [0, 3.5, 16, 4], "rotation": 180, "texture": "#0", "cullface": "south"}
			}
		},
		{
			"from": [0, 0, 0],
			"to": [0.5, 6.5, 16],
			"rotation": {"angle": 0, "axis": "y", "origin": [8, 8, 8]},
			"faces": {
				"west": {"uv": [0, 9.5, 16, 16], "texture": "#0", "cullface": "west"},
				"up": {"uv": [0, 9.5, 16, 10], "rotation": 270, "texture": "#0", "cullface": "west"}
			}
		},
		{
			"from": [0, 6.5, 0],
			"to": [0.5, 10, 5.5],
			"rotation": {"angle": 0, "axis": "y", "origin": [8, 8, 8]},
			"faces": {
				"south": {"uv": [5, 6, 5.5, 9.5], "texture": "#0", "cullface": "west"},
				"west": {"uv": [0, 6, 5.5, 9.5], "texture": "#0", "cullface": "west"},
				"up": {"uv": [0, 6, 5.5, 6.5], "rotation": 270, "texture": "#0", "cullface": "west"}
			}
		},
		{
			"from": [0, 6.5, 10.5],
			"to": [0.5, 10, 16],
			"rotation": {"angle": 0, "axis": "y", "origin": [8, 8, 8]},
			"faces": {
				"north": {"uv": [10.5, 6, 11, 9.5], "texture": "#0", "cullface": "west"},
				"west": {"uv": [10.5, 6, 16, 9.5], "texture": "#0", "cullface": "west"},
				"up": {"uv": [10.5, 6, 16, 6.5], "rotation": 270, "texture": "#0", "cullface": "west"}
			}
		},
		{
			"from": [0, 10, 5],
			"to": [0.5, 12, 11],
			"rotation": {"angle": 0, "axis": "y", "origin": [8, 8, 8]},
			"faces": {
				"north": {"uv": [5, 4, 5.5, 6], "texture": "#0", "cullface": "west"},
				"south": {"uv": [10.5, 4, 11, 6], "texture": "#0", "cullface": "west"},
				"west": {"uv": [5, 4, 11, 6], "texture": "#0", "cullface": "west"},
				"down": {"uv": [5, 5.5, 11, 6], "rotation": 90, "texture": "#0", "cullface": "west"}
			}
		},
		{
			"from": [0, 10, 0],
			"to": [0.5, 12, 0.5],
			"rotation": {"angle": 0, "axis": "y", "origin": [8, 8, 8]},
			"faces": {
				"north": {"uv": [15.5, 4, 16, 6], "texture": "#0"},
				"east": {"uv": [15.5, 4, 16, 6], "texture": "#0"},
				"south": {"uv": [0, 4, 0.5, 6], "texture": "#0", "cullface": "west"},
				"west": {"uv": [0, 4, 0.5, 6], "texture": "#0", "cullface": "west"}
			}
		},
		{
			"from": [0, 10, 15.5],
			"to": [0.5, 12, 16],
			"rotation": {"angle": 0, "axis": "y", "origin": [8, 8, 8]},
			"faces": {
				"north": {"uv": [15.5, 4, 16, 6], "texture": "#0", "cullface": "west"},
				"east": {"uv": [0, 4, 0.5, 6], "texture": "#0", "cullface": "south"},
				"south": {"uv": [0, 4, 0.5, 6], "texture": "#0"},
				"west": {"uv": [15.5, 4, 16, 6], "texture": "#0", "cullface": "west"}
			}
		},
		{
			"from": [0, 12, 0],
			"to": [0.5, 16, 16],
			"rotation": {"angle": 0, "axis": "y", "origin": [8, 8, 8]},
			"faces": {
				"west": {"uv": [0, 0, 16, 4], "texture": "#0", "cullface": "west"},
				"down": {"uv": [0, 3.5, 16, 4], "rotation": 90, "texture": "#0", "cullface": "west"}
			}
		},
		{
			"from": [0, 15.5, 9.5],
			"to": [16, 16, 16],
			"rotation": {"angle": 0, "axis": "x", "origin": [8, 8, 8]},
			"faces": {
				"north": {"uv": [0, 9.5, 16, 10], "texture": "#0", "cullface": "up"},
				"up": {"uv": [0, 9.5, 16, 16], "texture": "#0", "cullface": "up"}
			}
		},
		{
			"from": [0, 15.5, 6],
			"to": [5.5, 16, 9.5],
			"rotation": {"angle": 0, "axis": "x", "origin": [8, 8, 8]},
			"faces": {
				"north": {"uv": [0, 6, 5.5, 6.5], "texture": "#0", "cullface": "north"},
				"east": {"uv": [5, 6, 5.5, 9.5], "rotation": 90, "texture": "#0", "cullface": "up"},
				"up": {"uv": [0, 6, 5.5, 9.5], "texture": "#0", "cullface": "up"}
			}
		},
		{
			"from": [10.5, 15.5, 6],
			"to": [16, 16, 9.5],
			"rotation": {"angle": 0, "axis": "x", "origin": [8, 8, 8]},
			"faces": {
				"north": {"uv": [10.5, 6, 16, 6.5], "texture": "#0", "cullface": "north"},
				"west": {"uv": [10.5, 6, 11, 9.5], "rotation": 270, "texture": "#0", "cullface": "up"},
				"up": {"uv": [10.5, 6, 16, 9.5], "texture": "#0", "cullface": "up"}
			}
		},
		{
			"from": [5, 15.5, 4],
			"to": [11, 16, 6],
			"rotation": {"angle": 0, "axis": "x", "origin": [8, 8, 8]},
			"faces": {
				"east": {"uv": [10.5, 4, 11, 6], "rotation": 90, "texture": "#0", "cullface": "up"},
				"south": {"uv": [5, 5.5, 11, 6], "rotation": 180, "texture": "#0", "cullface": "up"},
				"west": {"uv": [5, 4, 5.5, 6], "rotation": 270, "texture": "#0", "cullface": "up"},
				"up": {"uv": [5, 4, 11, 6], "texture": "#0", "cullface": "up"}
			}
		},
		{
			"from": [0, 15.5, 4],
			"to": [0.5, 16, 6],
			"rotation": {"angle": 0, "axis": "x", "origin": [8, 8, 8]},
			"faces": {
				"east": {"uv": [0, 4, 0.5, 6], "rotation": 90, "texture": "#0", "cullface": "up"},
				"up": {"uv": [0, 4, 0.5, 6], "texture": "#0", "cullface": "up"}
			}
		},
		{
			"from": [15.5, 15.5, 4],
			"to": [16, 16, 6],
			"rotation": {"angle": 0, "axis": "x", "origin": [8, 8, 8]},
			"faces": {
				"west": {"uv": [15.5, 4, 16, 6], "rotation": 270, "texture": "#0", "cullface": "up"},
				"up": {"uv": [15.5, 4, 16, 6], "texture": "#0", "cullface": "up"}
			}
		},
		{
			"from": [0, 15.5, 0],
			"to": [16, 16, 4],
			"rotation": {"angle": 0, "axis": "x", "origin": [8, 8, 8]},
			"faces": {
				"south": {"uv": [0, 3.5, 16, 4], "rotation": 180, "texture": "#0", "cullface": "up"},
				"up": {"uv": [0, 0, 16, 4], "texture": "#0", "cullface": "up"}
			}
		},
		{
			"from": [0, 0, 0],
			"to": [16, 0.5, 6.5],
			"rotation": {"angle": 0, "axis": "x", "origin": [8, 8, 8]},
			"faces": {
				"south": {"uv": [0, 9.5, 16, 10], "rotation": 180, "texture": "#0", "cullface": "down"},
				"down": {"uv": [0, 9.5, 16, 16], "texture": "#0", "cullface": "down"}
			}
		},
		{
			"from": [0, 0, 6.5],
			"to": [5.5, 0.5, 10],
			"rotation": {"angle": 0, "axis": "x", "origin": [8, 8, 8]},
			"faces": {
				"east": {"uv": [5, 6, 5.5, 9.5], "rotation": 270, "texture": "#0", "cullface": "down"},
				"south": {"uv": [0, 6, 5.5, 6.5], "rotation": 180, "texture": "#0", "cullface": "down"},
				"down": {"uv": [0, 6, 5.5, 9.5], "texture": "#0", "cullface": "down"}
			}
		},
		{
			"from": [10.5, 0, 6.5],
			"to": [16, 0.5, 10],
			"rotation": {"angle": 0, "axis": "x", "origin": [8, 8, 8]},
			"faces": {
				"south": {"uv": [10.5, 6, 16, 6.5], "rotation": 180, "texture": "#0", "cullface": "down"},
				"west": {"uv": [10.5, 6, 11, 9.5], "rotation": 90, "texture": "#0", "cullface": "down"},
				"down": {"uv": [10.5, 6, 16, 9.5], "texture": "#0", "cullface": "down"}
			}
		},
		{
			"from": [5, 0, 10],
			"to": [11, 0.5, 12],
			"rotation": {"angle": 0, "axis": "x", "origin": [8, 8, 8]},
			"faces": {
				"north": {"uv": [5, 5.5, 11, 6], "texture": "#0", "cullface": "down"},
				"east": {"uv": [10.5, 4, 11, 6], "rotation": 270, "texture": "#0", "cullface": "down"},
				"west": {"uv": [5, 4, 5.5, 6], "rotation": 90, "texture": "#0", "cullface": "down"},
				"down": {"uv": [5, 4, 11, 6], "texture": "#0", "cullface": "down"}
			}
		},
		{
			"from": [0, 0, 10],
			"to": [0.5, 0.5, 12],
			"rotation": {"angle": 0, "axis": "x", "origin": [8, 8, 8]},
			"faces": {
				"east": {"uv": [0, 4, 0.5, 6], "rotation": 270, "texture": "#0", "cullface": "down"},
				"down": {"uv": [0, 4, 0.5, 6], "texture": "#0", "cullface": "down"}
			}
		},
		{
			"from": [15.5, 0, 10],
			"to": [16, 0.5, 12],
			"rotation": {"angle": 0, "axis": "x", "origin": [8, 8, 8]},
			"faces": {
				"west": {"uv": [15.5, 4, 16, 6], "rotation": 90, "texture": "#0", "cullface": "down"},
				"down": {"uv": [15.5, 4, 16, 6], "texture": "#0", "cullface": "down"}
			}
		},
		{
			"from": [0, 0, 12],
			"to": [16, 0.5, 16],
			"rotation": {"angle": 0, "axis": "x", "origin": [8, 8, 8]},
			"faces": {
				"north": {"uv": [0, 3.5, 16, 4], "texture": "#0", "cullface": "down"},
				"down": {"uv": [0, 0, 16, 4], "texture": "#0", "cullface": "down"}
			}
		}
	],
	"groups": [
		0,
		{
			"name": "north",
			"origin": [0, 0, 0],
			"color": 0,
			"children": [1, 2, 3, 4, 5]
		},
		{
			"name": "east",
			"origin": [0, 0, 0],
			"color": 0,
			"children": [6, 7, 8, 9, 10, 11]
		},
		{
			"name": "south",
			"origin": [0, 0, 0],
			"color": 0,
			"children": [12, 13, 14, 15, 16, 17]
		},
		{
			"name": "west",
			"origin": [0, 0, 0],
			"color": 0,
			"children": [18, 19, 20, 21, 22, 23, 24]
		},
		{
			"name": "up",
			"origin": [0, 0, 0],
			"color": 0,
			"children": [25, 26, 27, 28, 29, 30, 31]
		},
		{
			"name": "down",
			"origin": [0, 0, 0],
			"color": 0,
			"children": [32, 33, 34, 35, 36, 37, 38]
		}
	]
}