{
	"credit": "Made with Blockbench",
	"textures": {
		"0": "block/snow_overlay",
		"particle": "block/snow_overlay"
	},
	"elements": [
		{
			"from": [-0.05, -4.5, -0.05],
			"to": [16.05, 0, 16.05],
			"faces": {
				"north": {"uv": [0, 0, 16, 4.5], "texture": "#0", "cullface": "north"},
				"east": {"uv": [0, 0, 16, 4.5], "texture": "#0", "cullface": "east"},
				"south": {"uv": [0, 0, 16, 4.5], "texture": "#0", "cullface": "south"},
				"west": {"uv": [0, 0, 16, 4.5], "texture": "#0", "cullface": "west"}
			}
		},
		{
			"from": [16.05, -4.5, -0.05],
			"to": [0.1, 0, 16.05],
			"rotation": {"angle": 0, "axis": "y", "origin": [16.1, -8, 0]},
			"faces": {
				"north": {"uv": [0, 0, 16, 4.5], "texture": "#0", "cullface": "north"},
				"east": {"uv": [0, 0, 16, 4.5], "texture": "#0", "cullface": "west"},
				"south": {"uv": [16, 0, 0, 4.5], "texture": "#0", "cullface": "south"},
				"west": {"uv": [0, 0, 16, 4.5], "texture": "#0", "cullface": "east"}
			}
		},
		{
			"from": [3.45, -5, -0.05],
			"to": [16.05, -4.5, -0.05],
			"rotation": {"angle": 0, "axis": "x", "origin": [8, 8, 8]},
			"faces": {
				"north": {"uv": [0, 4.5, 12.5, 5], "texture": "#0", "cullface": "north"},
				"south": {"uv": [12.5, 4.5, 0, 5], "texture": "#0", "cullface": "north"}
			}
		},
		{
			"from": [4.95, -5.5, -0.05],
			"to": [13.025, -5, -0.05],
			"rotation": {"angle": 0, "axis": "x", "origin": [8, 8, 8]},
			"faces": {
				"north": {"uv": [3, 5, 11, 5.5], "texture": "#0", "cullface": "north"},
				"south": {"uv": [11, 5, 3, 5.5], "texture": "#0", "cullface": "north"}
			}
		},
		{
			"from": [8.475, -6, -0.05],
			"to": [12.525, -5.5, -0.05],
			"rotation": {"angle": 0, "axis": "x", "origin": [8, 8, 8]},
			"faces": {
				"north": {"uv": [3.5, 5.5, 7.5, 6], "texture": "#0", "cullface": "north"},
				"south": {"uv": [7.5, 5.5, 3.5, 6], "texture": "#0", "cullface": "north"}
			}
		},
		{
			"from": [10, -6.5, -0.05],
			"to": [11.525, -6, -0.05],
			"rotation": {"angle": 0, "axis": "x", "origin": [8, 8, 8]},
			"faces": {
				"north": {"uv": [4.5, 6, 6, 6.5], "texture": "#0", "cullface": "north"},
				"south": {"uv": [6, 6, 4.5, 6.5], "texture": "#0", "cullface": "north"}
			}
		},
		{
			"from": [6, -6.5, -0.05],
			"to": [6.5, -6, -0.05],
			"rotation": {"angle": 0, "axis": "x", "origin": [8, 8, 8]},
			"faces": {
				"north": {"uv": [9.5, 6, 10, 6.5], "texture": "#0", "cullface": "north"},
				"south": {"uv": [10, 6, 9.5, 6.5], "texture": "#0", "cullface": "north"}
			}
		},
		{
			"from": [5.475, -6, -0.05],
			"to": [7.525, -5.5, -0.05],
			"rotation": {"angle": 0, "axis": "x", "origin": [8, 8, 8]},
			"faces": {
				"north": {"uv": [8.5, 5.5, 10.5, 6], "texture": "#0", "cullface": "north"},
				"south": {"uv": [10.5, 5.5, 8.5, 6], "texture": "#0", "cullface": "north"}
			}
		},
		{
			"from": [13.525, -5.5, -0.05],
			"to": [15.55, -5, -0.05],
			"rotation": {"angle": 0, "axis": "x", "origin": [8, 8, 8]},
			"faces": {
				"north": {"uv": [0.5, 5, 2.5, 5.5], "texture": "#0", "cullface": "north"},
				"south": {"uv": [2.5, 5, 0.5, 5.5], "texture": "#0", "cullface": "north"}
			}
		},
		{
			"from": [14.54, -6, -0.05],
			"to": [15.04, -5.5, -0.05],
			"rotation": {"angle": 0, "axis": "x", "origin": [8, 8, 8]},
			"faces": {
				"north": {"uv": [1, 5.5, 1.5, 6], "texture": "#0", "cullface": "north"},
				"south": {"uv": [1.5, 5.5, 1, 6], "texture": "#0", "cullface": "north"}
			}
		},
		{
			"from": [-0.05, -5, -0.05],
			"to": [2.45, -4.5, -0.05],
			"rotation": {"angle": 0, "axis": "x", "origin": [8, 8, 8]},
			"faces": {
				"north": {"uv": [13.5, 4.5, 16, 5], "texture": "#0", "cullface": "north"},
				"south": {"uv": [16, 4.5, 13.5, 5], "texture": "#0", "cullface": "north"}
			}
		},
		{
			"from": [0.95, -5.5, -0.05],
			"to": [1.95, -5, -0.05],
			"rotation": {"angle": 0, "axis": "x", "origin": [8, 8, 8]},
			"faces": {
				"north": {"uv": [14, 5, 15, 5.5], "texture": "#0", "cullface": "north"},
				"south": {"uv": [14, 5, 15, 5.5], "texture": "#0", "cullface": "north"}
			}
		},
		{
			"from": [16.05, -5, 3.45],
			"to": [16.05, -4.5, 16.05],
			"rotation": {"angle": 0, "axis": "y", "origin": [8, 8, 8]},
			"faces": {
				"east": {"uv": [0, 4.5, 12.5, 5], "texture": "#0", "cullface": "east"},
				"west": {"uv": [12.5, 4.5, 0, 5], "texture": "#0", "cullface": "east"}
			}
		},
		{
			"from": [16.05, -5.5, 4.95],
			"to": [16.05, -5, 13.025],
			"rotation": {"angle": 0, "axis": "y", "origin": [8, 8, 8]},
			"faces": {
				"east": {"uv": [3, 5, 11, 5.5], "texture": "#0", "cullface": "east"},
				"west": {"uv": [11, 5, 3, 5.5], "texture": "#0", "cullface": "east"}
			}
		},
		{
			"from": [16.05, -6, 8.475],
			"to": [16.05, -5.5, 12.525],
			"rotation": {"angle": 0, "axis": "y", "origin": [8, 8, 8]},
			"faces": {
				"east": {"uv": [3.5, 5.5, 7.5, 6], "texture": "#0", "cullface": "east"},
				"west": {"uv": [7.5, 5.5, 3.5, 6], "texture": "#0", "cullface": "east"}
			}
		},
		{
			"from": [16.05, -6.5, 10],
			"to": [16.05, -6, 11.525],
			"rotation": {"angle": 0, "axis": "y", "origin": [8, 8, 8]},
			"faces": {
				"east": {"uv": [4.5, 6, 6, 6.5], "texture": "#0", "cullface": "east"},
				"west": {"uv": [6, 6, 4.5, 6.5], "texture": "#0", "cullface": "east"}
			}
		},
		{
			"from": [16.05, -6.5, 6],
			"to": [16.05, -6, 6.5],
			"rotation": {"angle": 0, "axis": "y", "origin": [8, 8, 8]},
			"faces": {
				"east": {"uv": [9.5, 6, 10, 6.5], "texture": "#0", "cullface": "east"},
				"west": {"uv": [10, 6, 9.5, 6.5], "texture": "#0", "cullface": "east"}
			}
		},
		{
			"from": [16.05, -6, 5.475],
			"to": [16.05, -5.5, 7.525],
			"rotation": {"angle": 0, "axis": "y", "origin": [8, 8, 8]},
			"faces": {
				"east": {"uv": [8.5, 5.5, 10.5, 6], "texture": "#0", "cullface": "east"},
				"west": {"uv": [10.5, 5.5, 8.5, 6], "texture": "#0", "cullface": "east"}
			}
		},
		{
			"from": [16.05, -5.5, 13.525],
			"to": [16.05, -5, 15.55],
			"rotation": {"angle": 0, "axis": "y", "origin": [8, 8, 8]},
			"faces": {
				"east": {"uv": [0.5, 5, 2.5, 5.5], "texture": "#0", "cullface": "east"},
				"west": {"uv": [2.5, 5, 0.5, 5.5], "texture": "#0", "cullface": "east"}
			}
		},
		{
			"from": [16.05, -6, 14.54],
			"to": [16.05, -5.5, 15.04],
			"rotation": {"angle": 0, "axis": "y", "origin": [8, 8, 8]},
			"faces": {
				"east": {"uv": [1, 5.5, 1.5, 6], "texture": "#0", "cullface": "east"},
				"west": {"uv": [1.5, 5.5, 1, 6], "texture": "#0", "cullface": "east"}
			}
		},
		{
			"from": [16.05, -5, -0.05],
			"to": [16.05, -4.5, 2.45],
			"rotation": {"angle": 0, "axis": "y", "origin": [8, 8, 8]},
			"faces": {
				"east": {"uv": [13.5, 4.5, 16, 5], "texture": "#0", "cullface": "east"},
				"west": {"uv": [16, 4.5, 13.5, 5], "texture": "#0", "cullface": "east"}
			}
		},
		{
			"from": [16.05, -5.5, 0.95],
			"to": [16.05, -5, 1.95],
			"rotation": {"angle": 0, "axis": "y", "origin": [8, 8, 8]},
			"faces": {
				"east": {"uv": [14, 5, 15, 5.5], "texture": "#0", "cullface": "east"},
				"west": {"uv": [14, 5, 15, 5.5], "texture": "#0", "cullface": "east"}
			}
		},
		{
			"from": [-0.05, -5, 16.05],
			"to": [12.55, -4.5, 16.05],
			"rotation": {"angle": 0, "axis": "y", "origin": [8, 8, 8]},
			"faces": {
				"north": {"uv": [12.5, 4.5, 0, 5], "texture": "#0", "cullface": "south"},
				"south": {"uv": [0, 4.5, 12.5, 5], "texture": "#0", "cullface": "south"}
			}
		},
		{
			"from": [2.975, -5.5, 16.05],
			"to": [11.05, -5, 16.05],
			"rotation": {"angle": 0, "axis": "y", "origin": [8, 8, 8]},
			"faces": {
				"north": {"uv": [11, 5, 3, 5.5], "texture": "#0", "cullface": "south"},
				"south": {"uv": [3, 5, 11, 5.5], "texture": "#0", "cullface": "south"}
			}
		},
		{
			"from": [3.475, -6, 16.05],
			"to": [7.525, -5.5, 16.05],
			"rotation": {"angle": 0, "axis": "y", "origin": [8, 8, 8]},
			"faces": {
				"north": {"uv": [7.5, 5.5, 3.5, 6], "texture": "#0", "cullface": "south"},
				"south": {"uv": [3.5, 5.5, 7.5, 6], "texture": "#0", "cullface": "south"}
			}
		},
		{
			"from": [4.475, -6.5, 16.05],
			"to": [6, -6, 16.05],
			"rotation": {"angle": 0, "axis": "y", "origin": [8, 8, 8]},
			"faces": {
				"north": {"uv": [6, 6, 4.5, 6.5], "texture": "#0", "cullface": "south"},
				"south": {"uv": [4.5, 6, 6, 6.5], "texture": "#0", "cullface": "south"}
			}
		},
		{
			"from": [9.5, -6.5, 16.05],
			"to": [10, -6, 16.05],
			"rotation": {"angle": 0, "axis": "y", "origin": [8, 8, 8]},
			"faces": {
				"north": {"uv": [10, 6, 9.5, 6.5], "texture": "#0", "cullface": "south"},
				"south": {"uv": [9.5, 6, 10, 6.5], "texture": "#0", "cullface": "south"}
			}
		},
		{
			"from": [8.475, -6, 16.05],
			"to": [10.525, -5.5, 16.05],
			"rotation": {"angle": 0, "axis": "y", "origin": [8, 8, 8]},
			"faces": {
				"north": {"uv": [10.5, 5.5, 8.5, 6], "texture": "#0", "cullface": "south"},
				"south": {"uv": [8.5, 5.5, 10.5, 6], "texture": "#0", "cullface": "south"}
			}
		},
		{
			"from": [0.45, -5.5, 16.05],
			"to": [2.475, -5, 16.05],
			"rotation": {"angle": 0, "axis": "y", "origin": [8, 8, 8]},
			"faces": {
				"north": {"uv": [2.5, 5, 0.5, 5.5], "texture": "#0", "cullface": "south"},
				"south": {"uv": [0.5, 5, 2.5, 5.5], "texture": "#0", "cullface": "south"}
			}
		},
		{
			"from": [0.96, -6, 16.05],
			"to": [1.46, -5.5, 16.05],
			"rotation": {"angle": 0, "axis": "y", "origin": [8, 8, 8]},
			"faces": {
				"north": {"uv": [1.5, 5.5, 1, 6], "texture": "#0", "cullface": "south"},
				"south": {"uv": [1, 5.5, 1.5, 6], "texture": "#0", "cullface": "south"}
			}
		},
		{
			"from": [13.55, -5, 16.05],
			"to": [16.05, -4.5, 16.05],
			"rotation": {"angle": 0, "axis": "y", "origin": [8, 8, 8]},
			"faces": {
				"north": {"uv": [16, 4.5, 13.5, 5], "texture": "#0", "cullface": "south"},
				"south": {"uv": [13.5, 4.5, 16, 5], "texture": "#0", "cullface": "south"}
			}
		},
		{
			"from": [14.05, -5.5, 16.05],
			"to": [15.05, -5, 16.05],
			"rotation": {"angle": 0, "axis": "y", "origin": [8, 8, 8]},
			"faces": {
				"north": {"uv": [14, 5, 15, 5.5], "texture": "#0", "cullface": "south"},
				"south": {"uv": [14, 5, 15, 5.5], "texture": "#0", "cullface": "south"}
			}
		},
		{
			"from": [-0.05, -5, -0.05],
			"to": [-0.05, -4.5, 12.55],
			"rotation": {"angle": 0, "axis": "y", "origin": [8, 8, 8]},
			"faces": {
				"east": {"uv": [12.5, 4.5, 0, 5], "texture": "#0", "cullface": "west"},
				"west": {"uv": [0, 4.5, 12.5, 5], "texture": "#0", "cullface": "west"}
			}
		},
		{
			"from": [-0.05, -5.5, 2.975],
			"to": [-0.05, -5, 11.05],
			"rotation": {"angle": 0, "axis": "y", "origin": [8, 8, 8]},
			"faces": {
				"east": {"uv": [11, 5, 3, 5.5], "texture": "#0", "cullface": "west"},
				"west": {"uv": [3, 5, 11, 5.5], "texture": "#0", "cullface": "west"}
			}
		},
		{
			"from": [-0.05, -6, 3.475],
			"to": [-0.05, -5.5, 7.525],
			"rotation": {"angle": 0, "axis": "y", "origin": [8, 8, 8]},
			"faces": {
				"east": {"uv": [7.5, 5.5, 3.5, 6], "texture": "#0", "cullface": "west"},
				"west": {"uv": [3.5, 5.5, 7.5, 6], "texture": "#0", "cullface": "west"}
			}
		},
		{
			"from": [-0.05, -6.5, 4.475],
			"to": [-0.05, -6, 6],
			"rotation": {"angle": 0, "axis": "y", "origin": [8, 8, 8]},
			"faces": {
				"east": {"uv": [6, 6, 4.5, 6.5], "texture": "#0", "cullface": "west"},
				"west": {"uv": [4.5, 6, 6, 6.5], "texture": "#0", "cullface": "west"}
			}
		},
		{
			"from": [-0.05, -6.5, 9.5],
			"to": [-0.05, -6, 10],
			"rotation": {"angle": 0, "axis": "y", "origin": [8, 8, 8]},
			"faces": {
				"east": {"uv": [10, 6, 9.5, 6.5], "texture": "#0", "cullface": "west"},
				"west": {"uv": [9.5, 6, 10, 6.5], "texture": "#0", "cullface": "west"}
			}
		},
		{
			"from": [-0.05, -6, 8.475],
			"to": [-0.05, -5.5, 10.525],
			"rotation": {"angle": 0, "axis": "y", "origin": [8, 8, 8]},
			"faces": {
				"east": {"uv": [10.5, 5.5, 8.5, 6], "texture": "#0", "cullface": "west"},
				"west": {"uv": [8.5, 5.5, 10.5, 6], "texture": "#0", "cullface": "west"}
			}
		},
		{
			"from": [-0.05, -5.5, 0.45],
			"to": [-0.05, -5, 2.475],
			"rotation": {"angle": 0, "axis": "y", "origin": [8, 8, 8]},
			"faces": {
				"east": {"uv": [2.5, 5, 0.5, 5.5], "texture": "#0", "cullface": "west"},
				"west": {"uv": [0.5, 5, 2.5, 5.5], "texture": "#0", "cullface": "west"}
			}
		},
		{
			"from": [-0.05, -6, 0.96],
			"to": [-0.05, -5.5, 1.46],
			"rotation": {"angle": 0, "axis": "y", "origin": [8, 8, 8]},
			"faces": {
				"east": {"uv": [1.5, 5.5, 1, 6], "texture": "#0", "cullface": "west"},
				"west": {"uv": [1, 5.5, 1.5, 6], "texture": "#0", "cullface": "west"}
			}
		},
		{
			"from": [-0.05, -5, 13.55],
			"to": [-0.05, -4.5, 16.05],
			"rotation": {"angle": 0, "axis": "y", "origin": [8, 8, 8]},
			"faces": {
				"east": {"uv": [16, 4.5, 13.5, 5], "texture": "#0", "cullface": "west"},
				"west": {"uv": [13.5, 4.5, 16, 5], "texture": "#0", "cullface": "west"}
			}
		},
		{
			"from": [-0.05, -5.5, 14.05],
			"to": [-0.05, -5, 15.05],
			"rotation": {"angle": 0, "axis": "y", "origin": [8, 8, 8]},
			"faces": {
				"east": {"uv": [14, 5, 15, 5.5], "texture": "#0", "cullface": "west"},
				"west": {"uv": [14, 5, 15, 5.5], "texture": "#0", "cullface": "west"}
			}
		}
	],
	"groups": [
		0,
		1,
		{
			"name": "north",
			"origin": [0, 0, 0],
			"color": 0,
			"children": [2, 3, 4, 5, 6, 7, 8, 9, 10, 11]
		},
		{
			"name": "east",
			"origin": [0, 0, 0],
			"color": 0,
			"children": [12, 13, 14, 15, 16, 17, 18, 19, 20, 21]
		},
		{
			"name": "south",
			"origin": [0, 0, 0],
			"color": 0,
			"children": [22, 23, 24, 25, 26, 27, 28, 29, 30, 31]
		},
		{
			"name": "west",
			"origin": [0, 0, 0],
			"color": 0,
			"children": [32, 33, 34, 35, 36, 37, 38, 39, 40, 41]
		}
	]
}