{
	"credit": "Made with Blockbench by Juknum",
	"parent": "minecraft:block/block",
	"textures": {
		"0": "minecraft:block/stonecutter_bottom",
		"2": "minecraft:block/stonecutter_side",
		"3": "minecraft:block/stonecutter_top",
		"particle": "minecraft:block/stonecutter_saw",
		"1_0": "minecraft:block/stonecutter_saw"
	},
	"elements": [
		{
			"from": [0, 0, 0],
			"to": [16, 0.5, 16],
			"faces": {
				"north": {"uv": [0, 0, 16, 0.5], "texture": "#0"},
				"east": {"uv": [0, 0, 16, 0.5], "texture": "#0"},
				"south": {"uv": [0, 0, 16, 0.5], "texture": "#0"},
				"west": {"uv": [0, 0, 16, 0.5], "texture": "#0"},
				"up": {"uv": [0, 0, 16, 16], "texture": "#0"},
				"down": {"uv": [0, 0, 16, 16], "texture": "#0"}
			}
		},
		{
			"from": [0, 0.5, 0],
			"to": [3, 9, 3],
			"faces": {
				"north": {"uv": [13, 7, 16, 15.5], "texture": "#2"},
				"east": {"uv": [13, 7, 16, 15.5], "texture": "#2"},
				"south": {"uv": [13, 7, 16, 15.5], "texture": "#2"},
				"west": {"uv": [0, 7, 3, 15.5], "texture": "#2"},
				"up": {"uv": [0, 0, 3, 3], "texture": "#3"}
			}
		},
		{
			"from": [0, 0.5, 13],
			"to": [3, 9, 16],
			"faces": {
				"north": {"uv": [13, 7, 16, 15.5], "texture": "#2"},
				"east": {"uv": [0, 7, 3, 15.5], "texture": "#2"},
				"south": {"uv": [0, 7, 3, 15.5], "texture": "#2"},
				"west": {"uv": [13, 7, 16, 15.5], "texture": "#2"},
				"up": {"uv": [0, 13, 3, 16], "texture": "#3"}
			}
		},
		{
			"from": [0.5, 0.5, 3],
			"to": [15.5, 5, 13],
			"faces": {
				"east": {"uv": [3, 11, 13, 15.5], "texture": "#2"},
				"west": {"uv": [3, 11, 13, 15.5], "texture": "#2"}
			}
		},
		{
			"from": [3, 0.5, 0.5],
			"to": [13, 5, 15.5],
			"faces": {
				"north": {"uv": [3, 11, 13, 15.5], "texture": "#2"},
				"south": {"uv": [3, 11, 13, 15.5], "texture": "#2"}
			}
		},
		{
			"from": [3, 7, 0.5],
			"to": [13, 8.5, 15.5],
			"faces": {
				"north": {"uv": [3, 7.5, 13, 9], "texture": "#2"},
				"south": {"uv": [3, 7.5, 13, 9], "texture": "#2"},
				"up": {"uv": [3, 0.5, 13, 15.5], "texture": "#3"}
			}
		},
		{
			"from": [0.5, 7, 3],
			"to": [15.5, 8.5, 13],
			"faces": {
				"east": {"uv": [3, 7.5, 13, 9], "texture": "#2"},
				"west": {"uv": [3, 7.5, 13, 9], "texture": "#2"},
				"up": {"uv": [0.5, 3, 15.5, 13], "texture": "#3"}
			}
		},
		{
			"from": [1, 8.5, 7.5],
			"to": [15, 3.5, 8.5],
			"faces": {
				"north": {"uv": [1, 0.5, 15, 5.5], "texture": "#0"},
				"east": {"uv": [1.5, 7.5, 6.5, 8.5], "rotation": 270, "texture": "#0"},
				"south": {"uv": [1, 0.5, 15, 5.5], "texture": "#0"},
				"west": {"uv": [1.5, 7.5, 6.5, 8.5], "rotation": 90, "texture": "#0"},
				"up": {"uv": [1.5, 7.5, 14.5, 8.5], "rotation": 180, "texture": "#0"}
			}
		},
		{
			"from": [13, 0.5, 13],
			"to": [16, 9, 16],
			"faces": {
				"north": {"uv": [0, 7, 3, 15.5], "texture": "#2"},
				"east": {"uv": [0, 7, 3, 15.5], "texture": "#2"},
				"south": {"uv": [13, 7, 16, 15.5], "texture": "#2"},
				"west": {"uv": [13, 7, 16, 15.5], "texture": "#2"},
				"up": {"uv": [13, 13, 16, 16], "texture": "#3"}
			}
		},
		{
			"from": [13, 0.5, 0],
			"to": [16, 9, 3],
			"faces": {
				"north": {"uv": [0, 7, 3, 15.5], "texture": "#2"},
				"east": {"uv": [13, 7, 16, 15.5], "texture": "#2"},
				"south": {"uv": [13, 7, 16, 15.5], "texture": "#2"},
				"west": {"uv": [0, 7, 3, 15.5], "texture": "#2"},
				"up": {"uv": [13, 0, 16, 3], "texture": "#3"}
			}
		},
		{
			"from": [15.5, 5, 3],
			"to": [16, 7, 13],
			"faces": {
				"east": {"uv": [3, 9, 13, 11], "texture": "#2"},
				"up": {"uv": [3, 9, 13, 9.5], "rotation": 270, "texture": "#2"},
				"down": {"uv": [3, 10.5, 13, 11], "rotation": 90, "texture": "#2"}
			}
		},
		{
			"from": [7, 8, 3],
			"to": [9, 9, 13],
			"rotation": {"angle": 0, "axis": "z", "origin": [9.75, 8.25, 8]},
			"faces": {
				"north": {"uv": [12, 9, 13, 11], "rotation": 90, "texture": "#2"},
				"east": {"uv": [3, 11, 13, 10], "texture": "#2"},
				"south": {"uv": [4, 9, 3, 11], "rotation": 270, "texture": "#2"},
				"west": {"uv": [3, 10, 13, 9], "rotation": 180, "texture": "#2"},
				"up": {"uv": [3, 9, 13, 11], "rotation": 270, "texture": "#2"}
			}
		},
		{
			"from": [0, 5, 3],
			"to": [0.5, 7, 13],
			"faces": {
				"west": {"uv": [3, 9, 13, 11], "texture": "#2"},
				"up": {"uv": [3, 9, 13, 9.5], "rotation": 90, "texture": "#2"},
				"down": {"uv": [3, 10.5, 13, 11], "rotation": 270, "texture": "#2"}
			}
		},
		{
			"from": [3, 5, 0],
			"to": [13, 7, 0.5],
			"faces": {
				"north": {"uv": [3, 9, 13, 11], "texture": "#2"},
				"up": {"uv": [3, 9, 13, 9.5], "rotation": 180, "texture": "#2"},
				"down": {"uv": [3, 10.5, 13, 11], "rotation": 180, "texture": "#2"}
			}
		},
		{
			"from": [3, 5, 15.5],
			"to": [13, 7, 16],
			"faces": {
				"south": {"uv": [3, 9, 13, 11], "texture": "#2"},
				"up": {"uv": [3, 9, 13, 9.5], "texture": "#2"},
				"down": {"uv": [3, 10.5, 13, 11], "texture": "#2"}
			}
		},
		{
			"name": "stonecutter_saw_0",
			"from": [6, 8.5, 7.75],
			"to": [10, 15.5, 8.25],
			"rotation": {"angle": 0, "axis": "x", "origin": [9, 11.35294, 0.25]},
			"faces": {
				"north": {"uv": [6, 16, 10, 9], "rotation": 180, "texture": "#1_0"},
				"east": {"uv": [9.5, 9, 10, 16], "texture": "#1_0"},
				"south": {"uv": [6, 9, 10, 16], "texture": "#1_0"},
				"west": {"uv": [6, 9, 6.5, 16], "texture": "#1_0"},
				"up": {"uv": [10, 9, 6, 9.5], "rotation": 180, "texture": "#1_0"},
				"down": {"uv": [6, 15.5, 10, 16], "texture": "#1_0"}
			}
		},
		{
			"name": "stonecutter_saw_1",
			"from": [5, 8.5, 7.75],
			"to": [6, 15, 8.25],
			"rotation": {"angle": 0, "axis": "x", "origin": [9, 11.35294, 0.25]},
			"faces": {
				"north": {"uv": [5, 16, 6, 9.5], "rotation": 180, "texture": "#1_0"},
				"east": {"uv": [5.5, 9.5, 6, 16], "texture": "#1_0"},
				"south": {"uv": [5, 9.5, 6, 16], "texture": "#1_0"},
				"west": {"uv": [5, 9.5, 5.5, 16], "texture": "#1_0"},
				"up": {"uv": [6, 9.5, 5, 10], "rotation": 180, "texture": "#1_0"},
				"down": {"uv": [5, 15.5, 6, 16], "texture": "#1_0"}
			}
		},
		{
			"name": "stonecutter_saw_2",
			"from": [10, 8.5, 7.75],
			"to": [11, 15, 8.25],
			"rotation": {"angle": 0, "axis": "x", "origin": [9, 11.35294, 0.25]},
			"faces": {
				"north": {"uv": [10, 16, 11, 9.5], "rotation": 180, "texture": "#1_0"},
				"east": {"uv": [10.5, 9.5, 11, 16], "texture": "#1_0"},
				"south": {"uv": [10, 9.5, 11, 16], "texture": "#1_0"},
				"up": {"uv": [11, 9.5, 10, 10], "rotation": 180, "texture": "#1_0"},
				"down": {"uv": [10, 15.5, 11, 16], "texture": "#1_0"}
			}
		},
		{
			"name": "stonecutter_saw_3",
			"from": [4, 8.5, 7.75],
			"to": [5, 14.5, 8.25],
			"rotation": {"angle": 0, "axis": "x", "origin": [9, 11.35294, 0.25]},
			"faces": {
				"north": {"uv": [4, 16, 5, 10], "rotation": 180, "texture": "#1_0"},
				"east": {"uv": [4.5, 10, 5, 16], "texture": "#1_0"},
				"south": {"uv": [4, 10, 5, 16], "texture": "#1_0"},
				"west": {"uv": [4, 10, 4.5, 16], "texture": "#1_0"},
				"up": {"uv": [5, 10, 4, 10.5], "rotation": 180, "texture": "#1_0"},
				"down": {"uv": [4, 15.5, 5, 16], "texture": "#1_0"}
			}
		},
		{
			"name": "stonecutter_saw_4",
			"from": [11, 8.5, 7.75],
			"to": [12, 14.5, 8.25],
			"rotation": {"angle": 0, "axis": "x", "origin": [9, 11.35294, 0.25]},
			"faces": {
				"north": {"uv": [11, 16, 12, 10], "rotation": 180, "texture": "#1_0"},
				"east": {"uv": [11.5, 10, 12, 16], "texture": "#1_0"},
				"south": {"uv": [11, 10, 12, 16], "texture": "#1_0"},
				"west": {"uv": [11, 10, 11.5, 16], "texture": "#1_0"},
				"up": {"uv": [12, 10, 11, 10.5], "rotation": 180, "texture": "#1_0"},
				"down": {"uv": [11, 15.5, 12, 16], "texture": "#1_0"}
			}
		},
		{
			"name": "stonecutter_saw_5",
			"from": [3.5, 8.5, 7.75],
			"to": [4, 14, 8.25],
			"rotation": {"angle": 0, "axis": "x", "origin": [9, 11.35294, 0.25]},
			"faces": {
				"north": {"uv": [3.5, 16, 4, 10.5], "rotation": 180, "texture": "#1_0"},
				"east": {"uv": [3.5, 10.5, 4, 16], "texture": "#1_0"},
				"south": {"uv": [3.5, 10.5, 4, 16], "texture": "#1_0"},
				"west": {"uv": [3.5, 10.5, 4, 16], "texture": "#1_0"},
				"up": {"uv": [4, 10.5, 3.5, 11], "rotation": 180, "texture": "#1_0"},
				"down": {"uv": [3.5, 15.5, 4, 16], "texture": "#1_0"}
			}
		},
		{
			"name": "stonecutter_saw_6",
			"from": [12, 8.5, 7.75],
			"to": [12.5, 14, 8.25],
			"rotation": {"angle": 0, "axis": "x", "origin": [9, 11.35294, 0.25]},
			"faces": {
				"north": {"uv": [12, 16, 12.5, 10.5], "rotation": 180, "texture": "#1_0"},
				"east": {"uv": [12, 10.5, 12.5, 16], "texture": "#1_0"},
				"south": {"uv": [12, 10.5, 12.5, 16], "texture": "#1_0"},
				"west": {"uv": [12, 10.5, 12.5, 16], "texture": "#1_0"},
				"up": {"uv": [12.5, 10.5, 12, 11], "rotation": 180, "texture": "#1_0"},
				"down": {"uv": [12, 15.5, 12.5, 16], "texture": "#1_0"}
			}
		},
		{
			"name": "stonecutter_saw_7",
			"from": [3, 8.5, 7.75],
			"to": [3.5, 13.5, 8.25],
			"rotation": {"angle": 0, "axis": "x", "origin": [9, 11.35294, 0.25]},
			"faces": {
				"north": {"uv": [3, 16, 3.5, 11], "rotation": 180, "texture": "#1_0"},
				"east": {"uv": [3, 11, 3.5, 16], "texture": "#1_0"},
				"south": {"uv": [3, 11, 3.5, 16], "texture": "#1_0"},
				"west": {"uv": [3, 11, 3.5, 16], "texture": "#1_0"},
				"up": {"uv": [3.5, 11, 3, 11.5], "rotation": 180, "texture": "#1_0"},
				"down": {"uv": [3, 15.5, 3.5, 16], "texture": "#1_0"}
			}
		},
		{
			"name": "stonecutter_saw_8",
			"from": [12.5, 8.5, 7.75],
			"to": [13, 13.5, 8.25],
			"rotation": {"angle": 0, "axis": "x", "origin": [9, 11.35294, 0.25]},
			"faces": {
				"north": {"uv": [12.5, 16, 13, 11], "rotation": 180, "texture": "#1_0"},
				"east": {"uv": [12.5, 11, 13, 16], "texture": "#1_0"},
				"south": {"uv": [12.5, 11, 13, 16], "texture": "#1_0"},
				"west": {"uv": [12.5, 11, 13, 16], "texture": "#1_0"},
				"up": {"uv": [13, 11, 12.5, 11.5], "rotation": 180, "texture": "#1_0"},
				"down": {"uv": [12.5, 15.5, 13, 16], "texture": "#1_0"}
			}
		},
		{
			"name": "stonecutter_saw_9",
			"from": [2.5, 8.5, 7.75],
			"to": [3, 13, 8.25],
			"rotation": {"angle": 0, "axis": "x", "origin": [9, 11.35294, 0.25]},
			"faces": {
				"north": {"uv": [2.5, 16, 3, 11.5], "rotation": 180, "texture": "#1_0"},
				"east": {"uv": [2.5, 11.5, 3, 16], "texture": "#1_0"},
				"south": {"uv": [2.5, 11.5, 3, 16], "texture": "#1_0"},
				"west": {"uv": [2.5, 11.5, 3, 16], "texture": "#1_0"},
				"up": {"uv": [3, 11.5, 2.5, 12], "rotation": 180, "texture": "#1_0"},
				"down": {"uv": [2.5, 15.5, 3, 16], "texture": "#1_0"}
			}
		},
		{
			"name": "stonecutter_saw_10",
			"from": [13, 8.5, 7.75],
			"to": [13.5, 13, 8.25],
			"rotation": {"angle": 0, "axis": "x", "origin": [9, 11.35294, 0.25]},
			"faces": {
				"north": {"uv": [13, 16, 13.5, 11.5], "rotation": 180, "texture": "#1_0"},
				"east": {"uv": [13, 11.5, 13.5, 16], "texture": "#1_0"},
				"south": {"uv": [13, 11.5, 13.5, 16], "texture": "#1_0"},
				"west": {"uv": [13, 11.5, 13.5, 16], "texture": "#1_0"},
				"up": {"uv": [13.5, 11.5, 13, 12], "rotation": 180, "texture": "#1_0"},
				"down": {"uv": [13, 15.5, 13.5, 16], "texture": "#1_0"}
			}
		},
		{
			"name": "stonecutter_saw_11",
			"from": [2, 8.5, 7.75],
			"to": [2.5, 12.5, 8.25],
			"rotation": {"angle": 0, "axis": "x", "origin": [9, 11.35294, 0.25]},
			"faces": {
				"north": {"uv": [2, 16, 2.5, 12], "rotation": 180, "texture": "#1_0"},
				"east": {"uv": [2, 12, 2.5, 16], "texture": "#1_0"},
				"south": {"uv": [2, 12, 2.5, 16], "texture": "#1_0"},
				"west": {"uv": [2, 12, 2.5, 16], "texture": "#1_0"},
				"up": {"uv": [2.5, 12, 2, 12.5], "rotation": 180, "texture": "#1_0"},
				"down": {"uv": [2, 15.5, 2.5, 16], "texture": "#1_0"}
			}
		},
		{
			"name": "stonecutter_saw_12",
			"from": [13.5, 8.5, 7.75],
			"to": [14, 12.5, 8.25],
			"rotation": {"angle": 0, "axis": "x", "origin": [9, 11.35294, 0.25]},
			"faces": {
				"north": {"uv": [13.5, 16, 14, 12], "rotation": 180, "texture": "#1_0"},
				"east": {"uv": [13.5, 12, 14, 16], "texture": "#1_0"},
				"south": {"uv": [13.5, 12, 14, 16], "texture": "#1_0"},
				"west": {"uv": [13.5, 12, 14, 16], "texture": "#1_0"},
				"up": {"uv": [14, 12, 13.5, 12.5], "rotation": 180, "texture": "#1_0"},
				"down": {"uv": [13, 15.5, 13.5, 16], "texture": "#1_0"}
			}
		},
		{
			"name": "stonecutter_saw_13",
			"from": [1.5, 8.5, 7.75],
			"to": [2, 11.5, 8.25],
			"rotation": {"angle": 0, "axis": "x", "origin": [9, 11.35294, 0.25]},
			"faces": {
				"north": {"uv": [1.5, 16, 2, 13], "rotation": 180, "texture": "#1_0"},
				"east": {"uv": [1.5, 13, 2, 16], "texture": "#1_0"},
				"south": {"uv": [1.5, 13, 2, 16], "texture": "#1_0"},
				"west": {"uv": [1.5, 13, 2, 16], "texture": "#1_0"},
				"up": {"uv": [2, 13, 1.5, 13.5], "rotation": 180, "texture": "#1_0"},
				"down": {"uv": [1.5, 15.5, 2, 16], "texture": "#1_0"}
			}
		},
		{
			"name": "stonecutter_saw_14",
			"from": [14, 8.5, 7.75],
			"to": [14.5, 11.5, 8.25],
			"rotation": {"angle": 0, "axis": "x", "origin": [9, 11.35294, 0.25]},
			"faces": {
				"north": {"uv": [14, 16, 14.5, 13], "rotation": 180, "texture": "#1_0"},
				"east": {"uv": [14, 13, 14.5, 16], "texture": "#1_0"},
				"south": {"uv": [14, 13, 14.5, 16], "texture": "#1_0"},
				"west": {"uv": [14, 13, 14.5, 16], "texture": "#1_0"},
				"up": {"uv": [14.5, 13, 14, 13.5], "rotation": 180, "texture": "#1_0"},
				"down": {"uv": [14, 15.5, 14.5, 16], "texture": "#1_0"}
			}
		},
		{
			"name": "stonecutter_saw_15",
			"from": [1, 8.5, 7.75],
			"to": [1.5, 10.5, 8.25],
			"rotation": {"angle": 0, "axis": "x", "origin": [9, 11.35294, 0.25]},
			"faces": {
				"north": {"uv": [1, 16, 1.5, 14], "rotation": 180, "texture": "#1_0"},
				"east": {"uv": [1, 14, 1.5, 16], "texture": "#1_0"},
				"south": {"uv": [1, 14, 1.5, 16], "texture": "#1_0"},
				"west": {"uv": [1, 14, 1.5, 16], "texture": "#1_0"},
				"up": {"uv": [1.5, 14, 1, 14.5], "rotation": 180, "texture": "#1_0"},
				"down": {"uv": [1, 15.5, 1.5, 16], "texture": "#1_0"}
			}
		},
		{
			"name": "stonecutter_saw_16",
			"from": [14.5, 8.5, 7.75],
			"to": [15, 10.5, 8.25],
			"rotation": {"angle": 0, "axis": "x", "origin": [9, 11.35294, 0.25]},
			"faces": {
				"north": {"uv": [14.5, 16, 15, 14], "rotation": 180, "texture": "#1_0"},
				"east": {"uv": [14.5, 14, 15, 16], "texture": "#1_0"},
				"south": {"uv": [14.5, 14, 15, 16], "texture": "#1_0"},
				"west": {"uv": [14.5, 14, 15, 16], "texture": "#1_0"},
				"up": {"uv": [15, 14, 14.5, 14.5], "rotation": 180, "texture": "#1_0"},
				"down": {"uv": [14.5, 15.5, 15, 16], "texture": "#1_0"}
			}
		},
		{
			"name": "stonecutter_saw_1",
			"from": [6, 1.5, 7.75],
			"to": [10, 8.5, 8.25],
			"rotation": {"angle": 0, "axis": "y", "origin": [8, 6.64706, 8]},
			"faces": {
				"north": {"uv": [6, 16, 10, 9], "texture": "#1_0"},
				"east": {"uv": [6, 9, 6.5, 16], "rotation": 180, "texture": "#1_0"},
				"south": {"uv": [6, 9, 10, 16], "rotation": 180, "texture": "#1_0"},
				"west": {"uv": [9.5, 9, 10, 16], "rotation": 180, "texture": "#1_0"},
				"up": {"uv": [6, 15.5, 10, 16], "rotation": 180, "texture": "#1_0"},
				"down": {"uv": [10, 9, 6, 9.5], "texture": "#1_0"}
			}
		},
		{
			"name": "stonecutter_saw_2",
			"from": [10, 2, 7.75],
			"to": [11, 8.5, 8.25],
			"rotation": {"angle": 0, "axis": "y", "origin": [8, 6.64706, 8]},
			"faces": {
				"north": {"uv": [5, 16, 6, 9.5], "texture": "#1_0"},
				"east": {"uv": [5, 9.5, 5.5, 16], "rotation": 180, "texture": "#1_0"},
				"south": {"uv": [5, 9.5, 6, 16], "rotation": 180, "texture": "#1_0"},
				"west": {"uv": [5.5, 9.5, 6, 16], "rotation": 180, "texture": "#1_0"},
				"up": {"uv": [5, 15.5, 6, 16], "rotation": 180, "texture": "#1_0"},
				"down": {"uv": [6, 9.5, 5, 10], "texture": "#1_0"}
			}
		},
		{
			"name": "stonecutter_saw_3",
			"from": [5, 2, 7.75],
			"to": [6, 8.5, 8.25],
			"rotation": {"angle": 0, "axis": "y", "origin": [8, 6.64706, 8]},
			"faces": {
				"north": {"uv": [10, 16, 11, 9.5], "texture": "#1_0"},
				"south": {"uv": [10, 9.5, 11, 16], "rotation": 180, "texture": "#1_0"},
				"west": {"uv": [10.5, 9.5, 11, 16], "rotation": 180, "texture": "#1_0"},
				"up": {"uv": [10, 15.5, 11, 16], "rotation": 180, "texture": "#1_0"},
				"down": {"uv": [11, 9.5, 10, 10], "texture": "#1_0"}
			}
		},
		{
			"name": "stonecutter_saw_4",
			"from": [11, 2.5, 7.75],
			"to": [12, 8.5, 8.25],
			"rotation": {"angle": 0, "axis": "y", "origin": [8, 6.64706, 8]},
			"faces": {
				"north": {"uv": [4, 16, 5, 10], "texture": "#1_0"},
				"east": {"uv": [4, 10, 4.5, 16], "rotation": 180, "texture": "#1_0"},
				"south": {"uv": [4, 10, 5, 16], "rotation": 180, "texture": "#1_0"},
				"west": {"uv": [4.5, 10, 5, 16], "rotation": 180, "texture": "#1_0"},
				"up": {"uv": [4, 15.5, 5, 16], "rotation": 180, "texture": "#1_0"},
				"down": {"uv": [5, 10, 4, 10.5], "texture": "#1_0"}
			}
		},
		{
			"name": "stonecutter_saw_5",
			"from": [4, 2.5, 7.75],
			"to": [5, 8.5, 8.25],
			"rotation": {"angle": 0, "axis": "y", "origin": [8, 6.64706, 8]},
			"faces": {
				"north": {"uv": [11, 16, 12, 10], "texture": "#1_0"},
				"east": {"uv": [11, 10, 11.5, 16], "rotation": 180, "texture": "#1_0"},
				"south": {"uv": [11, 10, 12, 16], "rotation": 180, "texture": "#1_0"},
				"west": {"uv": [11.5, 10, 12, 16], "rotation": 180, "texture": "#1_0"},
				"up": {"uv": [11, 15.5, 12, 16], "rotation": 180, "texture": "#1_0"},
				"down": {"uv": [12, 10, 11, 10.5], "texture": "#1_0"}
			}
		},
		{
			"name": "stonecutter_saw_6",
			"from": [12, 3, 7.75],
			"to": [12.5, 8.5, 8.25],
			"rotation": {"angle": 0, "axis": "y", "origin": [8, 6.64706, 8]},
			"faces": {
				"north": {"uv": [3.5, 16, 4, 10.5], "texture": "#1_0"},
				"east": {"uv": [3.5, 10.5, 4, 16], "rotation": 180, "texture": "#1_0"},
				"south": {"uv": [3.5, 10.5, 4, 16], "rotation": 180, "texture": "#1_0"},
				"west": {"uv": [3.5, 10.5, 4, 16], "rotation": 180, "texture": "#1_0"},
				"up": {"uv": [3.5, 15.5, 4, 16], "rotation": 180, "texture": "#1_0"},
				"down": {"uv": [4, 10.5, 3.5, 11], "texture": "#1_0"}
			}
		},
		{
			"name": "stonecutter_saw_7",
			"from": [3.5, 3, 7.75],
			"to": [4, 8.5, 8.25],
			"rotation": {"angle": 0, "axis": "y", "origin": [8, 6.64706, 8]},
			"faces": {
				"north": {"uv": [12, 16, 12.5, 10.5], "texture": "#1_0"},
				"east": {"uv": [12, 10.5, 12.5, 16], "rotation": 180, "texture": "#1_0"},
				"south": {"uv": [12, 10.5, 12.5, 16], "rotation": 180, "texture": "#1_0"},
				"west": {"uv": [12, 10.5, 12.5, 16], "rotation": 180, "texture": "#1_0"},
				"up": {"uv": [12, 15.5, 12.5, 16], "rotation": 180, "texture": "#1_0"},
				"down": {"uv": [12.5, 10.5, 12, 11], "texture": "#1_0"}
			}
		},
		{
			"name": "stonecutter_saw_8",
			"from": [12.5, 3.5, 7.75],
			"to": [13, 8.5, 8.25],
			"rotation": {"angle": 0, "axis": "y", "origin": [8, 6.64706, 8]},
			"faces": {
				"north": {"uv": [3, 16, 3.5, 11], "texture": "#1_0"},
				"east": {"uv": [3, 11, 3.5, 16], "rotation": 180, "texture": "#1_0"},
				"south": {"uv": [3, 11, 3.5, 16], "rotation": 180, "texture": "#1_0"},
				"west": {"uv": [3, 11, 3.5, 16], "rotation": 180, "texture": "#1_0"},
				"up": {"uv": [3, 15.5, 3.5, 16], "rotation": 180, "texture": "#1_0"},
				"down": {"uv": [3.5, 11, 3, 11.5], "texture": "#1_0"}
			}
		},
		{
			"name": "stonecutter_saw_9",
			"from": [3, 3.5, 7.75],
			"to": [3.5, 8.5, 8.25],
			"rotation": {"angle": 0, "axis": "y", "origin": [8, 6.64706, 8]},
			"faces": {
				"north": {"uv": [12.5, 16, 13, 11], "texture": "#1_0"},
				"east": {"uv": [12.5, 11, 13, 16], "rotation": 180, "texture": "#1_0"},
				"south": {"uv": [12.5, 11, 13, 16], "rotation": 180, "texture": "#1_0"},
				"west": {"uv": [12.5, 11, 13, 16], "rotation": 180, "texture": "#1_0"},
				"up": {"uv": [12.5, 15.5, 13, 16], "rotation": 180, "texture": "#1_0"},
				"down": {"uv": [13, 11, 12.5, 11.5], "texture": "#1_0"}
			}
		},
		{
			"name": "stonecutter_saw_10",
			"from": [13, 4, 7.75],
			"to": [13.5, 8.5, 8.25],
			"rotation": {"angle": 0, "axis": "y", "origin": [8, 6.64706, 8]},
			"faces": {
				"north": {"uv": [2.5, 16, 3, 11.5], "texture": "#1_0"},
				"east": {"uv": [2.5, 11.5, 3, 16], "rotation": 180, "texture": "#1_0"},
				"south": {"uv": [2.5, 11.5, 3, 16], "rotation": 180, "texture": "#1_0"},
				"west": {"uv": [2.5, 11.5, 3, 16], "rotation": 180, "texture": "#1_0"},
				"up": {"uv": [2.5, 15.5, 3, 16], "rotation": 180, "texture": "#1_0"},
				"down": {"uv": [3, 11.5, 2.5, 12], "texture": "#1_0"}
			}
		},
		{
			"name": "stonecutter_saw_11",
			"from": [2.5, 4, 7.75],
			"to": [3, 8.5, 8.25],
			"rotation": {"angle": 0, "axis": "y", "origin": [8, 6.64706, 8]},
			"faces": {
				"north": {"uv": [13, 16, 13.5, 11.5], "texture": "#1_0"},
				"east": {"uv": [13, 11.5, 13.5, 16], "rotation": 180, "texture": "#1_0"},
				"south": {"uv": [13, 11.5, 13.5, 16], "rotation": 180, "texture": "#1_0"},
				"west": {"uv": [13, 11.5, 13.5, 16], "rotation": 180, "texture": "#1_0"},
				"up": {"uv": [13, 15.5, 13.5, 16], "rotation": 180, "texture": "#1_0"},
				"down": {"uv": [13.5, 11.5, 13, 12], "texture": "#1_0"}
			}
		},
		{
			"name": "stonecutter_saw_12",
			"from": [13.5, 4.5, 7.75],
			"to": [14, 8.5, 8.25],
			"rotation": {"angle": 0, "axis": "y", "origin": [8, 6.64706, 8]},
			"faces": {
				"north": {"uv": [2, 16, 2.5, 12], "texture": "#1_0"},
				"east": {"uv": [2, 12, 2.5, 16], "rotation": 180, "texture": "#1_0"},
				"south": {"uv": [2, 12, 2.5, 16], "rotation": 180, "texture": "#1_0"},
				"west": {"uv": [2, 12, 2.5, 16], "rotation": 180, "texture": "#1_0"},
				"up": {"uv": [2, 15.5, 2.5, 16], "rotation": 180, "texture": "#1_0"},
				"down": {"uv": [2.5, 12, 2, 12.5], "texture": "#1_0"}
			}
		},
		{
			"name": "stonecutter_saw_13",
			"from": [2, 4.5, 7.75],
			"to": [2.5, 8.5, 8.25],
			"rotation": {"angle": 0, "axis": "y", "origin": [8, 6.64706, 8]},
			"faces": {
				"north": {"uv": [13.5, 16, 14, 12], "texture": "#1_0"},
				"east": {"uv": [13.5, 12, 14, 16], "rotation": 180, "texture": "#1_0"},
				"south": {"uv": [13.5, 12, 14, 16], "rotation": 180, "texture": "#1_0"},
				"west": {"uv": [13.5, 12, 14, 16], "rotation": 180, "texture": "#1_0"},
				"up": {"uv": [13, 15.5, 13.5, 16], "rotation": 180, "texture": "#1_0"},
				"down": {"uv": [14, 12, 13.5, 12.5], "texture": "#1_0"}
			}
		},
		{
			"name": "stonecutter_saw_14",
			"from": [14, 5.5, 7.75],
			"to": [14.5, 8.5, 8.25],
			"rotation": {"angle": 0, "axis": "y", "origin": [8, 6.64706, 8]},
			"faces": {
				"north": {"uv": [1.5, 16, 2, 13], "texture": "#1_0"},
				"east": {"uv": [1.5, 13, 2, 16], "rotation": 180, "texture": "#1_0"},
				"south": {"uv": [1.5, 13, 2, 16], "rotation": 180, "texture": "#1_0"},
				"west": {"uv": [1.5, 13, 2, 16], "rotation": 180, "texture": "#1_0"},
				"up": {"uv": [1.5, 15.5, 2, 16], "rotation": 180, "texture": "#1_0"},
				"down": {"uv": [2, 13, 1.5, 13.5], "texture": "#1_0"}
			}
		},
		{
			"name": "stonecutter_saw_15",
			"from": [1.5, 5.5, 7.75],
			"to": [2, 8.5, 8.25],
			"rotation": {"angle": 0, "axis": "y", "origin": [8, 6.64706, 8]},
			"faces": {
				"north": {"uv": [14, 16, 14.5, 13], "texture": "#1_0"},
				"east": {"uv": [14, 13, 14.5, 16], "rotation": 180, "texture": "#1_0"},
				"south": {"uv": [14, 13, 14.5, 16], "rotation": 180, "texture": "#1_0"},
				"west": {"uv": [14, 13, 14.5, 16], "rotation": 180, "texture": "#1_0"},
				"up": {"uv": [14, 15.5, 14.5, 16], "rotation": 180, "texture": "#1_0"},
				"down": {"uv": [14.5, 13, 14, 13.5], "texture": "#1_0"}
			}
		},
		{
			"name": "stonecutter_saw_16",
			"from": [14.5, 6.5, 7.75],
			"to": [15, 8.5, 8.25],
			"rotation": {"angle": 0, "axis": "y", "origin": [8, 6.64706, 8]},
			"faces": {
				"north": {"uv": [1, 16, 1.5, 14], "texture": "#1_0"},
				"east": {"uv": [1, 14, 1.5, 16], "rotation": 180, "texture": "#1_0"},
				"south": {"uv": [1, 14, 1.5, 16], "rotation": 180, "texture": "#1_0"},
				"west": {"uv": [1, 14, 1.5, 16], "rotation": 180, "texture": "#1_0"},
				"up": {"uv": [1, 15.5, 1.5, 16], "rotation": 180, "texture": "#1_0"},
				"down": {"uv": [1.5, 14, 1, 14.5], "texture": "#1_0"}
			}
		},
		{
			"name": "stonecutter_saw_17",
			"from": [1, 6.5, 7.75],
			"to": [1.5, 8.5, 8.25],
			"rotation": {"angle": 0, "axis": "y", "origin": [8, 6.64706, 8]},
			"faces": {
				"north": {"uv": [14.5, 16, 15, 14], "texture": "#1_0"},
				"east": {"uv": [14.5, 14, 15, 16], "rotation": 180, "texture": "#1_0"},
				"south": {"uv": [14.5, 14, 15, 16], "rotation": 180, "texture": "#1_0"},
				"west": {"uv": [14.5, 14, 15, 16], "rotation": 180, "texture": "#1_0"},
				"up": {"uv": [14.5, 15.5, 15, 16], "rotation": 180, "texture": "#1_0"},
				"down": {"uv": [15, 14, 14.5, 14.5], "texture": "#1_0"}
			}
		}
	],
	"groups": [0, 1, 2, 3, 4, 5, 6, 7, 8, 9, 10, 11, 12, 13, 14,
		{
			"name": "saw",
			"origin": [8, 8, 8],
			"color": 0,
			"children": [15, 16, 17, 18, 19, 20, 21, 22, 23, 24, 25, 26, 27, 28, 29, 30, 31]
		},
		{
			"name": "saw",
			"origin": [8, 8, 8],
			"color": 0,
			"children": [32, 33, 34, 35, 36, 37, 38, 39, 40, 41, 42, 43, 44, 45, 46, 47, 48]
		}
	]
}