{
	"credit": "Made with Blockbench by Juknum",
	"textures": {
		"3": "minecraft:block/cake_cherry",
		"4": "minecraft:block/cake_top",
		"candle": "minecraft:block/candle",
		"bottom": "minecraft:block/cake_bottom",
		"particle": "minecraft:block/cake_side",
		"side": "minecraft:block/cake_side"
	},
	"elements": [
		{
			"from": [7, 8, 7],
			"to": [9, 14, 9],
			"faces": {
				"north": {"uv": [0, 8, 2, 14], "texture": "#candle"},
				"east": {"uv": [0, 8, 2, 14], "texture": "#candle"},
				"south": {"uv": [0, 8, 2, 14], "texture": "#candle"},
				"west": {"uv": [0, 8, 2, 14], "texture": "#candle"},
				"up": {"uv": [0, 6, 2, 8], "texture": "#candle"},
				"down": {"uv": [0, 14, 2, 16], "texture": "#candle", "cullface": "down"}
			}
		},
		{
			"from": [7.75, 14, 7.75],
			"to": [8.25, 15, 8.25],
			"rotation": {"angle": -45, "axis": "y", "origin": [8, 14, 8]},
			"faces": {
				"north": {"uv": [0, 5, 0.5, 6], "texture": "#candle"},
				"east": {"uv": [0, 5, 0.5, 6], "texture": "#candle"},
				"south": {"uv": [0, 5, 0.5, 6], "texture": "#candle"},
				"west": {"uv": [0, 5, 0.5, 6], "texture": "#candle"},
				"up": {"uv": [0, 5, 0.5, 5.5], "texture": "#candle"}
			}
		},
		{
			"name": "cake",
			"from": [1.5, 0, 1.5],
			"to": [14.5, 8, 14.5],
			"faces": {
				"north": {"uv": [1.5, 8, 14.5, 16], "texture": "#side"},
				"east": {"uv": [1.5, 8, 14.5, 16], "texture": "#side"},
				"south": {"uv": [1.5, 8, 14.5, 16], "texture": "#side"},
				"west": {"uv": [1.5, 8, 14.5, 16], "texture": "#side"},
				"up": {"uv": [1.5, 1.5, 14.5, 14.5], "texture": "#4"},
				"down": {"uv": [1.5, 1.5, 14.5, 14.5], "texture": "#bottom", "cullface": "down"}
			}
		},
		{
			"name": "cream",
			"from": [1, 5.5, 1],
			"to": [15, 8, 1.5],
			"faces": {
				"north": {"uv": [1, 8, 15, 10.5], "texture": "#side"},
				"up": {"uv": [1, 1, 15, 1.5], "texture": "#4"},
				"down": {"uv": [15, 10, 1, 10.5], "texture": "#side"}
			}
		},
		{
			"name": "cream",
			"from": [1, 5, 1],
			"to": [2.5, 5.5, 1.5],
			"faces": {
				"north": {"uv": [13.5, 10.5, 15, 11], "texture": "#side"},
				"east": {"uv": [13.5, 10.5, 14, 11], "texture": "#side"},
				"down": {"uv": [15, 10.5, 13.5, 11], "texture": "#side"}
			}
		},
		{
			"name": "cream",
			"from": [1, 4.5, 1],
			"to": [2, 5, 1.5],
			"faces": {
				"north": {"uv": [14, 11, 15, 11.5], "texture": "#side"},
				"east": {"uv": [14, 11, 14.5, 11.5], "texture": "#side"},
				"down": {"uv": [15, 11, 14, 11.5], "texture": "#side"}
			}
		},
		{
			"name": "cream",
			"from": [14, 4.5, 1],
			"to": [15, 5.5, 1.5],
			"faces": {
				"north": {"uv": [1, 10.5, 2, 11.5], "texture": "#side"},
				"west": {"uv": [1.5, 10.5, 2, 11.5], "texture": "#side"},
				"down": {"uv": [2, 11, 1, 11.5], "texture": "#side"}
			}
		},
		{
			"name": "cream",
			"from": [13.5, 5, 1],
			"to": [14, 5.5, 1.5],
			"faces": {
				"north": {"uv": [2, 10.5, 2.5, 11], "texture": "#side"},
				"west": {"uv": [2, 10.5, 2.5, 11], "texture": "#side"},
				"down": {"uv": [2, 10.5, 2.5, 11], "texture": "#side"}
			}
		},
		{
			"name": "cream",
			"from": [4.5, 5, 1],
			"to": [7, 5.5, 1.5],
			"faces": {
				"north": {"uv": [9, 10.5, 11.5, 11], "texture": "#side"},
				"east": {"uv": [9, 10.5, 9.5, 11], "texture": "#side"},
				"west": {"uv": [11, 10.5, 11.5, 11], "texture": "#side"},
				"down": {"uv": [9, 10.5, 11.5, 11], "texture": "#side"}
			}
		},
		{
			"name": "cream",
			"from": [5, 4.5, 1],
			"to": [6.5, 5, 1.5],
			"faces": {
				"north": {"uv": [9.5, 11, 11, 11.5], "texture": "#side"},
				"east": {"uv": [9.5, 11, 10, 11.5], "texture": "#side"},
				"west": {"uv": [10.5, 11, 11, 11.5], "texture": "#side"},
				"down": {"uv": [11, 11, 9.5, 11.5], "texture": "#side"}
			}
		},
		{
			"name": "cream",
			"from": [9, 5, 1],
			"to": [11.5, 5.5, 1.5],
			"faces": {
				"north": {"uv": [4.5, 10.5, 7, 11], "texture": "#side"},
				"east": {"uv": [4.5, 10.5, 5, 11], "texture": "#side"},
				"west": {"uv": [6.5, 10.5, 7, 11], "texture": "#side"},
				"down": {"uv": [4.5, 10.5, 7, 11], "texture": "#side"}
			}
		},
		{
			"name": "cream",
			"from": [9.5, 4.5, 1],
			"to": [11, 5, 1.5],
			"faces": {
				"north": {"uv": [5, 11, 6.5, 11.5], "texture": "#side"},
				"east": {"uv": [5, 11, 5.5, 11.5], "texture": "#side"},
				"west": {"uv": [6, 11, 6.5, 11.5], "texture": "#side"},
				"down": {"uv": [6.5, 11, 5, 11.5], "texture": "#side"}
			}
		},
		{
			"name": "cream",
			"from": [1, 5.5, 1],
			"to": [1.5, 8, 15],
			"rotation": {"angle": 0, "axis": "y", "origin": [8, 0, 8]},
			"faces": {
				"west": {"uv": [1, 8, 15, 10.5], "texture": "#side"},
				"up": {"uv": [1, 1, 15, 1.5], "rotation": 270, "texture": "#4"},
				"down": {"uv": [15, 10, 1, 10.5], "rotation": 90, "texture": "#side"}
			}
		},
		{
			"name": "cream",
			"from": [1, 5, 13.5],
			"to": [1.5, 5.5, 15],
			"rotation": {"angle": 0, "axis": "y", "origin": [8, 0, 8]},
			"faces": {
				"north": {"uv": [13.5, 10.5, 14, 11], "texture": "#side"},
				"west": {"uv": [13.5, 10.5, 15, 11], "texture": "#side"},
				"down": {"uv": [15, 10.5, 13.5, 11], "rotation": 90, "texture": "#side"}
			}
		},
		{
			"name": "cream",
			"from": [1, 4.5, 14],
			"to": [1.5, 5, 15],
			"rotation": {"angle": 0, "axis": "y", "origin": [8, 0, 8]},
			"faces": {
				"north": {"uv": [14, 11, 14.5, 11.5], "texture": "#side"},
				"west": {"uv": [14, 11, 15, 11.5], "texture": "#side"},
				"down": {"uv": [15, 11, 14, 11.5], "rotation": 90, "texture": "#side"}
			}
		},
		{
			"name": "cream",
			"from": [1, 4.5, 1],
			"to": [1.5, 5.5, 2],
			"rotation": {"angle": 0, "axis": "y", "origin": [8, 0, 8]},
			"faces": {
				"south": {"uv": [1.5, 10.5, 2, 11.5], "texture": "#side"},
				"west": {"uv": [1, 10.5, 2, 11.5], "texture": "#side"},
				"down": {"uv": [2, 11, 1, 11.5], "rotation": 90, "texture": "#side"}
			}
		},
		{
			"name": "cream",
			"from": [1, 5, 2],
			"to": [1.5, 5.5, 2.5],
			"rotation": {"angle": 0, "axis": "y", "origin": [8, 0, 8]},
			"faces": {
				"south": {"uv": [2, 10.5, 2.5, 11], "texture": "#side"},
				"west": {"uv": [2, 10.5, 2.5, 11], "texture": "#side"},
				"down": {"uv": [2, 10.5, 2.5, 11], "rotation": 90, "texture": "#side"}
			}
		},
		{
			"name": "cream",
			"from": [1, 5, 9],
			"to": [1.5, 5.5, 11.5],
			"rotation": {"angle": 0, "axis": "y", "origin": [8, 0, 8]},
			"faces": {
				"north": {"uv": [9, 10.5, 9.5, 11], "texture": "#side"},
				"south": {"uv": [11, 10.5, 11.5, 11], "texture": "#side"},
				"west": {"uv": [9, 10.5, 11.5, 11], "texture": "#side"},
				"down": {"uv": [9, 10.5, 11.5, 11], "rotation": 90, "texture": "#side"}
			}
		},
		{
			"name": "cream",
			"from": [1, 4.5, 9.5],
			"to": [1.5, 5, 11],
			"rotation": {"angle": 0, "axis": "y", "origin": [8, 0, 8]},
			"faces": {
				"north": {"uv": [9.5, 11, 10, 11.5], "texture": "#side"},
				"south": {"uv": [10.5, 11, 11, 11.5], "texture": "#side"},
				"west": {"uv": [9.5, 11, 11, 11.5], "texture": "#side"},
				"down": {"uv": [11, 11, 9.5, 11.5], "rotation": 90, "texture": "#side"}
			}
		},
		{
			"name": "cream",
			"from": [1, 5, 4.5],
			"to": [1.5, 5.5, 7],
			"rotation": {"angle": 0, "axis": "y", "origin": [8, 0, 8]},
			"faces": {
				"north": {"uv": [4.5, 10.5, 5, 11], "texture": "#side"},
				"south": {"uv": [6.5, 10.5, 7, 11], "texture": "#side"},
				"west": {"uv": [4.5, 10.5, 7, 11], "texture": "#side"},
				"down": {"uv": [4.5, 10.5, 7, 11], "rotation": 90, "texture": "#side"}
			}
		},
		{
			"name": "cream",
			"from": [1, 4.5, 5],
			"to": [1.5, 5, 6.5],
			"rotation": {"angle": 0, "axis": "y", "origin": [8, 0, 8]},
			"faces": {
				"north": {"uv": [5, 11, 5.5, 11.5], "texture": "#side"},
				"south": {"uv": [6, 11, 6.5, 11.5], "texture": "#side"},
				"west": {"uv": [5, 11, 6.5, 11.5], "texture": "#side"},
				"down": {"uv": [6.5, 11, 5, 11.5], "rotation": 90, "texture": "#side"}
			}
		},
		{
			"name": "cream",
			"from": [1, 5.5, 14.5],
			"to": [15, 8, 15],
			"rotation": {"angle": 0, "axis": "y", "origin": [8, 0, 8]},
			"faces": {
				"south": {"uv": [1, 8, 15, 10.5], "texture": "#side"},
				"up": {"uv": [1, 1, 15, 1.5], "rotation": 180, "texture": "#4"},
				"down": {"uv": [15, 10, 1, 10.5], "rotation": 180, "texture": "#side"}
			}
		},
		{
			"name": "cream",
			"from": [13.5, 5, 14.5],
			"to": [15, 5.5, 15],
			"rotation": {"angle": 0, "axis": "y", "origin": [8, 0, 8]},
			"faces": {
				"south": {"uv": [13.5, 10.5, 15, 11], "texture": "#side"},
				"west": {"uv": [13.5, 10.5, 14, 11], "texture": "#side"},
				"down": {"uv": [15, 10.5, 13.5, 11], "rotation": 180, "texture": "#side"}
			}
		},
		{
			"name": "cream",
			"from": [14, 4.5, 14.5],
			"to": [15, 5, 15],
			"rotation": {"angle": 0, "axis": "y", "origin": [8, 0, 8]},
			"faces": {
				"south": {"uv": [14, 11, 15, 11.5], "texture": "#side"},
				"west": {"uv": [14, 11, 14.5, 11.5], "texture": "#side"},
				"down": {"uv": [15, 11, 14, 11.5], "rotation": 180, "texture": "#side"}
			}
		},
		{
			"name": "cream",
			"from": [1, 4.5, 14.5],
			"to": [2, 5.5, 15],
			"rotation": {"angle": 0, "axis": "y", "origin": [8, 0, 8]},
			"faces": {
				"east": {"uv": [1.5, 10.5, 2, 11.5], "texture": "#side"},
				"south": {"uv": [1, 10.5, 2, 11.5], "texture": "#side"},
				"down": {"uv": [2, 11, 1, 11.5], "rotation": 180, "texture": "#side"}
			}
		},
		{
			"name": "cream",
			"from": [2, 5, 14.5],
			"to": [2.5, 5.5, 15],
			"rotation": {"angle": 0, "axis": "y", "origin": [8, 0, 8]},
			"faces": {
				"east": {"uv": [2, 10.5, 2.5, 11], "texture": "#side"},
				"south": {"uv": [2, 10.5, 2.5, 11], "texture": "#side"},
				"down": {"uv": [2, 10.5, 2.5, 11], "rotation": 180, "texture": "#side"}
			}
		},
		{
			"name": "cream",
			"from": [9, 5, 14.5],
			"to": [11.5, 5.5, 15],
			"rotation": {"angle": 0, "axis": "y", "origin": [8, 0, 8]},
			"faces": {
				"east": {"uv": [11, 10.5, 11.5, 11], "texture": "#side"},
				"south": {"uv": [9, 10.5, 11.5, 11], "texture": "#side"},
				"west": {"uv": [9, 10.5, 9.5, 11], "texture": "#side"},
				"down": {"uv": [9, 10.5, 11.5, 11], "rotation": 180, "texture": "#side"}
			}
		},
		{
			"name": "cream",
			"from": [9.5, 4.5, 14.5],
			"to": [11, 5, 15],
			"rotation": {"angle": 0, "axis": "y", "origin": [8, 0, 8]},
			"faces": {
				"east": {"uv": [10.5, 11, 11, 11.5], "texture": "#side"},
				"south": {"uv": [9.5, 11, 11, 11.5], "texture": "#side"},
				"west": {"uv": [9.5, 11, 10, 11.5], "texture": "#side"},
				"down": {"uv": [11, 11, 9.5, 11.5], "rotation": 180, "texture": "#side"}
			}
		},
		{
			"name": "cream",
			"from": [4.5, 5, 14.5],
			"to": [7, 5.5, 15],
			"rotation": {"angle": 0, "axis": "y", "origin": [8, 0, 8]},
			"faces": {
				"east": {"uv": [6.5, 10.5, 7, 11], "texture": "#side"},
				"south": {"uv": [4.5, 10.5, 7, 11], "texture": "#side"},
				"west": {"uv": [4.5, 10.5, 5, 11], "texture": "#side"},
				"down": {"uv": [4.5, 10.5, 7, 11], "rotation": 180, "texture": "#side"}
			}
		},
		{
			"name": "cream",
			"from": [5, 4.5, 14.5],
			"to": [6.5, 5, 15],
			"rotation": {"angle": 0, "axis": "y", "origin": [8, 0, 8]},
			"faces": {
				"east": {"uv": [6, 11, 6.5, 11.5], "texture": "#side"},
				"south": {"uv": [5, 11, 6.5, 11.5], "texture": "#side"},
				"west": {"uv": [5, 11, 5.5, 11.5], "texture": "#side"},
				"down": {"uv": [6.5, 11, 5, 11.5], "rotation": 180, "texture": "#side"}
			}
		},
		{
			"name": "cream",
			"from": [14.5, 5.5, 1],
			"to": [15, 8, 15],
			"rotation": {"angle": 0, "axis": "y", "origin": [8, 0, 8]},
			"faces": {
				"east": {"uv": [1, 8, 15, 10.5], "texture": "#side"},
				"up": {"uv": [1, 1, 15, 1.5], "rotation": 90, "texture": "#4"},
				"down": {"uv": [15, 10, 1, 10.5], "rotation": 270, "texture": "#side"}
			}
		},
		{
			"name": "cream",
			"from": [14.5, 5, 1],
			"to": [15, 5.5, 2.5],
			"rotation": {"angle": 0, "axis": "y", "origin": [8, 0, 8]},
			"faces": {
				"east": {"uv": [13.5, 10.5, 15, 11], "texture": "#side"},
				"south": {"uv": [13.5, 10.5, 14, 11], "texture": "#side"},
				"down": {"uv": [15, 10.5, 13.5, 11], "rotation": 270, "texture": "#side"}
			}
		},
		{
			"name": "cream",
			"from": [14.5, 4.5, 1],
			"to": [15, 5, 2],
			"rotation": {"angle": 0, "axis": "y", "origin": [8, 0, 8]},
			"faces": {
				"east": {"uv": [14, 11, 15, 11.5], "texture": "#side"},
				"south": {"uv": [14, 11, 14.5, 11.5], "texture": "#side"},
				"down": {"uv": [15, 11, 14, 11.5], "rotation": 270, "texture": "#side"}
			}
		},
		{
			"name": "cream",
			"from": [14.5, 4.5, 14],
			"to": [15, 5.5, 15],
			"rotation": {"angle": 0, "axis": "y", "origin": [8, 0, 8]},
			"faces": {
				"north": {"uv": [1.5, 10.5, 2, 11.5], "texture": "#side"},
				"east": {"uv": [1, 10.5, 2, 11.5], "texture": "#side"},
				"down": {"uv": [2, 11, 1, 11.5], "rotation": 270, "texture": "#side"}
			}
		},
		{
			"name": "cream",
			"from": [14.5, 5, 13.5],
			"to": [15, 5.5, 14],
			"rotation": {"angle": 0, "axis": "y", "origin": [8, 0, 8]},
			"faces": {
				"north": {"uv": [2, 10.5, 2.5, 11], "texture": "#side"},
				"east": {"uv": [2, 10.5, 2.5, 11], "texture": "#side"},
				"down": {"uv": [2, 10.5, 2.5, 11], "rotation": 270, "texture": "#side"}
			}
		},
		{
			"name": "cream",
			"from": [14.5, 5, 4.5],
			"to": [15, 5.5, 7],
			"rotation": {"angle": 0, "axis": "y", "origin": [8, 0, 8]},
			"faces": {
				"north": {"uv": [11, 10.5, 11.5, 11], "texture": "#side"},
				"east": {"uv": [9, 10.5, 11.5, 11], "texture": "#side"},
				"south": {"uv": [9, 10.5, 9.5, 11], "texture": "#side"},
				"down": {"uv": [9, 10.5, 11.5, 11], "rotation": 270, "texture": "#side"}
			}
		},
		{
			"name": "cream",
			"from": [14.5, 4.5, 5],
			"to": [15, 5, 6.5],
			"rotation": {"angle": 0, "axis": "y", "origin": [8, 0, 8]},
			"faces": {
				"north": {"uv": [10.5, 11, 11, 11.5], "texture": "#side"},
				"east": {"uv": [9.5, 11, 11, 11.5], "texture": "#side"},
				"south": {"uv": [9.5, 11, 10, 11.5], "texture": "#side"},
				"down": {"uv": [11, 11, 9.5, 11.5], "rotation": 270, "texture": "#side"}
			}
		},
		{
			"name": "cream",
			"from": [14.5, 5, 9],
			"to": [15, 5.5, 11.5],
			"rotation": {"angle": 0, "axis": "y", "origin": [8, 0, 8]},
			"faces": {
				"north": {"uv": [6.5, 10.5, 7, 11], "texture": "#side"},
				"east": {"uv": [4.5, 10.5, 7, 11], "texture": "#side"},
				"south": {"uv": [4.5, 10.5, 5, 11], "texture": "#side"},
				"down": {"uv": [4.5, 10.5, 7, 11], "rotation": 270, "texture": "#side"}
			}
		},
		{
			"name": "cream",
			"from": [14.5, 4.5, 9.5],
			"to": [15, 5, 11],
			"rotation": {"angle": 0, "axis": "y", "origin": [8, 0, 8]},
			"faces": {
				"north": {"uv": [6, 11, 6.5, 11.5], "texture": "#side"},
				"east": {"uv": [5, 11, 6.5, 11.5], "texture": "#side"},
				"south": {"uv": [5, 11, 5.5, 11.5], "texture": "#side"},
				"down": {"uv": [6.5, 11, 5, 11.5], "rotation": 270, "texture": "#side"}
			}
		},
		{
			"from": [3, 8, 11.5],
			"to": [5, 8.5, 12.5],
			"rotation": {"angle": 0, "axis": "y", "origin": [4, 8, 12]},
			"faces": {
				"north": {"uv": [3, 11.5, 5, 12], "texture": "#3"},
				"east": {"uv": [4.5, 11.5, 5, 12.5], "rotation": 90, "texture": "#3"},
				"south": {"uv": [3, 12, 5, 12.5], "texture": "#3"},
				"west": {"uv": [3, 11.5, 3.5, 12.5], "rotation": 90, "texture": "#3"},
				"up": {"uv": [3, 11.5, 5, 12.5], "texture": "#3"}
			}
		},
		{
			"from": [3.5, 8, 11],
			"to": [4.5, 8.5, 13],
			"rotation": {"angle": 0, "axis": "y", "origin": [4, 8, 12]},
			"faces": {
				"north": {"uv": [3.5, 11, 4.5, 11.5], "texture": "#3"},
				"east": {"uv": [4, 11, 4.5, 13], "rotation": 90, "texture": "#3"},
				"south": {"uv": [3.5, 12.5, 4.5, 13], "texture": "#3"},
				"west": {"uv": [3.5, 11, 4, 13], "rotation": 90, "texture": "#3"},
				"up": {"uv": [3.5, 11, 4.5, 13], "texture": "#3"}
			}
		},
		{
			"from": [3.5, 8.5, 11.5],
			"to": [4.5, 9, 12.5],
			"rotation": {"angle": 0, "axis": "y", "origin": [4, 8, 12]},
			"faces": {
				"north": {"uv": [3.5, 11, 4.5, 11.5], "texture": "#3"},
				"east": {"uv": [4, 11.5, 4.5, 12.5], "rotation": 90, "texture": "#3"},
				"south": {"uv": [3.5, 12, 4, 13], "rotation": 90, "texture": "#3"},
				"west": {"uv": [4, 11, 4.5, 12], "rotation": 90, "texture": "#3"},
				"up": {"uv": [3.5, 11.5, 4.5, 12.5], "rotation": 90, "texture": "#3"}
			}
		},
		{
			"from": [4.5, 8.5, 3.5],
			"to": [5.5, 9, 4.5],
			"rotation": {"angle": 0, "axis": "y", "origin": [4, 8, 12]},
			"faces": {
				"north": {"uv": [3.5, 11, 4.5, 11.5], "texture": "#3"},
				"east": {"uv": [4, 11.5, 4.5, 12.5], "rotation": 90, "texture": "#3"},
				"south": {"uv": [3.5, 12, 4, 13], "rotation": 90, "texture": "#3"},
				"west": {"uv": [4, 11, 4.5, 12], "rotation": 90, "texture": "#3"},
				"up": {"uv": [3.5, 11.5, 4.5, 12.5], "rotation": 90, "texture": "#3"}
			}
		},
		{
			"from": [4, 8, 3.5],
			"to": [6, 8.5, 4.5],
			"rotation": {"angle": 0, "axis": "y", "origin": [4, 8, 12]},
			"faces": {
				"north": {"uv": [3, 11.5, 5, 12], "texture": "#3"},
				"east": {"uv": [4.5, 11.5, 5, 12.5], "rotation": 90, "texture": "#3"},
				"south": {"uv": [3, 12, 5, 12.5], "texture": "#3"},
				"west": {"uv": [3, 11.5, 3.5, 12.5], "rotation": 90, "texture": "#3"},
				"up": {"uv": [3, 11.5, 5, 12.5], "texture": "#3"}
			}
		},
		{
			"from": [4.5, 8, 3],
			"to": [5.5, 8.5, 5],
			"rotation": {"angle": 0, "axis": "y", "origin": [4, 8, 12]},
			"faces": {
				"north": {"uv": [3.5, 11, 4.5, 11.5], "texture": "#3"},
				"east": {"uv": [4, 11, 4.5, 13], "rotation": 90, "texture": "#3"},
				"south": {"uv": [3.5, 12.5, 4.5, 13], "texture": "#3"},
				"west": {"uv": [3.5, 11, 4, 13], "rotation": 90, "texture": "#3"},
				"up": {"uv": [3.5, 11, 4.5, 13], "texture": "#3"}
			}
		},
		{
			"from": [6.5, 8, 6.5],
			"to": [9.5, 9.5, 9.5],
			"rotation": {"angle": 0, "axis": "y", "origin": [4, 8, 12]},
			"faces": {
				"north": {"uv": [6.5, 6.5, 9.5, 8], "texture": "#3"},
				"east": {"uv": [6.5, 8, 9.5, 9.5], "rotation": 180, "texture": "#3"},
				"south": {"uv": [9.5, 8, 6.5, 9.5], "rotation": 180, "texture": "#3"},
				"west": {"uv": [6.5, 6.5, 9.5, 8], "texture": "#3"},
				"up": {"uv": [6.5, 6.5, 9.5, 9.5], "texture": "#3"}
			}
		},
		{
			"from": [7, 8, 9.5],
			"to": [9, 9, 10],
			"rotation": {"angle": 0, "axis": "x", "origin": [8, 9.5, 8]},
			"faces": {
				"east": {"uv": [7, 8.5, 7.5, 9.5], "texture": "#3"},
				"south": {"uv": [7, 8, 9, 9], "texture": "#3"},
				"west": {"uv": [7, 8.5, 7.5, 9.5], "texture": "#3"},
				"up": {"uv": [7, 8.5, 9, 9], "texture": "#3"}
			}
		},
		{
			"from": [6, 8, 7],
			"to": [6.5, 9, 9],
			"rotation": {"angle": 0, "axis": "y", "origin": [5.25, 7.75, 6.25]},
			"faces": {
				"north": {"uv": [7, 8.5, 7.5, 9.5], "texture": "#3"},
				"south": {"uv": [7, 8.5, 7.5, 9.5], "texture": "#3"},
				"west": {"uv": [7, 8, 9, 9], "texture": "#3"},
				"up": {"uv": [7, 8.5, 9, 9], "texture": "#3"}
			}
		},
		{
			"from": [9.5, 8, 7],
			"to": [10, 9, 9],
			"rotation": {"angle": 0, "axis": "y", "origin": [5.25, 7.75, 6.25]},
			"faces": {
				"north": {"uv": [7, 8.5, 7.5, 9.5], "texture": "#3"},
				"east": {"uv": [7, 8, 9, 9], "texture": "#3"},
				"south": {"uv": [7, 8.5, 7.5, 9.5], "texture": "#3"},
				"up": {"uv": [6.5, 7, 7, 9], "texture": "#3"}
			}
		},
		{
			"from": [7, 8, 6],
			"to": [9, 9, 6.5],
			"rotation": {"angle": 0, "axis": "x", "origin": [8, 9.5, 8]},
			"faces": {
				"north": {"uv": [7, 8, 9, 9], "texture": "#3"},
				"east": {"uv": [7, 8.5, 7.5, 9.5], "texture": "#3"},
				"west": {"uv": [7, 8.5, 7.5, 9.5], "texture": "#3"},
				"up": {"uv": [7, 8.5, 9, 9], "texture": "#3"}
			}
		},
		{
			"from": [2, 8, 7],
			"to": [3, 8.5, 8],
			"rotation": {"angle": 0, "axis": "y", "origin": [4, 8, 12]},
			"faces": {
				"north": {"uv": [2, 7, 3, 7.5], "rotation": 180, "texture": "#3"},
				"east": {"uv": [2.5, 7, 3, 8], "rotation": 90, "texture": "#3"},
				"south": {"uv": [2, 7.5, 3, 8], "texture": "#3"},
				"west": {"uv": [2, 7, 2.5, 8], "rotation": 270, "texture": "#3"},
				"up": {"uv": [2, 7, 3, 8], "texture": "#3"}
			}
		},
		{
			"from": [10.5, 8, 2],
			"to": [11.5, 8.5, 3],
			"rotation": {"angle": 0, "axis": "y", "origin": [4, 8, 12]},
			"faces": {
				"north": {"uv": [2, 7, 3, 7.5], "rotation": 180, "texture": "#3"},
				"east": {"uv": [2.5, 7, 3, 8], "rotation": 90, "texture": "#3"},
				"south": {"uv": [2, 7.5, 3, 8], "texture": "#3"},
				"west": {"uv": [2, 7, 2.5, 8], "rotation": 270, "texture": "#3"},
				"up": {"uv": [2, 7, 3, 8], "texture": "#3"}
			}
		},
		{
			"from": [10, 8, 12],
			"to": [11, 8.5, 13],
			"rotation": {"angle": 0, "axis": "y", "origin": [4, 8, 12]},
			"faces": {
				"north": {"uv": [2, 7, 3, 7.5], "rotation": 180, "texture": "#3"},
				"east": {"uv": [2.5, 7, 3, 8], "rotation": 90, "texture": "#3"},
				"south": {"uv": [2, 7.5, 3, 8], "texture": "#3"},
				"west": {"uv": [2, 7, 2.5, 8], "rotation": 270, "texture": "#3"},
				"up": {"uv": [2, 7, 3, 8], "texture": "#3"}
			}
		},
		{
			"from": [11, 8, 5],
			"to": [12, 8.5, 6],
			"rotation": {"angle": 0, "axis": "y", "origin": [4, 8, 12]},
			"faces": {
				"north": {"uv": [11, 5, 12, 5.5], "rotation": 180, "texture": "#3"},
				"east": {"uv": [11.5, 5, 12, 6], "rotation": 90, "texture": "#3"},
				"south": {"uv": [11, 5.5, 12, 6], "texture": "#3"},
				"west": {"uv": [11, 5, 11.5, 6], "rotation": 270, "texture": "#3"},
				"up": {"uv": [11, 5, 12, 6], "texture": "#3"}
			}
		},
		{
			"from": [13, 8, 9],
			"to": [14, 8.5, 10],
			"rotation": {"angle": 0, "axis": "y", "origin": [4, 8, 12]},
			"faces": {
				"north": {"uv": [11, 5, 12, 5.5], "rotation": 180, "texture": "#3"},
				"east": {"uv": [11.5, 5, 12, 6], "rotation": 90, "texture": "#3"},
				"south": {"uv": [11, 5.5, 12, 6], "texture": "#3"},
				"west": {"uv": [11, 5, 11.5, 6], "rotation": 270, "texture": "#3"},
				"up": {"uv": [11, 5, 12, 6], "texture": "#3"}
			}
		}
	],
	"groups": [0, 1,
		{
			"name": "cake",
			"origin": [8, 8, 8],
			"color": 0,
			"children": [2,
				{
					"name": "cream north",
					"origin": [8, 8, 8],
					"color": 0,
					"children": [3, 4, 5, 6, 7, 8, 9, 10, 11]
				},
				{
					"name": "cream west",
					"origin": [8, 8, 8],
					"color": 0,
					"children": [12, 13, 14, 15, 16, 17, 18, 19, 20]
				},
				{
					"name": "cream south",
					"origin": [8, 8, 8],
					"color": 0,
					"children": [21, 22, 23, 24, 25, 26, 27, 28, 29]
				},
				{
					"name": "cream east",
					"origin": [8, 8, 8],
					"color": 0,
					"children": [30, 31, 32, 33, 34, 35, 36, 37, 38]
				},
				{
					"name": "cherry",
					"origin": [8, 8, 8],
					"color": 0,
					"children": [39, 40, 41, 42, 43, 44, 45, 46, 47, 48, 49, 50, 51, 52, 53, 54]
				}
			]
		}
	]
}