{
	"credit": "Made with Blockbench by Juknum",
	"ambientocclusion": false,
	"textures": {
		"particle": "#pane"
	},
	"elements": [
		{
			"from": [7, 0, 9],
			"to": [9, 16, 16],
			"faces": {
				"east": {"uv": [0, 0, 7, 16], "texture": "#pane"},
				"south": {"uv": [7, 0, 9, 16], "texture": "#edge"},
				"west": {"uv": [7, 0, 0, 16], "texture": "#pane"},
				"up": {"uv": [7, 0, 9, 7], "texture": "#edge"},
				"down": {"uv": [7, 0, 9, 7], "texture": "#edge"}
			}
		},
		{
			"name": "cube inverted",
			"from": [9, 16, 16],
			"to": [7, 0, 9],
			"faces": {
				"north": {"uv": [7, 16, 9, 0], "texture": "#edge", "cullface": "south"},
				"east": {"uv": [7, 16, 0, 0], "texture": "#pane"},
				"west": {"uv": [0, 16, 7, 0], "texture": "#pane"},
				"up": {"uv": [9, 0, 7, 7], "texture": "#edge", "cullface": "down"},
				"down": {"uv": [9, 0, 7, 7], "texture": "#edge", "cullface": "up"}
			}
		}
	]
}