{
	"credit": "Made with Blockbench by Juknum",
	"parent": "minecraft:block/block",
	"elements": [
		{
			"from": [6, 0, 8],
			"to": [8, 3, 10],
			"faces": {
				"north": {"uv": [0, 8, 2, 11], "texture": "#all"},
				"east": {"uv": [0, 8, 2, 11], "texture": "#all"},
				"south": {"uv": [0, 8, 2, 11], "texture": "#all"},
				"west": {"uv": [0, 8, 2, 11], "texture": "#all"},
				"up": {"uv": [0, 6, 2, 8], "texture": "#all"},
				"down": {"uv": [0, 14, 2, 16], "texture": "#all", "cullface": "down"}
			}
		},
		{
			"from": [6.75, 3, 8.75],
			"to": [7.25, 4, 9.25],
			"rotation": {"angle": 45, "axis": "y", "origin": [7, 3, 9]},
			"faces": {
				"north": {"uv": [0, 5, 0.5, 6], "texture": "#all"},
				"east": {"uv": [0, 5, 0.5, 6], "texture": "#all"},
				"south": {"uv": [0, 5, 0.5, 6], "texture": "#all"},
				"west": {"uv": [0, 5, 0.5, 6], "texture": "#all"},
				"up": {"uv": [0, 5, 0.5, 5.5], "texture": "#all"}
			}
		},
		{
			"from": [9, 0, 8],
			"to": [11, 5, 10],
			"faces": {
				"north": {"uv": [0, 8, 2, 13], "texture": "#all"},
				"east": {"uv": [0, 8, 2, 13], "texture": "#all"},
				"south": {"uv": [0, 8, 2, 13], "texture": "#all"},
				"west": {"uv": [0, 8, 2, 13], "texture": "#all"},
				"up": {"uv": [0, 6, 2, 8], "texture": "#all"},
				"down": {"uv": [0, 14, 2, 16], "texture": "#all", "cullface": "down"}
			}
		},
		{
			"from": [9.75, 5, 8.75],
			"to": [10.25, 6, 9.25],
			"rotation": {"angle": 45, "axis": "y", "origin": [10, 5, 9]},
			"faces": {
				"north": {"uv": [0, 5, 0.5, 6], "texture": "#all"},
				"east": {"uv": [0, 5, 0.5, 6], "texture": "#all"},
				"south": {"uv": [0, 5, 0.5, 6], "texture": "#all"},
				"west": {"uv": [0, 5, 0.5, 6], "texture": "#all"},
				"up": {"uv": [0, 5, 0.5, 5.5], "texture": "#all"}
			}
		},
		{
			"from": [5, 0, 5],
			"to": [7, 5, 7],
			"faces": {
				"north": {"uv": [0, 8, 2, 13], "texture": "#all"},
				"east": {"uv": [0, 8, 2, 13], "texture": "#all"},
				"south": {"uv": [0, 8, 2, 13], "texture": "#all"},
				"west": {"uv": [0, 8, 2, 13], "texture": "#all"},
				"up": {"uv": [0, 6, 2, 8], "texture": "#all"},
				"down": {"uv": [0, 14, 2, 16], "texture": "#all", "cullface": "down"}
			}
		},
		{
			"from": [5.75, 5, 5.75],
			"to": [6.25, 6, 6.25],
			"rotation": {"angle": 45, "axis": "y", "origin": [6, 5, 6]},
			"faces": {
				"north": {"uv": [0, 5, 0.5, 6], "texture": "#all"},
				"east": {"uv": [0, 5, 0.5, 6], "texture": "#all"},
				"south": {"uv": [0, 5, 0.5, 6], "texture": "#all"},
				"west": {"uv": [0, 5, 0.5, 6], "texture": "#all"},
				"up": {"uv": [0, 5, 0.5, 5.5], "texture": "#all"}
			}
		},
		{
			"from": [8, 0, 5],
			"to": [10, 6, 7],
			"faces": {
				"north": {"uv": [0, 8, 2, 14], "texture": "#all"},
				"east": {"uv": [0, 8, 2, 14], "texture": "#all"},
				"south": {"uv": [0, 8, 2, 14], "texture": "#all"},
				"west": {"uv": [0, 8, 2, 14], "texture": "#all"},
				"up": {"uv": [0, 6, 2, 8], "texture": "#all"},
				"down": {"uv": [0, 14, 2, 16], "texture": "#all", "cullface": "down"}
			}
		},
		{
			"from": [8.75, 6, 5.75],
			"to": [9.25, 7, 6.25],
			"rotation": {"angle": 45, "axis": "y", "origin": [9, 6, 6]},
			"faces": {
				"north": {"uv": [0, 5, 0.5, 6], "texture": "#all"},
				"east": {"uv": [0, 5, 0.5, 6], "texture": "#all"},
				"south": {"uv": [0, 5, 0.5, 6], "texture": "#all"},
				"west": {"uv": [0, 5, 0.5, 6], "texture": "#all"},
				"up": {"uv": [0, 5, 0.5, 5.5], "texture": "#all"}
			}
		}
	]
}