{
	"credit": "Made with Blockbench",
	"texture_size": [128, 64],
	"textures": {
		"texture": "entity/boat/acacia"
	},
	"elements": [
		{
			"name": "BoatBase",
			"from": [-6, 0, 0],
			"to": [22, 3, 16],
			"faces": {
				"north": {"uv": [0.375, 0, 3.875, 0.75], "texture": "#texture"},
				"east": {"uv": [4.25, 0.75, 3.875, 4.75], "rotation": 90, "texture": "#texture"},
				"south": {"uv": [3.875, 0, 7.375, 0.75], "texture": "#texture"},
				"west": {"uv": [0.375, 0.75, 0, 4.75], "rotation": 270, "texture": "#texture"},
				"up": {"uv": [4.25, 0.75, 7.75, 4.75], "texture": "#texture"},
				"down": {"uv": [0.375, 0.75, 3.875, 4.75], "texture": "#texture"}
			}
		},
		{
			"name": "BoatWest",
			"from": [-8, 3, -1],
			"to": [-6, 9, 17],
			"faces": {
				"north": {"uv": [2.5, 5.25, 2.75, 6.75], "texture": "#texture"},
				"east": {"uv": [0.25, 5.25, 2.5, 6.75], "texture": "#texture"},
				"south": {"uv": [0, 5.25, 0.25, 6.75], "texture": "#texture"},
				"west": {"uv": [2.75, 5.25, 5, 6.75], "texture": "#texture"},
				"up": {"uv": [0.25, 4.75, 2.5, 5.25], "rotation": 270, "texture": "#texture"},
				"down": {"uv": [2.5, 4.75, 4.75, 5.25], "rotation": 90, "texture": "#texture"}
			}
		},
		{
			"name": "BoatEast",
			"from": [22, 3, 0],
			"to": [24, 9, 16],
			"faces": {
				"north": {"uv": [0, 7.25, 0.25, 8.75], "texture": "#texture"},
				"east": {"uv": [2.5, 7.25, 4.5, 8.75], "texture": "#texture"},
				"south": {"uv": [2.25, 7.25, 2.5, 8.75], "texture": "#texture"},
				"west": {"uv": [0.25, 7.25, 2.25, 8.75], "texture": "#texture"},
				"up": {"uv": [0.25, 6.75, 2.25, 7.25], "rotation": 90, "texture": "#texture"},
				"down": {"uv": [2.5, 6.75, 4.5, 7.25], "rotation": 270, "texture": "#texture"}
			}
		},
		{
			"name": "BoatNorth",
			"from": [-6, 3, -2],
			"to": [22, 9, 0],
			"faces": {
				"north": {"uv": [4, 9.25, 7.5, 10.75], "texture": "#texture"},
				"east": {"uv": [0, 9.25, 0.25, 10.75], "texture": "#texture"},
				"south": {"uv": [0.25, 9.25, 3.75, 10.75], "texture": "#texture"},
				"west": {"uv": [3.75, 9.25, 4, 10.75], "texture": "#texture"},
				"up": {"uv": [0.25, 8.75, 3.75, 9.25], "texture": "#texture"},
				"down": {"uv": [3.75, 8.75, 7.25, 9.25], "texture": "#texture"}
			}
		},
		{
			"name": "BoatSouth",
			"from": [-6, 3, 16],
			"to": [22, 9, 18],
			"faces": {
				"north": {"uv": [4, 9.25, 7.5, 10.75], "texture": "#texture"},
				"east": {"uv": [0, 9.25, 0.25, 10.75], "texture": "#texture"},
				"south": {"uv": [0.25, 9.25, 3.75, 10.75], "texture": "#texture"},
				"west": {"uv": [3.75, 9.25, 4, 10.75], "texture": "#texture"},
				"up": {"uv": [0.25, 8.75, 3.75, 9.25], "texture": "#texture"},
				"down": {"uv": [3.75, 8.75, 7.25, 9.25], "texture": "#texture"}
			}
		},
		{
			"name": "PaddleArm3",
			"from": [11, -4.31662, 19.36867],
			"to": [13, 13.68338, 21.36867],
			"rotation": {"angle": -22.5, "axis": "x", "origin": [12, 3.8603, 11.36111]},
			"faces": {
				"north": {"uv": [10, 0, 10.25, 4.5], "texture": "#texture"},
				"east": {"uv": [10, 0, 10.25, 4.5], "texture": "#texture"},
				"south": {"uv": [10.25, 0, 10.5, 4.5], "texture": "#texture"},
				"west": {"uv": [10.25, 0, 10.5, 4.5], "texture": "#texture"},
				"up": {"uv": [10, 0, 10.25, 0.5], "rotation": 180, "texture": "#texture"}
			}
		},
		{
			"name": "PaddlePan3",
			"from": [11, -6.80034, 20.39178],
			"to": [12, 0.19966, 26.39178],
			"rotation": {"angle": -22.5, "axis": "x", "origin": [12, 1.033, 23.72512]},
			"faces": {
				"north": {"uv": [8.75, 5, 8.875, 6.75], "texture": "#texture"},
				"east": {"uv": [8.625, 8.25, 7.75, 6.75], "rotation": 90, "texture": "#texture"},
				"south": {"uv": [8.625, 5, 8.75, 6.75], "texture": "#texture"},
				"west": {"uv": [8.875, 6.75, 9.75, 8.25], "rotation": 90, "texture": "#texture"},
				"up": {"uv": [8.625, 6.75, 8.75, 8.25], "rotation": 180, "texture": "#texture"},
				"down": {"uv": [8.75, 6.75, 8.875, 8.25], "rotation": 180, "texture": "#texture"}
			}
		},
		{
			"name": "PaddleArm4",
			"from": [12, -5.18302, 21.46791],
			"to": [13, -0.18302, 23.46791],
			"rotation": {"angle": -22.5, "axis": "x", "origin": [12, 0.65031, 22.80124]},
			"faces": {
				"north": {"uv": [8.75, 5, 8.875, 6.25], "texture": "#texture"},
				"east": {"uv": [8.75, 5, 9.375, 4.5], "rotation": 90, "texture": "#texture"},
				"south": {"uv": [8.625, 5, 8.75, 6.25], "texture": "#texture"},
				"up": {"uv": [10, 0, 10.25, 0.5], "rotation": 180, "texture": "#texture"},
				"down": {"uv": [8.625, 4.5, 8.75, 5], "rotation": 180, "texture": "#texture"}
			}
		},
		{
			"name": "PaddlePan4",
			"from": [11, -6.46366, -12.08438],
			"to": [12, 0.53634, -6.08438],
			"rotation": {"angle": 22.5, "axis": "x", "origin": [11, -3.05329, -9.41771]},
			"faces": {
				"north": {"uv": [8.625, 5, 8.75, 6.75], "texture": "#texture"},
				"east": {"uv": [8.625, 6.75, 7.75, 8.25], "rotation": 90, "texture": "#texture"},
				"south": {"uv": [8.75, 5, 8.875, 6.75], "texture": "#texture"},
				"west": {"uv": [8.875, 8.25, 9.75, 6.75], "rotation": 90, "texture": "#texture"},
				"up": {"uv": [8.625, 6.75, 8.75, 8.25], "texture": "#texture"},
				"down": {"uv": [8.75, 6.75, 8.875, 8.25], "texture": "#texture"}
			}
		},
		{
			"name": "PaddleArm5",
			"from": [12, -4.99858, -8.39513],
			"to": [13, 0.00142, -6.39513],
			"rotation": {"angle": 22.5, "axis": "x", "origin": [13, -1.58821, -7.72847]},
			"faces": {
				"north": {"uv": [8.625, 5, 8.75, 6.25], "texture": "#texture"},
				"east": {"uv": [8.75, 5, 9.375, 4.5], "rotation": 90, "texture": "#texture"},
				"south": {"uv": [8.75, 5, 8.875, 6.25], "texture": "#texture"},
				"west": {"uv": [8.75, 5, 9.375, 4.5], "rotation": 90, "texture": "#texture"},
				"up": {"uv": [10, 0, 10.25, 0.5], "texture": "#texture"},
				"down": {"uv": [8.625, 4.5, 8.75, 5], "texture": "#texture"}
			}
		},
		{
			"name": "PaddleArm4",
			"from": [11, 0.48938, -10.84828],
			"to": [13, 18.48938, -8.84828],
			"rotation": {"angle": 22.5, "axis": "x", "origin": [12, -7.51062, -10.18161]},
			"faces": {
				"north": {"uv": [10.25, 0, 10.5, 4.5], "texture": "#texture"},
				"east": {"uv": [10.25, 0, 10.5, 4.5], "texture": "#texture"},
				"south": {"uv": [10, 0, 10.25, 4.5], "texture": "#texture"},
				"west": {"uv": [10, 0, 10.25, 4.5], "texture": "#texture"},
				"up": {"uv": [10, 0, 10.25, 0.5], "texture": "#texture"}
			}
		}
	],
	"display": {
		"thirdperson_righthand": {
			"rotation": [0, 90, 45],
			"translation": [0, 2, -0.25],
			"scale": [0.15, 0.15, 0.15]
		},
		"thirdperson_lefthand": {
			"rotation": [0, 90, 45],
			"translation": [0, 2, -0.25],
			"scale": [0.15, 0.15, 0.15]
		},
		"firstperson_righthand": {
			"rotation": [0, 45, 0],
			"translation": [1.5, 1, 0],
			"scale": [0.35, 0.35, 0.35]
		},
		"firstperson_lefthand": {
			"rotation": [0, 45, 0],
			"translation": [1.5, 1, 0],
			"scale": [0.35, 0.35, 0.35]
		},
		"ground": {
			"translation": [0, 3, 0],
			"scale": [0.25, 0.25, 0.25]
		},
		"gui": {
			"rotation": [30, 225, 0],
			"translation": [0, 1.5, 0],
			"scale": [0.45, 0.45, 0.45]
		},
		"head": {
			"rotation": [0, 90, 0],
			"translation": [0, 14.5, 0]
		},
		"fixed": {
			"rotation": [-90, 0, 0],
			"translation": [0, 0, -3.75],
			"scale": [0.5, 0.5, 0.5]
		}
	}
}