{
	"credit": "Made with Blockbench by Juknum",
	"parent": "minecraft:item/rail",
	"ambientocclusion": false,
	"texture_size": [32, 32],
	"textures": {
		"2": "minecraft:block/rail_special",
		"particle": "minecraft:block/rail"
	},
	"elements": [
		{
			"from": [7, 0, 11],
			"to": [9, 0.5, 13],
			"faces": {
				"east": {"uv": [2, 0, 2.25, 1], "rotation": 90, "texture": "#2"},
				"west": {"uv": [2, 1, 2.25, 2], "rotation": 90, "texture": "#2"},
				"up": {"uv": [2, 1, 3, 2], "texture": "#2"},
				"down": {"uv": [2, 1, 3, 2], "texture": "#2"}
			}
		},
		{
			"from": [10, 0.5, 13],
			"to": [12, 1, 15],
			"faces": {
				"north": {"uv": [2, 0, 3, 0.25], "texture": "#2"},
				"south": {"uv": [2, 0.75, 3, 1], "rotation": 180, "texture": "#2"},
				"west": {"uv": [2, 1, 2.25, 2], "rotation": 90, "texture": "#2"},
				"up": {"uv": [2, 1, 3, 2], "texture": "#2"}
			}
		},
		{
			"from": [10, 0.5, 9],
			"to": [12, 1, 11],
			"faces": {
				"north": {"uv": [2, 0, 3, 0.25], "texture": "#2"},
				"south": {"uv": [2, 0.75, 3, 1], "rotation": 180, "texture": "#2"},
				"west": {"uv": [2, 1, 2.25, 2], "rotation": 90, "texture": "#2"},
				"up": {"uv": [2, 1, 3, 2], "texture": "#2"}
			}
		},
		{
			"from": [10, 0.5, 5],
			"to": [12, 1, 7],
			"faces": {
				"north": {"uv": [2, 0, 3, 0.25], "texture": "#2"},
				"south": {"uv": [2, 0.75, 3, 1], "rotation": 180, "texture": "#2"},
				"west": {"uv": [2, 1, 2.25, 2], "rotation": 90, "texture": "#2"},
				"up": {"uv": [2, 1, 3, 2], "texture": "#2"}
			}
		},
		{
			"from": [10, 0.5, 1],
			"to": [12, 1, 3],
			"faces": {
				"north": {"uv": [2, 0, 3, 0.25], "texture": "#2"},
				"south": {"uv": [2, 0.75, 3, 1], "rotation": 180, "texture": "#2"},
				"west": {"uv": [2, 1, 2.25, 2], "rotation": 90, "texture": "#2"},
				"up": {"uv": [2, 1, 3, 2], "texture": "#2"}
			}
		},
		{
			"from": [4, 0.5, 13],
			"to": [6, 1, 15],
			"faces": {
				"north": {"uv": [2, 0, 3, 0.25], "texture": "#2"},
				"east": {"uv": [2.75, 1, 3, 2], "rotation": 90, "texture": "#2"},
				"south": {"uv": [2, 0.75, 3, 1], "rotation": 180, "texture": "#2"},
				"up": {"uv": [2, 1, 3, 2], "texture": "#2"}
			}
		},
		{
			"from": [4, 0.5, 9],
			"to": [6, 1, 11],
			"faces": {
				"north": {"uv": [2, 0, 3, 0.25], "texture": "#2"},
				"east": {"uv": [2.75, 1, 3, 2], "rotation": 90, "texture": "#2"},
				"south": {"uv": [2, 0.75, 3, 1], "rotation": 180, "texture": "#2"},
				"up": {"uv": [2, 1, 3, 2], "texture": "#2"}
			}
		},
		{
			"from": [4, 0.5, 5],
			"to": [6, 1, 7],
			"faces": {
				"north": {"uv": [2, 0, 3, 0.25], "texture": "#2"},
				"east": {"uv": [2.75, 1, 3, 2], "rotation": 90, "texture": "#2"},
				"south": {"uv": [2, 0.75, 3, 1], "rotation": 180, "texture": "#2"},
				"up": {"uv": [2, 1, 3, 2], "texture": "#2"}
			}
		},
		{
			"from": [4, 0.5, 1],
			"to": [6, 1, 3],
			"faces": {
				"north": {"uv": [2, 0, 3, 0.25], "texture": "#2"},
				"east": {"uv": [2.75, 1, 3, 2], "rotation": 90, "texture": "#2"},
				"south": {"uv": [2, 0.75, 3, 1], "rotation": 180, "texture": "#2"},
				"up": {"uv": [2, 1, 3, 2], "texture": "#2"}
			}
		},
		{
			"from": [7, 0, 7],
			"to": [9, 0.5, 9],
			"faces": {
				"east": {"uv": [2, 0, 2.25, 1], "rotation": 90, "texture": "#2"},
				"west": {"uv": [2, 1, 2.25, 2], "rotation": 90, "texture": "#2"},
				"up": {"uv": [3, 0, 4, 1], "texture": "#2"},
				"down": {"uv": [2, 1, 3, 2], "texture": "#2"}
			}
		},
		{
			"from": [7, 0, 3],
			"to": [9, 0.5, 5],
			"faces": {
				"east": {"uv": [2.75, 0, 3, 1], "rotation": 90, "texture": "#2"},
				"west": {"uv": [2.75, 3, 3, 4], "rotation": 270, "texture": "#2"},
				"up": {"uv": [2, 1, 3, 2], "texture": "#2"},
				"down": {"uv": [2, 1, 3, 2], "texture": "#2"}
			}
		},
		{
			"from": [2, 0.5, 0],
			"to": [4, 1, 16],
			"faces": {
				"north": {"uv": [6, 0, 7, 0.25], "rotation": 180, "texture": "#2"},
				"east": {"uv": [6.75, 0, 7, 8], "rotation": 90, "texture": "#2"},
				"south": {"uv": [6, 7.75, 7, 8], "texture": "#2"},
				"west": {"uv": [6, 0, 6.25, 8], "rotation": 270, "texture": "#2"},
				"up": {"uv": [6, 0, 7, 8], "texture": "#2"},
				"down": {"uv": [6, 0, 7, 8], "texture": "#2"}
			}
		},
		{
			"from": [12, 0.5, 0],
			"to": [14, 1, 16],
			"faces": {
				"north": {"uv": [7, 0, 8, 0.25], "rotation": 180, "texture": "#2"},
				"east": {"uv": [7.75, 0, 8, 8], "rotation": 90, "texture": "#2"},
				"south": {"uv": [7, 7.75, 8, 8], "texture": "#2"},
				"west": {"uv": [7, 0, 7.25, 8], "rotation": 270, "texture": "#2"},
				"up": {"uv": [7, 0, 8, 8], "texture": "#2"},
				"down": {"uv": [7, 0, 8, 8], "texture": "#2"}
			}
		},
		{
			"from": [1, 0, 1],
			"to": [15, 0.5, 3],
			"faces": {
				"north": {"uv": [8, 4, 15, 4.25], "rotation": 180, "texture": "#2"},
				"east": {"uv": [14.75, 4, 15, 5], "rotation": 90, "texture": "#2"},
				"south": {"uv": [8, 4.75, 15, 5], "texture": "#2"},
				"west": {"uv": [8, 4, 8.25, 5], "rotation": 270, "texture": "#2"},
				"up": {"uv": [8, 0, 15, 1], "texture": "#2"},
				"down": {"uv": [8, 4, 15, 5], "rotation": 180, "texture": "#2"}
			}
		},
		{
			"from": [1, 0, 13],
			"to": [15, 0.5, 15],
			"faces": {
				"north": {"uv": [8, 7, 15, 7.25], "rotation": 180, "texture": "#2"},
				"east": {"uv": [14.75, 7, 15, 8], "rotation": 90, "texture": "#2"},
				"south": {"uv": [8, 7.75, 15, 8], "texture": "#2"},
				"west": {"uv": [8, 7, 8.25, 8], "rotation": 270, "texture": "#2"},
				"up": {"uv": [8, 3, 15, 4], "texture": "#2"},
				"down": {"uv": [8, 7, 15, 8], "rotation": 180, "texture": "#2"}
			}
		},
		{
			"from": [1, 0, 9],
			"to": [15, 0.5, 11],
			"faces": {
				"north": {"uv": [8, 6, 15, 6.25], "rotation": 180, "texture": "#2"},
				"east": {"uv": [14.75, 6, 15, 7], "rotation": 90, "texture": "#2"},
				"south": {"uv": [8, 6.75, 15, 7], "texture": "#2"},
				"west": {"uv": [8, 6, 8.25, 7], "rotation": 270, "texture": "#2"},
				"up": {"uv": [8, 2, 15, 3], "texture": "#2"},
				"down": {"uv": [8, 6, 15, 7], "rotation": 180, "texture": "#2"}
			}
		},
		{
			"from": [1, 0, 5],
			"to": [15, 0.5, 7],
			"faces": {
				"north": {"uv": [8, 5, 15, 5.25], "rotation": 180, "texture": "#2"},
				"east": {"uv": [14.75, 5, 15, 6], "rotation": 90, "texture": "#2"},
				"south": {"uv": [8, 5.75, 15, 6], "texture": "#2"},
				"west": {"uv": [8, 5, 8.25, 6], "rotation": 270, "texture": "#2"},
				"up": {"uv": [8, 1, 15, 2], "texture": "#2"},
				"down": {"uv": [8, 5, 15, 6], "rotation": 180, "texture": "#2"}
			}
		},
		{
			"from": [12.5, 1, 0],
			"to": [13.5, 1.5, 16],
			"faces": {
				"north": {"uv": [7.25, 0, 7.75, 0.25], "rotation": 180, "texture": "#2"},
				"east": {"uv": [7.5, 0, 7.75, 8], "texture": "#2"},
				"south": {"uv": [7.25, 7.75, 7.75, 8], "texture": "#2"},
				"west": {"uv": [7.25, 0, 7.5, 8], "texture": "#2"},
				"up": {"uv": [7.25, 0, 7.75, 8], "texture": "#2"}
			}
		},
		{
			"from": [2.5, 1, 0],
			"to": [3.5, 1.5, 16],
			"faces": {
				"north": {"uv": [6.25, 0, 6.75, 0.25], "rotation": 180, "texture": "#2"},
				"east": {"uv": [6.5, 0, 6.75, 8], "texture": "#2"},
				"south": {"uv": [6.25, 7.75, 6.75, 8], "texture": "#2"},
				"west": {"uv": [6.25, 0, 6.5, 8], "texture": "#2"},
				"up": {"uv": [6.25, 0, 6.75, 8], "texture": "#2"}
			}
		}
	],
	"gui_light": "front",
	"display": {
		"thirdperson_righthand": {
			"rotation": [75, 0, 0],
			"translation": [0, 2.5, 2.5],
			"scale": [0.375, 0.375, 0.375]
		},
		"thirdperson_lefthand": {
			"rotation": [75, 0, 0],
			"translation": [0, 2.5, 2.5],
			"scale": [0.375, 0.375, 0.375]
		},
		"firstperson_righthand": {
			"rotation": [64, 0, 90],
			"translation": [-3, 3.75, 0],
			"scale": [0.68, 0.68, 0.68]
		},
		"firstperson_lefthand": {
			"rotation": [64, 0, 90],
			"translation": [-3, 3.75, 0],
			"scale": [0.68, 0.68, 0.68]
		},
		"ground": {
			"translation": [0, 3, 0],
			"scale": [0.25, 0.25, 0.25]
		},
		"gui": {
			"rotation": [90, 0, 0]
		},
		"head": {
			"translation": [0, 15, 0]
		},
		"fixed": {
			"rotation": [-90, -180, 0],
			"translation": [0, 0, -8]
		}
	},
	"groups": [0, 1, 2, 3, 4, 5, 6, 7, 8, 9, 10,
		{
			"name": "rail",
			"origin": [8, 8, 8],
			"color": 0,
			"children": [11, 12, 13, 14, 15, 16, 17, 18]
		}
	]
}