{
	"credit": "Made with Blockbench by Juknum",
	"textures": {
		"layer0": "minecraft:item/arrow"
	},
	"elements": [
		{
			"name": "pixel_186",
			"from": [13, 13, 7.75],
			"to": [13.5, 13.5, 8.25],
			"rotation": {"angle": 0, "axis": "y", "origin": [8, 8, 8]},
			"faces": {
				"north": {"uv": [13, 3, 13.5, 2.5], "rotation": 180, "texture": "#layer0"},
				"south": {"uv": [13, 2.5, 13.5, 3], "texture": "#layer0"},
				"west": {"uv": [13, 2.5, 13.5, 3], "texture": "#layer0"},
				"up": {"uv": [13.5, 2.5, 13, 3], "rotation": 180, "texture": "#layer0"}
			}
		},
		{
			"name": "pixel_187",
			"from": [13.5, 13, 7.75],
			"to": [14, 13.5, 8.25],
			"rotation": {"angle": 0, "axis": "y", "origin": [8, 8, 8]},
			"faces": {
				"north": {"uv": [13.5, 3, 14, 2.5], "rotation": 180, "texture": "#layer0"},
				"south": {"uv": [13.5, 2.5, 14, 3], "texture": "#layer0"},
				"up": {"uv": [14, 2.5, 13.5, 3], "rotation": 180, "texture": "#layer0"}
			}
		},
		{
			"name": "pixel_188",
			"from": [14, 13, 7.75],
			"to": [14.5, 13.5, 8.25],
			"rotation": {"angle": 0, "axis": "y", "origin": [8, 8, 8]},
			"faces": {
				"north": {"uv": [14, 3, 14.5, 2.5], "rotation": 180, "texture": "#layer0"},
				"east": {"uv": [14, 2.5, 14.5, 3], "texture": "#layer0"},
				"south": {"uv": [14, 2.5, 14.5, 3], "texture": "#layer0"},
				"up": {"uv": [14.5, 2.5, 14, 3], "rotation": 180, "texture": "#layer0"}
			}
		},
		{
			"name": "pixel_220",
			"from": [14, 12.5, 7.75],
			"to": [14.5, 13, 8.25],
			"rotation": {"angle": 0, "axis": "y", "origin": [8, 8, 8]},
			"faces": {
				"north": {"uv": [14, 3.5, 14.5, 3], "rotation": 180, "texture": "#layer0"},
				"east": {"uv": [14, 3, 14.5, 3.5], "texture": "#layer0"},
				"south": {"uv": [14, 3, 14.5, 3.5], "texture": "#layer0"}
			}
		},
		{
			"name": "pixel_252",
			"from": [14, 12, 7.75],
			"to": [14.5, 12.5, 8.25],
			"rotation": {"angle": 0, "axis": "y", "origin": [8, 8, 8]},
			"faces": {
				"north": {"uv": [14, 4, 14.5, 3.5], "rotation": 180, "texture": "#layer0"},
				"east": {"uv": [14, 3.5, 14.5, 4], "texture": "#layer0"},
				"south": {"uv": [14, 3.5, 14.5, 4], "texture": "#layer0"},
				"down": {"uv": [14, 3.5, 14.5, 4], "texture": "#layer0"}
			}
		},
		{
			"name": "pixel_219",
			"from": [13.5, 12.5, 7.5],
			"to": [14, 13, 8.5],
			"rotation": {"angle": 0, "axis": "y", "origin": [8, 8, 8]},
			"faces": {
				"north": {"uv": [13.5, 3.5, 14, 3], "rotation": 180, "texture": "#layer0"},
				"east": {"uv": [13.5, 3, 14, 3.5], "texture": "#layer0"},
				"south": {"uv": [13.5, 3, 14, 3.5], "texture": "#layer0"},
				"up": {"uv": [14, 3, 13.5, 3.5], "rotation": 180, "texture": "#layer0"}
			}
		},
		{
			"name": "pixel_218",
			"from": [13, 12.5, 7.5],
			"to": [13.5, 13, 8.5],
			"rotation": {"angle": 0, "axis": "y", "origin": [8, 8, 8]},
			"faces": {
				"north": {"uv": [13, 3.5, 13.5, 3], "rotation": 180, "texture": "#layer0"},
				"south": {"uv": [13, 3, 13.5, 3.5], "texture": "#layer0"},
				"west": {"uv": [13, 3, 13.5, 3.5], "texture": "#layer0"},
				"up": {"uv": [13.5, 3, 13, 3.5], "rotation": 180, "texture": "#layer0"}
			}
		},
		{
			"name": "pixel_250",
			"from": [13, 12, 7.25],
			"to": [13.5, 12.5, 8.75],
			"rotation": {"angle": 0, "axis": "y", "origin": [8, 8, 8]},
			"faces": {
				"north": {"uv": [13, 4, 13.5, 3.5], "rotation": 180, "texture": "#layer0"},
				"east": {"uv": [13, 3.5, 13.5, 4], "texture": "#layer0"},
				"south": {"uv": [13, 3.5, 13.5, 4], "texture": "#layer0"},
				"west": {"uv": [13, 3.5, 13.5, 4], "texture": "#layer0"},
				"up": {"uv": [13.5, 3.5, 13, 4], "rotation": 180, "texture": "#layer0"},
				"down": {"uv": [13, 3.5, 13.5, 4], "texture": "#layer0"}
			}
		},
		{
			"name": "pixel_251",
			"from": [13.5, 12, 7.5],
			"to": [14, 12.5, 8.5],
			"rotation": {"angle": 0, "axis": "y", "origin": [8, 8, 8]},
			"faces": {
				"north": {"uv": [13.5, 4, 14, 3.5], "rotation": 180, "texture": "#layer0"},
				"east": {"uv": [13.5, 3.5, 14, 4], "texture": "#layer0"},
				"south": {"uv": [13.5, 3.5, 14, 4], "texture": "#layer0"},
				"down": {"uv": [13.5, 3.5, 14, 4], "texture": "#layer0"}
			}
		},
		{
			"name": "pixel_315",
			"from": [13.5, 11, 7.75],
			"to": [14, 11.5, 8.25],
			"rotation": {"angle": 0, "axis": "y", "origin": [8, 8, 8]},
			"faces": {
				"north": {"uv": [13.5, 5, 14, 4.5], "rotation": 180, "texture": "#layer0"},
				"east": {"uv": [13.5, 4.5, 14, 5], "texture": "#layer0"},
				"south": {"uv": [13.5, 4.5, 14, 5], "texture": "#layer0"},
				"down": {"uv": [13.5, 4.5, 14, 5], "texture": "#layer0"}
			}
		},
		{
			"name": "pixel_314",
			"from": [13, 11, 7.5],
			"to": [13.5, 11.5, 8.5],
			"rotation": {"angle": 0, "axis": "y", "origin": [8, 8, 8]},
			"faces": {
				"north": {"uv": [13, 5, 13.5, 4.5], "rotation": 180, "texture": "#layer0"},
				"east": {"uv": [13, 4.5, 13.5, 5], "texture": "#layer0"},
				"south": {"uv": [13, 4.5, 13.5, 5], "texture": "#layer0"},
				"down": {"uv": [13, 4.5, 13.5, 5], "texture": "#layer0"}
			}
		},
		{
			"name": "pixel_282",
			"from": [13, 11.5, 7.5],
			"to": [13.5, 12, 8.5],
			"rotation": {"angle": 0, "axis": "y", "origin": [8, 8, 8]},
			"faces": {
				"north": {"uv": [13, 4.5, 13.5, 4], "rotation": 180, "texture": "#layer0"},
				"east": {"uv": [13, 4, 13.5, 4.5], "texture": "#layer0"},
				"south": {"uv": [13, 4, 13.5, 4.5], "texture": "#layer0"}
			}
		},
		{
			"name": "pixel_283",
			"from": [13.5, 11.5, 7.75],
			"to": [14, 12, 8.25],
			"rotation": {"angle": 0, "axis": "y", "origin": [8, 8, 8]},
			"faces": {
				"north": {"uv": [13.5, 4.5, 14, 4], "rotation": 180, "texture": "#layer0"},
				"east": {"uv": [13.5, 4, 14, 4.5], "texture": "#layer0"},
				"south": {"uv": [13.5, 4, 14, 4.5], "texture": "#layer0"}
			}
		},
		{
			"name": "pixel_346",
			"from": [13, 10.5, 7.75],
			"to": [13.5, 11, 8.25],
			"rotation": {"angle": 0, "axis": "y", "origin": [8, 8, 8]},
			"faces": {
				"north": {"uv": [13, 5.5, 13.5, 5], "rotation": 180, "texture": "#layer0"},
				"east": {"uv": [13, 5, 13.5, 5.5], "texture": "#layer0"},
				"south": {"uv": [13, 5, 13.5, 5.5], "texture": "#layer0"}
			}
		},
		{
			"name": "pixel_378",
			"from": [13, 10, 7.75],
			"to": [13.5, 10.5, 8.25],
			"rotation": {"angle": 0, "axis": "y", "origin": [8, 8, 8]},
			"faces": {
				"north": {"uv": [13, 6, 13.5, 5.5], "rotation": 180, "texture": "#layer0"},
				"east": {"uv": [13, 5.5, 13.5, 6], "texture": "#layer0"},
				"south": {"uv": [13, 5.5, 13.5, 6], "texture": "#layer0"},
				"down": {"uv": [13, 5.5, 13.5, 6], "texture": "#layer0"}
			}
		},
		{
			"name": "pixel_409",
			"from": [12.5, 9.5, 7.75],
			"to": [13, 10, 8.25],
			"rotation": {"angle": 0, "axis": "y", "origin": [8, 8, 8]},
			"faces": {
				"north": {"uv": [12.5, 6.5, 13, 6], "rotation": 180, "texture": "#layer0"},
				"east": {"uv": [12.5, 6, 13, 6.5], "texture": "#layer0"},
				"south": {"uv": [12.5, 6, 13, 6.5], "texture": "#layer0"},
				"west": {"uv": [12.5, 6, 13, 6.5], "texture": "#layer0"},
				"down": {"uv": [12.5, 6, 13, 6.5], "texture": "#layer0"}
			}
		},
		{
			"name": "pixel_377",
			"from": [12.5, 10, 7.5],
			"to": [13, 10.5, 8.5],
			"rotation": {"angle": 0, "axis": "y", "origin": [8, 8, 8]},
			"faces": {
				"north": {"uv": [12.5, 6, 13, 5.5], "rotation": 180, "texture": "#layer0"},
				"east": {"uv": [12.5, 5.5, 13, 6], "texture": "#layer0"},
				"south": {"uv": [12.5, 5.5, 13, 6], "texture": "#layer0"},
				"west": {"uv": [12.5, 5.5, 13, 6], "texture": "#layer0"},
				"down": {"uv": [12.5, 5.5, 13, 6], "texture": "#layer0"}
			}
		},
		{
			"name": "pixel_345",
			"from": [12.5, 10.5, 7.5],
			"to": [13, 11, 8.5],
			"rotation": {"angle": 0, "axis": "y", "origin": [8, 8, 8]},
			"faces": {
				"north": {"uv": [12.5, 5.5, 13, 5], "rotation": 180, "texture": "#layer0"},
				"east": {"uv": [12.5, 5, 13, 5.5], "texture": "#layer0"},
				"south": {"uv": [12.5, 5, 13, 5.5], "texture": "#layer0"}
			}
		},
		{
			"name": "pixel_376",
			"from": [12, 10, 7.75],
			"to": [12.5, 10.5, 8.25],
			"rotation": {"angle": 0, "axis": "y", "origin": [8, 8, 8]},
			"faces": {
				"north": {"uv": [12, 6, 12.5, 5.5], "rotation": 180, "texture": "#layer0"},
				"south": {"uv": [12, 5.5, 12.5, 6], "texture": "#layer0"},
				"down": {"uv": [12, 5.5, 12.5, 6], "texture": "#layer0"}
			}
		},
		{
			"name": "pixel_344",
			"from": [12, 10.5, 7.5],
			"to": [12.5, 11, 8.5],
			"rotation": {"angle": 0, "axis": "y", "origin": [8, 8, 8]},
			"faces": {
				"north": {"uv": [12, 5.5, 12.5, 5], "rotation": 180, "texture": "#layer0"},
				"south": {"uv": [12, 5, 12.5, 5.5], "texture": "#layer0"},
				"down": {"uv": [12, 5, 12.5, 5.5], "texture": "#layer0"}
			}
		},
		{
			"name": "pixel_343",
			"from": [11.5, 10.5, 7.5],
			"to": [12, 11, 8.5],
			"rotation": {"angle": 0, "axis": "y", "origin": [8, 8, 8]},
			"faces": {
				"north": {"uv": [11.5, 5.5, 12, 5], "rotation": 180, "texture": "#layer0"},
				"south": {"uv": [11.5, 5, 12, 5.5], "texture": "#layer0"},
				"west": {"uv": [11.5, 5, 12, 5.5], "texture": "#layer0"},
				"down": {"uv": [11.5, 5, 12, 5.5], "texture": "#layer0"}
			}
		},
		{
			"name": "pixel_311",
			"from": [11.5, 11, 7.5],
			"to": [12, 11.5, 8.5],
			"rotation": {"angle": 0, "axis": "y", "origin": [8, 8, 8]},
			"faces": {
				"north": {"uv": [11.5, 5, 12, 4.5], "rotation": 180, "texture": "#layer0"},
				"south": {"uv": [11.5, 4.5, 12, 5], "texture": "#layer0"},
				"west": {"uv": [11.5, 4.5, 12, 5], "texture": "#layer0"}
			}
		},
		{
			"name": "pixel_310",
			"from": [11, 11, 7.75],
			"to": [11.5, 11.5, 8.25],
			"rotation": {"angle": 0, "axis": "y", "origin": [8, 8, 8]},
			"faces": {
				"north": {"uv": [11, 5, 11.5, 4.5], "rotation": 180, "texture": "#layer0"},
				"south": {"uv": [11, 4.5, 11.5, 5], "texture": "#layer0"},
				"west": {"uv": [11, 4.5, 11.5, 5], "texture": "#layer0"}
			}
		},
		{
			"name": "pixel_277",
			"from": [10.5, 11.5, 7.75],
			"to": [11, 12, 8.25],
			"rotation": {"angle": 0, "axis": "y", "origin": [8, 8, 8]},
			"faces": {
				"north": {"uv": [10.5, 4.5, 11, 4], "rotation": 180, "texture": "#layer0"},
				"south": {"uv": [10.5, 4, 11, 4.5], "texture": "#layer0"},
				"west": {"uv": [10.5, 4, 11, 4.5], "texture": "#layer0"},
				"up": {"uv": [11, 4, 10.5, 4.5], "rotation": 180, "texture": "#layer0"},
				"down": {"uv": [10.5, 4, 11, 4.5], "texture": "#layer0"}
			}
		},
		{
			"name": "pixel_278",
			"from": [11, 11.5, 7.5],
			"to": [11.5, 12, 8.5],
			"rotation": {"angle": 0, "axis": "y", "origin": [8, 8, 8]},
			"faces": {
				"north": {"uv": [11, 4.5, 11.5, 4], "rotation": 180, "texture": "#layer0"},
				"south": {"uv": [11, 4, 11.5, 4.5], "texture": "#layer0"},
				"west": {"uv": [11, 4, 11.5, 4.5], "texture": "#layer0"},
				"up": {"uv": [11.5, 4, 11, 4.5], "rotation": 180, "texture": "#layer0"},
				"down": {"uv": [11, 4, 11.5, 4.5], "texture": "#layer0"}
			}
		},
		{
			"name": "pixel_246",
			"from": [11, 12, 7.75],
			"to": [11.5, 12.5, 8.25],
			"rotation": {"angle": 0, "axis": "y", "origin": [8, 8, 8]},
			"faces": {
				"north": {"uv": [11, 4, 11.5, 3.5], "rotation": 180, "texture": "#layer0"},
				"south": {"uv": [11, 3.5, 11.5, 4], "texture": "#layer0"},
				"west": {"uv": [11, 3.5, 11.5, 4], "texture": "#layer0"},
				"up": {"uv": [11.5, 3.5, 11, 4], "rotation": 180, "texture": "#layer0"}
			}
		},
		{
			"name": "pixel_247",
			"from": [11.5, 12, 7.75],
			"to": [12, 12.5, 8.25],
			"rotation": {"angle": 0, "axis": "y", "origin": [8, 8, 8]},
			"faces": {
				"north": {"uv": [11.5, 4, 12, 3.5], "rotation": 180, "texture": "#layer0"},
				"south": {"uv": [11.5, 3.5, 12, 4], "texture": "#layer0"},
				"up": {"uv": [12, 3.5, 11.5, 4], "rotation": 180, "texture": "#layer0"}
			}
		},
		{
			"name": "pixel_279",
			"from": [11.5, 11.5, 7.5],
			"to": [12, 12, 8.5],
			"rotation": {"angle": 0, "axis": "y", "origin": [8, 8, 8]},
			"faces": {
				"north": {"uv": [11.5, 4.5, 12, 4], "rotation": 180, "texture": "#layer0"},
				"south": {"uv": [11.5, 4, 12, 4.5], "texture": "#layer0"},
				"up": {"uv": [12, 4, 11.5, 4.5], "rotation": 180, "texture": "#layer0"}
			}
		},
		{
			"name": "pixel_280",
			"from": [12, 11.5, 7.25],
			"to": [12.5, 12, 8.75],
			"rotation": {"angle": 0, "axis": "y", "origin": [8, 8, 8]},
			"faces": {
				"north": {"uv": [12, 4.5, 12.5, 4], "rotation": 180, "texture": "#layer0"},
				"south": {"uv": [12, 4, 12.5, 4.5], "texture": "#layer0"},
				"west": {"uv": [12, 4, 12.5, 4.5], "texture": "#layer0"},
				"up": {"uv": [12.5, 4, 12, 4.5], "rotation": 180, "texture": "#layer0"}
			}
		},
		{
			"name": "pixel_312",
			"from": [12, 11, 7.25],
			"to": [12.5, 11.5, 8.75],
			"rotation": {"angle": 0, "axis": "y", "origin": [8, 8, 8]},
			"faces": {
				"north": {"uv": [12, 5, 12.5, 4.5], "rotation": 180, "texture": "#layer0"},
				"south": {"uv": [12, 4.5, 12.5, 5], "texture": "#layer0"},
				"west": {"uv": [12, 4.5, 12.5, 5], "texture": "#layer0"},
				"down": {"uv": [12, 4.5, 12.5, 5], "texture": "#layer0"}
			}
		},
		{
			"name": "pixel_281",
			"from": [12.5, 11.5, 7.25],
			"to": [13, 12, 8.75],
			"rotation": {"angle": 0, "axis": "y", "origin": [8, 8, 8]},
			"faces": {
				"north": {"uv": [12.5, 4.5, 13, 4], "rotation": 180, "texture": "#layer0"},
				"east": {"uv": [12.5, 4, 13, 4.5], "texture": "#layer0"},
				"south": {"uv": [12.5, 4, 13, 4.5], "texture": "#layer0"},
				"up": {"uv": [13, 4, 12.5, 4.5], "rotation": 180, "texture": "#layer0"}
			}
		},
		{
			"name": "pixel_313",
			"from": [12.5, 11, 7.25],
			"to": [13, 11.5, 8.75],
			"rotation": {"angle": 0, "axis": "y", "origin": [8, 8, 8]},
			"faces": {
				"north": {"uv": [12.5, 5, 13, 4.5], "rotation": 180, "texture": "#layer0"},
				"east": {"uv": [12.5, 4.5, 13, 5], "texture": "#layer0"},
				"south": {"uv": [12.5, 4.5, 13, 5], "texture": "#layer0"},
				"down": {"uv": [12.5, 4.5, 13, 5], "texture": "#layer0"}
			}
		},
		{
			"name": "pixel_249",
			"from": [12.5, 12, 7.5],
			"to": [13, 12.5, 8.5],
			"rotation": {"angle": 0, "axis": "y", "origin": [8, 8, 8]},
			"faces": {
				"north": {"uv": [12.5, 4, 13, 3.5], "rotation": 180, "texture": "#layer0"},
				"south": {"uv": [12.5, 3.5, 13, 4], "texture": "#layer0"},
				"up": {"uv": [13, 3.5, 12.5, 4], "rotation": 180, "texture": "#layer0"}
			}
		},
		{
			"name": "pixel_248",
			"from": [12, 12, 7.5],
			"to": [12.5, 12.5, 8.5],
			"rotation": {"angle": 0, "axis": "y", "origin": [8, 8, 8]},
			"faces": {
				"north": {"uv": [12, 4, 12.5, 3.5], "rotation": 180, "texture": "#layer0"},
				"south": {"uv": [12, 3.5, 12.5, 4], "texture": "#layer0"},
				"west": {"uv": [12, 3.5, 12.5, 4], "texture": "#layer0"},
				"up": {"uv": [12.5, 3.5, 12, 4], "rotation": 180, "texture": "#layer0"}
			}
		},
		{
			"name": "pixel_217",
			"from": [12.5, 12.5, 7.75],
			"to": [13, 13, 8.25],
			"rotation": {"angle": 0, "axis": "y", "origin": [8, 8, 8]},
			"faces": {
				"north": {"uv": [12.5, 3.5, 13, 3], "rotation": 180, "texture": "#layer0"},
				"south": {"uv": [12.5, 3, 13, 3.5], "texture": "#layer0"},
				"up": {"uv": [13, 3, 12.5, 3.5], "rotation": 180, "texture": "#layer0"}
			}
		},
		{
			"name": "pixel_216",
			"from": [12, 12.5, 7.75],
			"to": [12.5, 13, 8.25],
			"rotation": {"angle": 0, "axis": "y", "origin": [8, 8, 8]},
			"faces": {
				"north": {"uv": [12, 3.5, 12.5, 3], "rotation": 180, "texture": "#layer0"},
				"south": {"uv": [12, 3, 12.5, 3.5], "texture": "#layer0"},
				"west": {"uv": [12, 3, 12.5, 3.5], "texture": "#layer0"},
				"up": {"uv": [12.5, 3, 12, 3.5], "rotation": 180, "texture": "#layer0"}
			}
		},
		{
			"name": "pixel_342",
			"from": [11, 10.5, 7.75],
			"to": [11.5, 11, 8.25],
			"rotation": {"angle": 0, "axis": "y", "origin": [8, 8, 8]},
			"faces": {
				"north": {"uv": [11, 5.5, 11.5, 5], "rotation": 180, "texture": "#layer0"},
				"south": {"uv": [11, 5, 11.5, 5.5], "texture": "#layer0"},
				"west": {"uv": [11, 5, 11.5, 5.5], "texture": "#layer0"}
			}
		},
		{
			"name": "pixel_375",
			"from": [11.5, 10, 7.75],
			"to": [12, 10.5, 8.25],
			"rotation": {"angle": 0, "axis": "y", "origin": [8, 8, 8]},
			"faces": {
				"north": {"uv": [11.5, 6, 12, 5.5], "rotation": 180, "texture": "#layer0"},
				"south": {"uv": [11.5, 5.5, 12, 6], "texture": "#layer0"},
				"down": {"uv": [11.5, 5.5, 12, 6], "texture": "#layer0"}
			}
		},
		{
			"name": "pixel_406",
			"from": [11, 9.5, 7.75],
			"to": [11.5, 10, 8.25],
			"rotation": {"angle": 0, "axis": "y", "origin": [8, 8, 8]},
			"faces": {
				"north": {"uv": [11, 6.5, 11.5, 6], "rotation": 180, "texture": "#layer0"},
				"east": {"uv": [11, 6, 11.5, 6.5], "texture": "#layer0"},
				"south": {"uv": [11, 6, 11.5, 6.5], "texture": "#layer0"},
				"down": {"uv": [11, 6, 11.5, 6.5], "texture": "#layer0"}
			}
		},
		{
			"name": "pixel_374",
			"from": [11, 10, 7.5],
			"to": [11.5, 10.5, 8.5],
			"rotation": {"angle": 0, "axis": "y", "origin": [8, 8, 8]},
			"faces": {
				"north": {"uv": [11, 6, 11.5, 5.5], "rotation": 180, "texture": "#layer0"},
				"east": {"uv": [11, 5.5, 11.5, 6], "texture": "#layer0"},
				"south": {"uv": [11, 5.5, 11.5, 6], "texture": "#layer0"},
				"west": {"uv": [11, 5.5, 11.5, 6], "texture": "#layer0"},
				"up": {"uv": [11.5, 5.5, 11, 6], "rotation": 180, "texture": "#layer0"},
				"down": {"uv": [11, 5.5, 11.5, 6], "texture": "#layer0"}
			}
		},
		{
			"name": "pixel_373",
			"from": [10.5, 10, 7.75],
			"to": [11, 10.5, 8.25],
			"rotation": {"angle": 0, "axis": "y", "origin": [8, 8, 8]},
			"faces": {
				"north": {"uv": [10.5, 6, 11, 5.5], "rotation": 180, "texture": "#layer0"},
				"south": {"uv": [10.5, 5.5, 11, 6], "texture": "#layer0"},
				"west": {"uv": [10.5, 5.5, 11, 6], "texture": "#layer0"},
				"up": {"uv": [11, 5.5, 10.5, 6], "rotation": 180, "texture": "#layer0"}
			}
		},
		{
			"name": "pixel_405",
			"from": [10.5, 9.5, 7.5],
			"to": [11, 10, 8.5],
			"rotation": {"angle": 0, "axis": "y", "origin": [8, 8, 8]},
			"faces": {
				"north": {"uv": [10.5, 6.5, 11, 6], "rotation": 180, "texture": "#layer0"},
				"east": {"uv": [10.5, 6, 11, 6.5], "texture": "#layer0"},
				"south": {"uv": [10.5, 6, 11, 6.5], "texture": "#layer0"},
				"west": {"uv": [10.5, 6, 11, 6.5], "texture": "#layer0"},
				"up": {"uv": [11, 6, 10.5, 6.5], "rotation": 180, "texture": "#layer0"},
				"down": {"uv": [10.5, 6, 11, 6.5], "texture": "#layer0"}
			}
		},
		{
			"name": "pixel_437",
			"from": [10.5, 9, 7.75],
			"to": [11, 9.5, 8.25],
			"rotation": {"angle": 0, "axis": "y", "origin": [8, 8, 8]},
			"faces": {
				"north": {"uv": [10.5, 7, 11, 6.5], "rotation": 180, "texture": "#layer0"},
				"east": {"uv": [10.5, 6.5, 11, 7], "texture": "#layer0"},
				"south": {"uv": [10.5, 6.5, 11, 7], "texture": "#layer0"},
				"down": {"uv": [10.5, 6.5, 11, 7], "texture": "#layer0"}
			}
		},
		{
			"name": "pixel_436",
			"from": [10, 9, 7.5],
			"to": [10.5, 9.5, 8.5],
			"rotation": {"angle": 0, "axis": "y", "origin": [8, 8, 8]},
			"faces": {
				"north": {"uv": [10, 7, 10.5, 6.5], "rotation": 180, "texture": "#layer0"},
				"east": {"uv": [10, 6.5, 10.5, 7], "texture": "#layer0"},
				"south": {"uv": [10, 6.5, 10.5, 7], "texture": "#layer0"},
				"west": {"uv": [10, 6.5, 10.5, 7], "texture": "#layer0"},
				"up": {"uv": [10.5, 6.5, 10, 7], "rotation": 180, "texture": "#layer0"},
				"down": {"uv": [10, 6.5, 10.5, 7], "texture": "#layer0"}
			}
		},
		{
			"name": "pixel_404",
			"from": [10, 9.5, 7.75],
			"to": [10.5, 10, 8.25],
			"rotation": {"angle": 0, "axis": "y", "origin": [8, 8, 8]},
			"faces": {
				"north": {"uv": [10, 6.5, 10.5, 6], "rotation": 180, "texture": "#layer0"},
				"south": {"uv": [10, 6, 10.5, 6.5], "texture": "#layer0"},
				"west": {"uv": [10, 6, 10.5, 6.5], "texture": "#layer0"},
				"up": {"uv": [10.5, 6, 10, 6.5], "rotation": 180, "texture": "#layer0"}
			}
		},
		{
			"name": "pixel_435",
			"from": [9.5, 9, 7.75],
			"to": [10, 9.5, 8.25],
			"rotation": {"angle": 0, "axis": "y", "origin": [8, 8, 8]},
			"faces": {
				"north": {"uv": [9.5, 7, 10, 6.5], "rotation": 180, "texture": "#layer0"},
				"south": {"uv": [9.5, 6.5, 10, 7], "texture": "#layer0"},
				"west": {"uv": [9.5, 6.5, 10, 7], "texture": "#layer0"},
				"up": {"uv": [10, 6.5, 9.5, 7], "rotation": 180, "texture": "#layer0"}
			}
		},
		{
			"name": "pixel_468",
			"from": [10, 8.5, 7.75],
			"to": [10.5, 9, 8.25],
			"rotation": {"angle": 0, "axis": "y", "origin": [8, 8, 8]},
			"faces": {
				"north": {"uv": [10, 7.5, 10.5, 7], "rotation": 180, "texture": "#layer0"},
				"east": {"uv": [10, 7, 10.5, 7.5], "texture": "#layer0"},
				"south": {"uv": [10, 7, 10.5, 7.5], "texture": "#layer0"},
				"down": {"uv": [10, 7, 10.5, 7.5], "texture": "#layer0"}
			}
		},
		{
			"name": "pixel_467",
			"from": [9.5, 8.5, 7.5],
			"to": [10, 9, 8.5],
			"rotation": {"angle": 0, "axis": "y", "origin": [8, 8, 8]},
			"faces": {
				"north": {"uv": [9.5, 7.5, 10, 7], "rotation": 180, "texture": "#layer0"},
				"east": {"uv": [9.5, 7, 10, 7.5], "texture": "#layer0"},
				"south": {"uv": [9.5, 7, 10, 7.5], "texture": "#layer0"},
				"west": {"uv": [9.5, 7, 10, 7.5], "texture": "#layer0"},
				"up": {"uv": [10, 7, 9.5, 7.5], "rotation": 180, "texture": "#layer0"},
				"down": {"uv": [9.5, 7, 10, 7.5], "texture": "#layer0"}
			}
		},
		{
			"name": "pixel_499",
			"from": [9.5, 8, 7.75],
			"to": [10, 8.5, 8.25],
			"rotation": {"angle": 0, "axis": "y", "origin": [8, 8, 8]},
			"faces": {
				"north": {"uv": [9.5, 8, 10, 7.5], "rotation": 180, "texture": "#layer0"},
				"east": {"uv": [9.5, 7.5, 10, 8], "texture": "#layer0"},
				"south": {"uv": [9.5, 7.5, 10, 8], "texture": "#layer0"},
				"down": {"uv": [9.5, 7.5, 10, 8], "texture": "#layer0"}
			}
		},
		{
			"name": "pixel_466",
			"from": [9, 8.5, 7.75],
			"to": [9.5, 9, 8.25],
			"rotation": {"angle": 0, "axis": "y", "origin": [8, 8, 8]},
			"faces": {
				"north": {"uv": [9, 7.5, 9.5, 7], "rotation": 180, "texture": "#layer0"},
				"south": {"uv": [9, 7, 9.5, 7.5], "texture": "#layer0"},
				"west": {"uv": [9, 7, 9.5, 7.5], "texture": "#layer0"},
				"up": {"uv": [9.5, 7, 9, 7.5], "rotation": 180, "texture": "#layer0"}
			}
		},
		{
			"name": "pixel_498",
			"from": [9, 8, 7.5],
			"to": [9.5, 8.5, 8.5],
			"rotation": {"angle": 0, "axis": "y", "origin": [8, 8, 8]},
			"faces": {
				"north": {"uv": [9, 8, 9.5, 7.5], "rotation": 180, "texture": "#layer0"},
				"east": {"uv": [9, 7.5, 9.5, 8], "texture": "#layer0"},
				"south": {"uv": [9, 7.5, 9.5, 8], "texture": "#layer0"},
				"west": {"uv": [9, 7.5, 9.5, 8], "texture": "#layer0"},
				"up": {"uv": [9.5, 7.5, 9, 8], "rotation": 180, "texture": "#layer0"},
				"down": {"uv": [9, 7.5, 9.5, 8], "texture": "#layer0"}
			}
		},
		{
			"name": "pixel_497",
			"from": [8.5, 8, 7.75],
			"to": [9, 8.5, 8.25],
			"rotation": {"angle": 0, "axis": "y", "origin": [8, 8, 8]},
			"faces": {
				"north": {"uv": [8.5, 8, 9, 7.5], "rotation": 180, "texture": "#layer0"},
				"south": {"uv": [8.5, 7.5, 9, 8], "texture": "#layer0"},
				"west": {"uv": [8.5, 7.5, 9, 8], "texture": "#layer0"},
				"up": {"uv": [9, 7.5, 8.5, 8], "rotation": 180, "texture": "#layer0"}
			}
		},
		{
			"name": "pixel_530",
			"from": [9, 7.5, 7.75],
			"to": [9.5, 8, 8.25],
			"rotation": {"angle": 0, "axis": "y", "origin": [8, 8, 8]},
			"faces": {
				"north": {"uv": [9, 8.5, 9.5, 8], "rotation": 180, "texture": "#layer0"},
				"east": {"uv": [9, 8, 9.5, 8.5], "texture": "#layer0"},
				"south": {"uv": [9, 8, 9.5, 8.5], "texture": "#layer0"},
				"down": {"uv": [9, 8, 9.5, 8.5], "texture": "#layer0"}
			}
		},
		{
			"name": "pixel_529",
			"from": [8.5, 7.5, 7.5],
			"to": [9, 8, 8.5],
			"rotation": {"angle": 0, "axis": "y", "origin": [8, 8, 8]},
			"faces": {
				"north": {"uv": [8.5, 8.5, 9, 8], "rotation": 180, "texture": "#layer0"},
				"east": {"uv": [8.5, 8, 9, 8.5], "texture": "#layer0"},
				"south": {"uv": [8.5, 8, 9, 8.5], "texture": "#layer0"},
				"west": {"uv": [8.5, 8, 9, 8.5], "texture": "#layer0"},
				"up": {"uv": [9, 8, 8.5, 8.5], "rotation": 180, "texture": "#layer0"},
				"down": {"uv": [8.5, 8, 9, 8.5], "texture": "#layer0"}
			}
		},
		{
			"name": "pixel_528",
			"from": [8, 7.5, 7.75],
			"to": [8.5, 8, 8.25],
			"rotation": {"angle": 0, "axis": "y", "origin": [8, 8, 8]},
			"faces": {
				"north": {"uv": [8, 8.5, 8.5, 8], "rotation": 180, "texture": "#layer0"},
				"south": {"uv": [8, 8, 8.5, 8.5], "texture": "#layer0"},
				"west": {"uv": [8, 8, 8.5, 8.5], "texture": "#layer0"},
				"up": {"uv": [8.5, 8, 8, 8.5], "rotation": 180, "texture": "#layer0"}
			}
		},
		{
			"name": "pixel_561",
			"from": [8.5, 7, 7.75],
			"to": [9, 7.5, 8.25],
			"rotation": {"angle": 0, "axis": "y", "origin": [8, 8, 8]},
			"faces": {
				"north": {"uv": [8.5, 9, 9, 8.5], "rotation": 180, "texture": "#layer0"},
				"east": {"uv": [8.5, 8.5, 9, 9], "texture": "#layer0"},
				"south": {"uv": [8.5, 8.5, 9, 9], "texture": "#layer0"},
				"down": {"uv": [8.5, 8.5, 9, 9], "texture": "#layer0"}
			}
		},
		{
			"name": "pixel_560",
			"from": [8, 7, 7.5],
			"to": [8.5, 7.5, 8.5],
			"rotation": {"angle": 0, "axis": "y", "origin": [8, 8, 8]},
			"faces": {
				"north": {"uv": [8, 9, 8.5, 8.5], "rotation": 180, "texture": "#layer0"},
				"east": {"uv": [8, 8.5, 8.5, 9], "texture": "#layer0"},
				"south": {"uv": [8, 8.5, 8.5, 9], "texture": "#layer0"},
				"west": {"uv": [8, 8.5, 8.5, 9], "texture": "#layer0"},
				"up": {"uv": [8.5, 8.5, 8, 9], "rotation": 180, "texture": "#layer0"},
				"down": {"uv": [8, 8.5, 8.5, 9], "texture": "#layer0"}
			}
		},
		{
			"name": "pixel_559",
			"from": [7.5, 7, 7.75],
			"to": [8, 7.5, 8.25],
			"rotation": {"angle": 0, "axis": "y", "origin": [8, 8, 8]},
			"faces": {
				"north": {"uv": [7.5, 9, 8, 8.5], "rotation": 180, "texture": "#layer0"},
				"south": {"uv": [7.5, 8.5, 8, 9], "texture": "#layer0"},
				"west": {"uv": [7.5, 8.5, 8, 9], "texture": "#layer0"},
				"up": {"uv": [8, 8.5, 7.5, 9], "rotation": 180, "texture": "#layer0"}
			}
		},
		{
			"name": "pixel_591",
			"from": [7.5, 6.5, 7.5],
			"to": [8, 7, 8.5],
			"rotation": {"angle": 0, "axis": "y", "origin": [8, 8, 8]},
			"faces": {
				"north": {"uv": [7.5, 9.5, 8, 9], "rotation": 180, "texture": "#layer0"},
				"east": {"uv": [7.5, 9, 8, 9.5], "texture": "#layer0"},
				"south": {"uv": [7.5, 9, 8, 9.5], "texture": "#layer0"},
				"west": {"uv": [7.5, 9, 8, 9.5], "texture": "#layer0"},
				"up": {"uv": [8, 9, 7.5, 9.5], "rotation": 180, "texture": "#layer0"},
				"down": {"uv": [7.5, 9, 8, 9.5], "texture": "#layer0"}
			}
		},
		{
			"name": "pixel_592",
			"from": [8, 6.5, 7.75],
			"to": [8.5, 7, 8.25],
			"rotation": {"angle": 0, "axis": "y", "origin": [8, 8, 8]},
			"faces": {
				"north": {"uv": [8, 9.5, 8.5, 9], "rotation": 180, "texture": "#layer0"},
				"east": {"uv": [8, 9, 8.5, 9.5], "texture": "#layer0"},
				"south": {"uv": [8, 9, 8.5, 9.5], "texture": "#layer0"},
				"down": {"uv": [8, 9, 8.5, 9.5], "texture": "#layer0"}
			}
		},
		{
			"name": "pixel_623",
			"from": [7.5, 6, 7.75],
			"to": [8, 6.5, 8.25],
			"rotation": {"angle": 0, "axis": "y", "origin": [8, 8, 8]},
			"faces": {
				"north": {"uv": [7.5, 10, 8, 9.5], "rotation": 180, "texture": "#layer0"},
				"east": {"uv": [7.5, 9.5, 8, 10], "texture": "#layer0"},
				"south": {"uv": [7.5, 9.5, 8, 10], "texture": "#layer0"},
				"down": {"uv": [7.5, 9.5, 8, 10], "texture": "#layer0"}
			}
		},
		{
			"name": "pixel_590",
			"from": [7, 6.5, 7.75],
			"to": [7.5, 7, 8.25],
			"rotation": {"angle": 0, "axis": "y", "origin": [8, 8, 8]},
			"faces": {
				"north": {"uv": [7, 9.5, 7.5, 9], "rotation": 180, "texture": "#layer0"},
				"south": {"uv": [7, 9, 7.5, 9.5], "texture": "#layer0"},
				"west": {"uv": [7, 9, 7.5, 9.5], "texture": "#layer0"},
				"up": {"uv": [7.5, 9, 7, 9.5], "rotation": 180, "texture": "#layer0"}
			}
		},
		{
			"name": "pixel_622",
			"from": [7, 6, 7.5],
			"to": [7.5, 6.5, 8.5],
			"rotation": {"angle": 0, "axis": "y", "origin": [8, 8, 8]},
			"faces": {
				"north": {"uv": [7, 10, 7.5, 9.5], "rotation": 180, "texture": "#layer0"},
				"east": {"uv": [7, 9.5, 7.5, 10], "texture": "#layer0"},
				"south": {"uv": [7, 9.5, 7.5, 10], "texture": "#layer0"},
				"west": {"uv": [7, 9.5, 7.5, 10], "texture": "#layer0"},
				"up": {"uv": [7.5, 9.5, 7, 10], "rotation": 180, "texture": "#layer0"},
				"down": {"uv": [7, 9.5, 7.5, 10], "texture": "#layer0"}
			}
		},
		{
			"name": "pixel_621",
			"from": [6.5, 6, 7.75],
			"to": [7, 6.5, 8.25],
			"rotation": {"angle": 0, "axis": "y", "origin": [8, 8, 8]},
			"faces": {
				"north": {"uv": [6.5, 10, 7, 9.5], "rotation": 180, "texture": "#layer0"},
				"south": {"uv": [6.5, 9.5, 7, 10], "texture": "#layer0"},
				"west": {"uv": [6.5, 9.5, 7, 10], "texture": "#layer0"},
				"up": {"uv": [7, 9.5, 6.5, 10], "rotation": 180, "texture": "#layer0"}
			}
		},
		{
			"name": "pixel_653",
			"from": [6.5, 5.5, 7.5],
			"to": [7, 6, 8.5],
			"rotation": {"angle": 0, "axis": "y", "origin": [8, 8, 8]},
			"faces": {
				"north": {"uv": [6.5, 10.5, 7, 10], "rotation": 180, "texture": "#layer0"},
				"east": {"uv": [6.5, 10, 7, 10.5], "texture": "#layer0"},
				"south": {"uv": [6.5, 10, 7, 10.5], "texture": "#layer0"},
				"west": {"uv": [6.5, 10, 7, 10.5], "texture": "#layer0"},
				"up": {"uv": [7, 10, 6.5, 10.5], "rotation": 180, "texture": "#layer0"},
				"down": {"uv": [6.5, 10, 7, 10.5], "texture": "#layer0"}
			}
		},
		{
			"name": "pixel_654",
			"from": [7, 5.5, 7.75],
			"to": [7.5, 6, 8.25],
			"rotation": {"angle": 0, "axis": "y", "origin": [8, 8, 8]},
			"faces": {
				"north": {"uv": [7, 10.5, 7.5, 10], "rotation": 180, "texture": "#layer0"},
				"east": {"uv": [7, 10, 7.5, 10.5], "texture": "#layer0"},
				"south": {"uv": [7, 10, 7.5, 10.5], "texture": "#layer0"},
				"down": {"uv": [7, 10, 7.5, 10.5], "texture": "#layer0"}
			}
		},
		{
			"name": "pixel_685",
			"from": [6.5, 5, 7.75],
			"to": [7, 5.5, 8.25],
			"rotation": {"angle": 0, "axis": "y", "origin": [8, 8, 8]},
			"faces": {
				"north": {"uv": [6.5, 11, 7, 10.5], "rotation": 180, "texture": "#layer0"},
				"east": {"uv": [6.5, 10.5, 7, 11], "texture": "#layer0"},
				"south": {"uv": [6.5, 10.5, 7, 11], "texture": "#layer0"},
				"down": {"uv": [6.5, 10.5, 7, 11], "texture": "#layer0"}
			}
		},
		{
			"name": "pixel_684",
			"from": [6, 5, 7.5],
			"to": [6.5, 5.5, 8.5],
			"rotation": {"angle": 0, "axis": "y", "origin": [8, 8, 8]},
			"faces": {
				"north": {"uv": [6, 11, 6.5, 10.5], "rotation": 180, "texture": "#layer0"},
				"east": {"uv": [6, 10.5, 6.5, 11], "texture": "#layer0"},
				"south": {"uv": [6, 10.5, 6.5, 11], "texture": "#layer0"},
				"west": {"uv": [6, 10.5, 6.5, 11], "texture": "#layer0"},
				"up": {"uv": [6.5, 10.5, 6, 11], "rotation": 180, "texture": "#layer0"},
				"down": {"uv": [6, 10.5, 6.5, 11], "texture": "#layer0"}
			}
		},
		{
			"name": "pixel_652",
			"from": [6, 5.5, 7.75],
			"to": [6.5, 6, 8.25],
			"rotation": {"angle": 0, "axis": "y", "origin": [8, 8, 8]},
			"faces": {
				"north": {"uv": [6, 10.5, 6.5, 10], "rotation": 180, "texture": "#layer0"},
				"south": {"uv": [6, 10, 6.5, 10.5], "texture": "#layer0"},
				"west": {"uv": [6, 10, 6.5, 10.5], "texture": "#layer0"},
				"up": {"uv": [6.5, 10, 6, 10.5], "rotation": 180, "texture": "#layer0"}
			}
		},
		{
			"name": "pixel_683",
			"from": [5.5, 5, 7.75],
			"to": [6, 5.5, 8.25],
			"rotation": {"angle": 0, "axis": "y", "origin": [8, 8, 8]},
			"faces": {
				"north": {"uv": [5.5, 11, 6, 10.5], "rotation": 180, "texture": "#layer0"},
				"south": {"uv": [5.5, 10.5, 6, 11], "texture": "#layer0"},
				"west": {"uv": [5.5, 10.5, 6, 11], "texture": "#layer0"},
				"up": {"uv": [6, 10.5, 5.5, 11], "rotation": 180, "texture": "#layer0"}
			}
		},
		{
			"name": "pixel_716",
			"from": [6, 4.5, 7.75],
			"to": [6.5, 5, 8.25],
			"rotation": {"angle": 0, "axis": "y", "origin": [8, 8, 8]},
			"faces": {
				"north": {"uv": [6, 11.5, 6.5, 11], "rotation": 180, "texture": "#layer0"},
				"east": {"uv": [6, 11, 6.5, 11.5], "texture": "#layer0"},
				"south": {"uv": [6, 11, 6.5, 11.5], "texture": "#layer0"},
				"down": {"uv": [6, 11, 6.5, 11.5], "texture": "#layer0"}
			}
		},
		{
			"name": "pixel_715",
			"from": [5.5, 4.5, 7.5],
			"to": [6, 5, 8.5],
			"rotation": {"angle": 0, "axis": "y", "origin": [8, 8, 8]},
			"faces": {
				"north": {"uv": [5.5, 11.5, 6, 11], "rotation": 180, "texture": "#layer0"},
				"east": {"uv": [5.5, 11, 6, 11.5], "texture": "#layer0"},
				"south": {"uv": [5.5, 11, 6, 11.5], "texture": "#layer0"},
				"west": {"uv": [5.5, 11, 6, 11.5], "texture": "#layer0"},
				"up": {"uv": [6, 11, 5.5, 11.5], "rotation": 180, "texture": "#layer0"},
				"down": {"uv": [5.5, 11, 6, 11.5], "texture": "#layer0"}
			}
		},
		{
			"name": "pixel_747",
			"from": [5.5, 4, 7.75],
			"to": [6, 4.5, 8.25],
			"rotation": {"angle": 0, "axis": "y", "origin": [8, 8, 8]},
			"faces": {
				"north": {"uv": [5.5, 12, 6, 11.5], "rotation": 180, "texture": "#layer0"},
				"east": {"uv": [5.5, 11.5, 6, 12], "texture": "#layer0"},
				"south": {"uv": [5.5, 11.5, 6, 12], "texture": "#layer0"},
				"down": {"uv": [5.5, 11.5, 6, 12], "texture": "#layer0"}
			}
		},
		{
			"name": "pixel_746",
			"from": [5, 4, 7.5],
			"to": [5.5, 4.5, 8.5],
			"rotation": {"angle": 0, "axis": "y", "origin": [8, 8, 8]},
			"faces": {
				"north": {"uv": [5, 12, 5.5, 11.5], "rotation": 180, "texture": "#layer0"},
				"east": {"uv": [5, 11.5, 5.5, 12], "texture": "#layer0"},
				"south": {"uv": [5, 11.5, 5.5, 12], "texture": "#layer0"},
				"west": {"uv": [5, 11.5, 5.5, 12], "texture": "#layer0"},
				"up": {"uv": [5.5, 11.5, 5, 12], "rotation": 180, "texture": "#layer0"},
				"down": {"uv": [5, 11.5, 5.5, 12], "texture": "#layer0"}
			}
		},
		{
			"name": "pixel_714",
			"from": [5, 4.5, 7.75],
			"to": [5.5, 5, 8.25],
			"rotation": {"angle": 0, "axis": "y", "origin": [8, 8, 8]},
			"faces": {
				"north": {"uv": [5, 11.5, 5.5, 11], "rotation": 180, "texture": "#layer0"},
				"south": {"uv": [5, 11, 5.5, 11.5], "texture": "#layer0"},
				"west": {"uv": [5, 11, 5.5, 11.5], "texture": "#layer0"},
				"up": {"uv": [5.5, 11, 5, 11.5], "rotation": 180, "texture": "#layer0"}
			}
		},
		{
			"name": "pixel_745",
			"from": [4.5, 4, 7.75],
			"to": [5, 4.5, 8.25],
			"rotation": {"angle": 0, "axis": "y", "origin": [8, 8, 8]},
			"faces": {
				"north": {"uv": [4.5, 12, 5, 11.5], "rotation": 180, "texture": "#layer0"},
				"south": {"uv": [4.5, 11.5, 5, 12], "texture": "#layer0"},
				"up": {"uv": [5, 11.5, 4.5, 12], "rotation": 180, "texture": "#layer0"}
			}
		},
		{
			"name": "pixel_744",
			"from": [4, 4, 7.75],
			"to": [4.5, 4.5, 8.25],
			"rotation": {"angle": 0, "axis": "y", "origin": [8, 8, 8]},
			"faces": {
				"north": {"uv": [4, 12, 4.5, 11.5], "rotation": 180, "texture": "#layer0"},
				"south": {"uv": [4, 11.5, 4.5, 12], "texture": "#layer0"},
				"up": {"uv": [4.5, 11.5, 4, 12], "rotation": 180, "texture": "#layer0"}
			}
		},
		{
			"name": "pixel_743",
			"from": [3.5, 4, 7.75],
			"to": [4, 4.5, 8.25],
			"rotation": {"angle": 0, "axis": "y", "origin": [8, 8, 8]},
			"faces": {
				"north": {"uv": [3.5, 12, 4, 11.5], "rotation": 180, "texture": "#layer0"},
				"south": {"uv": [3.5, 11.5, 4, 12], "texture": "#layer0"},
				"west": {"uv": [3.5, 11.5, 4, 12], "texture": "#layer0"},
				"up": {"uv": [4, 11.5, 3.5, 12], "rotation": 180, "texture": "#layer0"}
			}
		},
		{
			"name": "pixel_775",
			"from": [3.5, 3.5, 7.5],
			"to": [4, 4, 8.5],
			"rotation": {"angle": 0, "axis": "y", "origin": [8, 8, 8]},
			"faces": {
				"north": {"uv": [3.5, 12.5, 4, 12], "rotation": 180, "texture": "#layer0"},
				"south": {"uv": [3.5, 12, 4, 12.5], "texture": "#layer0"},
				"west": {"uv": [3.5, 12, 4, 12.5], "texture": "#layer0"},
				"up": {"uv": [4, 12, 3.5, 12.5], "rotation": 180, "texture": "#layer0"}
			}
		},
		{
			"name": "pixel_777",
			"from": [4.5, 3.5, 7.5],
			"to": [5, 4, 8.5],
			"rotation": {"angle": 0, "axis": "y", "origin": [8, 8, 8]},
			"faces": {
				"north": {"uv": [4.5, 12.5, 5, 12], "rotation": 180, "texture": "#layer0"},
				"east": {"uv": [4.5, 12, 5, 12.5], "texture": "#layer0"},
				"south": {"uv": [4.5, 12, 5, 12.5], "texture": "#layer0"},
				"up": {"uv": [5, 12, 4.5, 12.5], "rotation": 180, "texture": "#layer0"}
			}
		},
		{
			"name": "pixel_776",
			"from": [4, 3.5, 7.5],
			"to": [4.5, 4, 8.5],
			"rotation": {"angle": 0, "axis": "y", "origin": [8, 8, 8]},
			"faces": {
				"north": {"uv": [4, 12.5, 4.5, 12], "rotation": 180, "texture": "#layer0"},
				"south": {"uv": [4, 12, 4.5, 12.5], "texture": "#layer0"},
				"up": {"uv": [4.5, 12, 4, 12.5], "rotation": 180, "texture": "#layer0"}
			}
		},
		{
			"name": "pixel_778",
			"from": [5, 3.5, 7.75],
			"to": [5.5, 4, 8.25],
			"rotation": {"angle": 0, "axis": "y", "origin": [8, 8, 8]},
			"faces": {
				"north": {"uv": [5, 12.5, 5.5, 12], "rotation": 180, "texture": "#layer0"},
				"east": {"uv": [5, 12, 5.5, 12.5], "texture": "#layer0"},
				"south": {"uv": [5, 12, 5.5, 12.5], "texture": "#layer0"}
			}
		},
		{
			"name": "pixel_810",
			"from": [5, 3, 7.75],
			"to": [5.5, 3.5, 8.25],
			"rotation": {"angle": 0, "axis": "y", "origin": [8, 8, 8]},
			"faces": {
				"north": {"uv": [5, 13, 5.5, 12.5], "rotation": 180, "texture": "#layer0"},
				"east": {"uv": [5, 12.5, 5.5, 13], "texture": "#layer0"},
				"south": {"uv": [5, 12.5, 5.5, 13], "texture": "#layer0"}
			}
		},
		{
			"name": "pixel_809",
			"from": [4.5, 3, 7.5],
			"to": [5, 3.5, 8.5],
			"rotation": {"angle": 0, "axis": "y", "origin": [8, 8, 8]},
			"faces": {
				"north": {"uv": [4.5, 13, 5, 12.5], "rotation": 180, "texture": "#layer0"},
				"east": {"uv": [4.5, 12.5, 5, 13], "texture": "#layer0"},
				"south": {"uv": [4.5, 12.5, 5, 13], "texture": "#layer0"}
			}
		},
		{
			"name": "pixel_841",
			"from": [4.5, 2.5, 7.5],
			"to": [5, 3, 8.5],
			"rotation": {"angle": 0, "axis": "y", "origin": [8, 8, 8]},
			"faces": {
				"north": {"uv": [4.5, 13.5, 5, 13], "rotation": 180, "texture": "#layer0"},
				"east": {"uv": [4.5, 13, 5, 13.5], "texture": "#layer0"},
				"south": {"uv": [4.5, 13, 5, 13.5], "texture": "#layer0"},
				"down": {"uv": [4.5, 13, 5, 13.5], "texture": "#layer0"}
			}
		},
		{
			"name": "pixel_842",
			"from": [5, 2.5, 7.75],
			"to": [5.5, 3, 8.25],
			"rotation": {"angle": 0, "axis": "y", "origin": [8, 8, 8]},
			"faces": {
				"north": {"uv": [5, 13.5, 5.5, 13], "rotation": 180, "texture": "#layer0"},
				"east": {"uv": [5, 13, 5.5, 13.5], "texture": "#layer0"},
				"south": {"uv": [5, 13, 5.5, 13.5], "texture": "#layer0"},
				"down": {"uv": [5, 13, 5.5, 13.5], "texture": "#layer0"}
			}
		},
		{
			"name": "pixel_873",
			"from": [4.5, 2, 7.75],
			"to": [5, 2.5, 8.25],
			"rotation": {"angle": 0, "axis": "y", "origin": [8, 8, 8]},
			"faces": {
				"north": {"uv": [4.5, 14, 5, 13.5], "rotation": 180, "texture": "#layer0"},
				"east": {"uv": [4.5, 13.5, 5, 14], "texture": "#layer0"},
				"south": {"uv": [4.5, 13.5, 5, 14], "texture": "#layer0"},
				"down": {"uv": [4.5, 13.5, 5, 14], "texture": "#layer0"}
			}
		},
		{
			"name": "pixel_904",
			"from": [4, 1.5, 7.75],
			"to": [4.5, 2, 8.25],
			"rotation": {"angle": 0, "axis": "y", "origin": [8, 8, 8]},
			"faces": {
				"north": {"uv": [4, 14.5, 4.5, 14], "rotation": 180, "texture": "#layer0"},
				"east": {"uv": [4, 14, 4.5, 14.5], "texture": "#layer0"},
				"south": {"uv": [4, 14, 4.5, 14.5], "texture": "#layer0"},
				"down": {"uv": [4, 14, 4.5, 14.5], "texture": "#layer0"}
			}
		},
		{
			"name": "pixel_872",
			"from": [4, 2, 7.5],
			"to": [4.5, 2.5, 8.5],
			"rotation": {"angle": 0, "axis": "y", "origin": [8, 8, 8]},
			"faces": {
				"north": {"uv": [4, 14, 4.5, 13.5], "rotation": 180, "texture": "#layer0"},
				"east": {"uv": [4, 13.5, 4.5, 14], "texture": "#layer0"},
				"south": {"uv": [4, 13.5, 4.5, 14], "texture": "#layer0"},
				"down": {"uv": [4, 13.5, 4.5, 14], "texture": "#layer0"}
			}
		},
		{
			"name": "pixel_840",
			"from": [4, 2.5, 7.25],
			"to": [4.5, 3, 8.75],
			"rotation": {"angle": 0, "axis": "y", "origin": [8, 8, 8]},
			"faces": {
				"north": {"uv": [4, 13.5, 4.5, 13], "rotation": 180, "texture": "#layer0"},
				"east": {"uv": [4, 13, 4.5, 13.5], "texture": "#layer0"},
				"south": {"uv": [4, 13, 4.5, 13.5], "texture": "#layer0"},
				"down": {"uv": [4, 13, 4.5, 13.5], "texture": "#layer0"}
			}
		},
		{
			"name": "pixel_808",
			"from": [4, 3, 7.25],
			"to": [4.5, 3.5, 8.75],
			"rotation": {"angle": 0, "axis": "y", "origin": [8, 8, 8]},
			"faces": {
				"north": {"uv": [4, 13, 4.5, 12.5], "rotation": 180, "texture": "#layer0"},
				"east": {"uv": [4, 12.5, 4.5, 13], "texture": "#layer0"},
				"south": {"uv": [4, 12.5, 4.5, 13], "texture": "#layer0"},
				"up": {"uv": [4.5, 12.5, 4, 13], "rotation": 180, "texture": "#layer0"}
			}
		},
		{
			"name": "pixel_807",
			"from": [3.5, 3, 7.25],
			"to": [4, 3.5, 8.75],
			"rotation": {"angle": 0, "axis": "y", "origin": [8, 8, 8]},
			"faces": {
				"north": {"uv": [3.5, 13, 4, 12.5], "rotation": 180, "texture": "#layer0"},
				"south": {"uv": [3.5, 12.5, 4, 13], "texture": "#layer0"},
				"west": {"uv": [3.5, 12.5, 4, 13], "texture": "#layer0"},
				"up": {"uv": [4, 12.5, 3.5, 13], "rotation": 180, "texture": "#layer0"}
			}
		},
		{
			"name": "pixel_839",
			"from": [3.5, 2.5, 7.25],
			"to": [4, 3, 8.75],
			"rotation": {"angle": 0, "axis": "y", "origin": [8, 8, 8]},
			"faces": {
				"north": {"uv": [3.5, 13.5, 4, 13], "rotation": 180, "texture": "#layer0"},
				"south": {"uv": [3.5, 13, 4, 13.5], "texture": "#layer0"}
			}
		},
		{
			"name": "pixel_838",
			"from": [3, 2.5, 7.25],
			"to": [3.5, 3, 8.75],
			"rotation": {"angle": 0, "axis": "y", "origin": [8, 8, 8]},
			"faces": {
				"north": {"uv": [3, 13.5, 3.5, 13], "rotation": 180, "texture": "#layer0"},
				"south": {"uv": [3, 13, 3.5, 13.5], "texture": "#layer0"},
				"west": {"uv": [3, 13, 3.5, 13.5], "texture": "#layer0"},
				"up": {"uv": [3.5, 13, 3, 13.5], "rotation": 180, "texture": "#layer0"}
			}
		},
		{
			"name": "pixel_870",
			"from": [3, 2, 7.25],
			"to": [3.5, 2.5, 8.75],
			"rotation": {"angle": 0, "axis": "y", "origin": [8, 8, 8]},
			"faces": {
				"north": {"uv": [3, 14, 3.5, 13.5], "rotation": 180, "texture": "#layer0"},
				"south": {"uv": [3, 13.5, 3.5, 14], "texture": "#layer0"},
				"west": {"uv": [3, 13.5, 3.5, 14], "texture": "#layer0"},
				"down": {"uv": [3, 13.5, 3.5, 14], "texture": "#layer0"}
			}
		},
		{
			"name": "pixel_871",
			"from": [3.5, 2, 7.25],
			"to": [4, 2.5, 8.75],
			"rotation": {"angle": 0, "axis": "y", "origin": [8, 8, 8]},
			"faces": {
				"north": {"uv": [3.5, 14, 4, 13.5], "rotation": 180, "texture": "#layer0"},
				"east": {"uv": [3.5, 13.5, 4, 14], "texture": "#layer0"},
				"south": {"uv": [3.5, 13.5, 4, 14], "texture": "#layer0"},
				"down": {"uv": [3.5, 13.5, 4, 14], "texture": "#layer0"}
			}
		},
		{
			"name": "pixel_903",
			"from": [3.5, 1.5, 7.5],
			"to": [4, 2, 8.5],
			"rotation": {"angle": 0, "axis": "y", "origin": [8, 8, 8]},
			"faces": {
				"north": {"uv": [3.5, 14.5, 4, 14], "rotation": 180, "texture": "#layer0"},
				"east": {"uv": [3.5, 14, 4, 14.5], "texture": "#layer0"},
				"south": {"uv": [3.5, 14, 4, 14.5], "texture": "#layer0"},
				"down": {"uv": [3.5, 14, 4, 14.5], "texture": "#layer0"}
			}
		},
		{
			"name": "pixel_902",
			"from": [3, 1.5, 7.5],
			"to": [3.5, 2, 8.5],
			"rotation": {"angle": 0, "axis": "y", "origin": [8, 8, 8]},
			"faces": {
				"north": {"uv": [3, 14.5, 3.5, 14], "rotation": 180, "texture": "#layer0"},
				"south": {"uv": [3, 14, 3.5, 14.5], "texture": "#layer0"},
				"west": {"uv": [3, 14, 3.5, 14.5], "texture": "#layer0"},
				"down": {"uv": [3, 14, 3.5, 14.5], "texture": "#layer0"}
			}
		},
		{
			"name": "pixel_934",
			"from": [3, 1, 7.75],
			"to": [3.5, 1.5, 8.25],
			"rotation": {"angle": 0, "axis": "y", "origin": [8, 8, 8]},
			"faces": {
				"north": {"uv": [3, 15, 3.5, 14.5], "rotation": 180, "texture": "#layer0"},
				"south": {"uv": [3, 14.5, 3.5, 15], "texture": "#layer0"},
				"west": {"uv": [3, 14.5, 3.5, 15], "texture": "#layer0"},
				"down": {"uv": [3, 14.5, 3.5, 15], "texture": "#layer0"}
			}
		},
		{
			"name": "pixel_935",
			"from": [3.5, 1, 7.75],
			"to": [4, 1.5, 8.25],
			"rotation": {"angle": 0, "axis": "y", "origin": [8, 8, 8]},
			"faces": {
				"north": {"uv": [3.5, 15, 4, 14.5], "rotation": 180, "texture": "#layer0"},
				"east": {"uv": [3.5, 14.5, 4, 15], "texture": "#layer0"},
				"south": {"uv": [3.5, 14.5, 4, 15], "texture": "#layer0"},
				"down": {"uv": [3.5, 14.5, 4, 15], "texture": "#layer0"}
			}
		},
		{
			"name": "pixel_901",
			"from": [2.5, 1.5, 7.75],
			"to": [3, 2, 8.25],
			"rotation": {"angle": 0, "axis": "y", "origin": [8, 8, 8]},
			"faces": {
				"north": {"uv": [2.5, 14.5, 3, 14], "rotation": 180, "texture": "#layer0"},
				"south": {"uv": [2.5, 14, 3, 14.5], "texture": "#layer0"},
				"west": {"uv": [2.5, 14, 3, 14.5], "texture": "#layer0"},
				"down": {"uv": [2.5, 14, 3, 14.5], "texture": "#layer0"}
			}
		},
		{
			"name": "pixel_868",
			"from": [2, 2, 7.75],
			"to": [2.5, 2.5, 8.25],
			"rotation": {"angle": 0, "axis": "y", "origin": [8, 8, 8]},
			"faces": {
				"north": {"uv": [2, 14, 2.5, 13.5], "rotation": 180, "texture": "#layer0"},
				"south": {"uv": [2, 13.5, 2.5, 14], "texture": "#layer0"},
				"west": {"uv": [2, 13.5, 2.5, 14], "texture": "#layer0"},
				"down": {"uv": [2, 13.5, 2.5, 14], "texture": "#layer0"}
			}
		},
		{
			"name": "pixel_869",
			"from": [2.5, 2, 7.5],
			"to": [3, 2.5, 8.5],
			"rotation": {"angle": 0, "axis": "y", "origin": [8, 8, 8]},
			"faces": {
				"north": {"uv": [2.5, 14, 3, 13.5], "rotation": 180, "texture": "#layer0"},
				"south": {"uv": [2.5, 13.5, 3, 14], "texture": "#layer0"},
				"west": {"uv": [2.5, 13.5, 3, 14], "texture": "#layer0"},
				"down": {"uv": [2.5, 13.5, 3, 14], "texture": "#layer0"}
			}
		},
		{
			"name": "pixel_837",
			"from": [2.5, 2.5, 7.5],
			"to": [3, 3, 8.5],
			"rotation": {"angle": 0, "axis": "y", "origin": [8, 8, 8]},
			"faces": {
				"north": {"uv": [2.5, 13.5, 3, 13], "rotation": 180, "texture": "#layer0"},
				"south": {"uv": [2.5, 13, 3, 13.5], "texture": "#layer0"},
				"west": {"uv": [2.5, 13, 3, 13.5], "texture": "#layer0"},
				"up": {"uv": [3, 13, 2.5, 13.5], "rotation": 180, "texture": "#layer0"}
			}
		},
		{
			"name": "pixel_836",
			"from": [2, 2.5, 7.75],
			"to": [2.5, 3, 8.25],
			"rotation": {"angle": 0, "axis": "y", "origin": [8, 8, 8]},
			"faces": {
				"north": {"uv": [2, 13.5, 2.5, 13], "rotation": 180, "texture": "#layer0"},
				"south": {"uv": [2, 13, 2.5, 13.5], "texture": "#layer0"},
				"west": {"uv": [2, 13, 2.5, 13.5], "texture": "#layer0"},
				"up": {"uv": [2.5, 13, 2, 13.5], "rotation": 180, "texture": "#layer0"}
			}
		},
		{
			"name": "pixel_805",
			"from": [2.5, 3, 7.75],
			"to": [3, 3.5, 8.25],
			"rotation": {"angle": 0, "axis": "y", "origin": [8, 8, 8]},
			"faces": {
				"north": {"uv": [2.5, 13, 3, 12.5], "rotation": 180, "texture": "#layer0"},
				"south": {"uv": [2.5, 12.5, 3, 13], "texture": "#layer0"},
				"west": {"uv": [2.5, 12.5, 3, 13], "texture": "#layer0"},
				"up": {"uv": [3, 12.5, 2.5, 13], "rotation": 180, "texture": "#layer0"}
			}
		},
		{
			"name": "pixel_806",
			"from": [3, 3, 7.5],
			"to": [3.5, 3.5, 8.5],
			"rotation": {"angle": 0, "axis": "y", "origin": [8, 8, 8]},
			"faces": {
				"north": {"uv": [3, 13, 3.5, 12.5], "rotation": 180, "texture": "#layer0"},
				"south": {"uv": [3, 12.5, 3.5, 13], "texture": "#layer0"},
				"west": {"uv": [3, 12.5, 3.5, 13], "texture": "#layer0"},
				"up": {"uv": [3.5, 12.5, 3, 13], "rotation": 180, "texture": "#layer0"}
			}
		},
		{
			"name": "pixel_774",
			"from": [3, 3.5, 7.75],
			"to": [3.5, 4, 8.25],
			"rotation": {"angle": 0, "axis": "y", "origin": [8, 8, 8]},
			"faces": {
				"north": {"uv": [3, 12.5, 3.5, 12], "rotation": 180, "texture": "#layer0"},
				"south": {"uv": [3, 12, 3.5, 12.5], "texture": "#layer0"},
				"west": {"uv": [3, 12, 3.5, 12.5], "texture": "#layer0"},
				"up": {"uv": [3.5, 12, 3, 12.5], "rotation": 180, "texture": "#layer0"}
			}
		}
	],
	"gui_light": "front",
	"display": {
		"thirdperson_righthand": {
			"rotation": [0, 90, 45],
			"translation": [0, -1.75, 1],
			"scale": [0.55, 0.55, 0.55]
		},
		"thirdperson_lefthand": {
			"rotation": [0, 90, -45],
			"translation": [0, -1.75, 1],
			"scale": [0.55, 0.55, 0.55]
		},
		"firstperson_righthand": {
			"rotation": [0, -90, 25],
			"translation": [1.13, 3.2, 1.13],
			"scale": [0.68, 0.68, 0.68]
		},
		"firstperson_lefthand": {
			"rotation": [90, -90, 25],
			"translation": [1.13, 3.2, 2],
			"scale": [0.68, 0.68, 0.68]
		},
		"ground": {
			"translation": [0, 2, 0],
			"scale": [0.5, 0.5, 0.5]
		},
		"head": {
			"rotation": [164, 55, -1],
			"translation": [-7, 8.5, -6.5]
		},
		"fixed": {
			"rotation": [0, 180, 0]
		}
	},
	"groups": [
		{
			"name": "arrow",
			"origin": [8, 8, 8],
			"color": 0,
			"children": [0, 1, 2, 3, 4, 5, 6, 7, 8, 9, 10, 11, 12, 13, 14, 15, 16, 17, 18, 19, 20, 21, 22, 23, 24, 25, 26, 27, 28, 29, 30, 31, 32, 33, 34, 35, 36, 37, 38, 39, 40, 41, 42, 43, 44, 45, 46, 47, 48, 49, 50, 51, 52, 53, 54, 55, 56, 57, 58, 59, 60, 61, 62, 63, 64, 65, 66, 67, 68, 69, 70, 71, 72, 73, 74, 75, 76, 77, 78, 79, 80, 81, 82, 83, 84, 85, 86, 87, 88, 89, 90, 91, 92, 93, 94, 95, 96, 97, 98, 99, 100, 101, 102, 103, 104, 105, 106, 107]
		}
	]
}