{
	"credit": "Made by Nekzuris with Blockbench",
	"parent": "block/block",
	"ambientocclusion": false,
	"textures": {
		"base": "block/brewing_stand_base",
		"particle": "block/brewing_stand",
		"texture": "block/brewing_stand"
	},
	"elements": [
		{
			"from": [9, 0, 5],
			"to": [15, 2, 11],
			"faces": {
				"north": {"uv": [8, 14, 14, 16], "texture": "#base"},
				"east": {"uv": [8, 0, 14, 2], "texture": "#base"},
				"south": {"uv": [2, 14, 8, 16], "texture": "#base"},
				"west": {"uv": [2, 0, 8, 2], "texture": "#base"},
				"up": {"uv": [9, 5, 15, 11], "texture": "#base"},
				"down": {"uv": [8, 0, 14, 6], "texture": "#base", "cullface": "down"}
			}
		},
		{
			"from": [7, 0, 7],
			"to": [9, 14, 9],
			"faces": {
				"north": {"uv": [7, 2, 9, 16], "texture": "#texture"},
				"east": {"uv": [7, 2, 9, 16], "texture": "#texture"},
				"south": {"uv": [7, 2, 9, 16], "texture": "#texture"},
				"west": {"uv": [7, 2, 9, 16], "texture": "#texture"},
				"up": {"uv": [7, 7, 9, 9], "texture": "#texture"},
				"down": {"uv": [7, 14, 9, 16], "texture": "#texture", "cullface": "down"}
			}
		},
		{
			"from": [1, 0, 1],
			"to": [7, 2, 7],
			"rotation": {"angle": 0, "axis": "y", "origin": [7.5, 8, 8]},
			"faces": {
				"north": {"uv": [8, 0, 14, 2], "texture": "#base"},
				"east": {"uv": [3, 14, 9, 16], "texture": "#base"},
				"south": {"uv": [8, 14, 14, 16], "texture": "#base"},
				"west": {"uv": [2, 0, 8, 2], "texture": "#base"},
				"up": {"uv": [2, 1, 8, 7], "texture": "#base"},
				"down": {"uv": [8, 0, 14, 6], "texture": "#base", "cullface": "down"}
			}
		},
		{
			"from": [1, 0, 9],
			"to": [7, 2, 15],
			"rotation": {"angle": 0, "axis": "y", "origin": [7.5, 8, 8]},
			"faces": {
				"north": {"uv": [2, 0, 8, 2], "texture": "#base"},
				"east": {"uv": [2, 14, 8, 16], "texture": "#base"},
				"south": {"uv": [8, 0, 14, 2], "texture": "#base"},
				"west": {"uv": [8, 14, 14, 16], "texture": "#base"},
				"up": {"uv": [2, 9, 8, 15], "texture": "#base"},
				"down": {"uv": [8, 0, 14, 6], "texture": "#base", "cullface": "down"}
			}
		},
		{
			"from": [9, 12.5, 7.5],
			"to": [11, 13.5, 8.5],
			"rotation": {"angle": 0, "axis": "y", "origin": [7.5, 9.5, 8]},
			"faces": {
				"north": {"uv": [11, 2.5, 9, 3.5], "texture": "#texture"},
				"south": {"uv": [7, 2.5, 5, 3.5], "texture": "#texture"},
				"up": {"uv": [11, 2.5, 9, 3], "texture": "#texture"},
				"down": {"uv": [9, 3, 11, 3.5], "texture": "#texture"}
			}
		},
		{
			"from": [10.5, 13.5, 7.5],
			"to": [11, 14, 8.5],
			"rotation": {"angle": 0, "axis": "y", "origin": [7.5, 10.5, 8]},
			"faces": {
				"north": {"uv": [11, 2, 10.5, 2.5], "texture": "#texture"},
				"south": {"uv": [11, 2, 10.5, 2.5], "texture": "#texture"},
				"west": {"uv": [11, 2, 10.5, 2.5], "texture": "#texture"},
				"up": {"uv": [11, 2, 10.5, 2.5], "texture": "#texture"}
			}
		},
		{
			"from": [9, 12, 7.5],
			"to": [9.5, 12.5, 8.5],
			"rotation": {"angle": 0, "axis": "y", "origin": [6, 9, 8]},
			"faces": {
				"north": {"uv": [9.5, 3.5, 9, 4], "texture": "#texture"},
				"east": {"uv": [9.5, 3.5, 9, 4], "texture": "#texture"},
				"south": {"uv": [9.5, 3.5, 9, 4], "texture": "#texture"},
				"up": {"uv": [9.5, 3.5, 9, 4], "texture": "#texture"}
			}
		},
		{
			"from": [11.5, 14.5, 7.5],
			"to": [12, 16, 8.5],
			"rotation": {"angle": 0, "axis": "y", "origin": [8.5, 11.5, 8]},
			"faces": {
				"north": {"uv": [12, 0, 11.5, 1.5], "texture": "#texture"},
				"east": {"uv": [12, 0, 11.5, 1.5], "texture": "#texture"},
				"south": {"uv": [12, 0, 11.5, 1.5], "texture": "#texture"},
				"west": {"uv": [12, 0, 11.5, 1.5], "texture": "#texture"},
				"up": {"uv": [12, 0, 11.5, 1.5], "texture": "#texture"}
			}
		},
		{
			"from": [12, 11, 7.5],
			"to": [12.5, 12.5, 8.5],
			"rotation": {"angle": 0, "axis": "y", "origin": [9, 8, 8]},
			"faces": {
				"north": {"uv": [12.5, 3.5, 12, 5], "texture": "#texture"},
				"east": {"uv": [12.5, 3.5, 12, 5], "texture": "#texture"},
				"south": {"uv": [12.5, 3.5, 12, 5], "texture": "#texture"},
				"up": {"uv": [12.5, 3.5, 12, 5], "texture": "#texture"},
				"down": {"uv": [12.5, 3.5, 12, 5], "texture": "#texture"}
			}
		},
		{
			"from": [11.5, 7.5, 7.5],
			"to": [12, 8, 8.5],
			"rotation": {"angle": 0, "axis": "y", "origin": [8.5, 4.5, 8]},
			"faces": {
				"north": {"uv": [12, 8, 11.5, 8.5], "texture": "#texture"},
				"east": {"uv": [12, 8, 11.5, 8.5], "texture": "#texture"},
				"south": {"uv": [12, 8, 11.5, 8.5], "texture": "#texture"},
				"west": {"uv": [12, 8, 11.5, 8.5], "texture": "#texture"},
				"down": {"uv": [12, 8, 11.5, 8.5], "texture": "#texture"}
			}
		},
		{
			"from": [11, 8, 7.5],
			"to": [12, 14.5, 8.5],
			"rotation": {"angle": 0, "axis": "y", "origin": [9.5, 9.5, 8]},
			"faces": {
				"north": {"uv": [12, 1.5, 11, 8], "texture": "#texture"},
				"east": {"uv": [12, 1.5, 11.5, 8], "texture": "#texture"},
				"south": {"uv": [11, 1.5, 12, 8], "texture": "#texture"},
				"west": {"uv": [11.5, 1.5, 11, 8], "texture": "#texture"},
				"up": {"uv": [11, 1.5, 12, 2.5], "texture": "#texture"},
				"down": {"uv": [12, 7.5, 11, 8], "texture": "#texture"}
			}
		},
		{
			"from": [3.5, 12.5, 5],
			"to": [4.5, 13.5, 7],
			"rotation": {"angle": 45, "axis": "y", "origin": [4, 9, 4]},
			"faces": {
				"east": {"uv": [7, 2.5, 5, 3.5], "texture": "#texture"},
				"west": {"uv": [11, 2.5, 9, 3.5], "texture": "#texture"},
				"up": {"uv": [11, 2.5, 9, 3], "rotation": 270, "texture": "#texture"},
				"down": {"uv": [9, 3, 11, 3.5], "rotation": 90, "texture": "#texture"}
			}
		},
		{
			"from": [3.5, 13.5, 5],
			"to": [4.5, 14, 5.5],
			"rotation": {"angle": 45, "axis": "y", "origin": [4, 9, 4]},
			"faces": {
				"east": {"uv": [11, 2, 10.5, 2.5], "texture": "#texture"},
				"south": {"uv": [11, 2, 10.5, 2.5], "texture": "#texture"},
				"west": {"uv": [11, 2, 10.5, 2.5], "texture": "#texture"},
				"up": {"uv": [11, 2, 10.5, 2.5], "rotation": 270, "texture": "#texture"}
			}
		},
		{
			"from": [3.5, 14.5, 4],
			"to": [4.5, 16, 4.5],
			"rotation": {"angle": 45, "axis": "y", "origin": [4, 9, 4]},
			"faces": {
				"north": {"uv": [12, 0, 11.5, 1.5], "texture": "#texture"},
				"east": {"uv": [12, 0, 11.5, 1.5], "texture": "#texture"},
				"south": {"uv": [12, 0, 11.5, 1.5], "texture": "#texture"},
				"west": {"uv": [12, 0, 11.5, 1.5], "texture": "#texture"},
				"up": {"uv": [12, 0, 11.5, 1.5], "rotation": 270, "texture": "#texture"}
			}
		},
		{
			"from": [3.5, 11, 3.5],
			"to": [4.5, 12.5, 4],
			"rotation": {"angle": 45, "axis": "y", "origin": [4, 9, 4]},
			"faces": {
				"north": {"uv": [12.5, 3.5, 12, 5], "texture": "#texture"},
				"east": {"uv": [12.5, 3.5, 12, 5], "texture": "#texture"},
				"west": {"uv": [12.5, 3.5, 12, 5], "texture": "#texture"},
				"up": {"uv": [12.5, 3.5, 12, 5], "rotation": 270, "texture": "#texture"},
				"down": {"uv": [12.5, 3.5, 12, 5], "rotation": 90, "texture": "#texture"}
			}
		},
		{
			"from": [3.5, 7.5, 4],
			"to": [4.5, 8, 4.5],
			"rotation": {"angle": 45, "axis": "y", "origin": [4, 9, 4]},
			"faces": {
				"north": {"uv": [12, 8, 11.5, 8.5], "texture": "#texture"},
				"east": {"uv": [12, 8, 11.5, 8.5], "texture": "#texture"},
				"south": {"uv": [12, 8, 11.5, 8.5], "texture": "#texture"},
				"west": {"uv": [12, 8, 11.5, 8.5], "texture": "#texture"},
				"down": {"uv": [12, 8, 11.5, 8.5], "rotation": 90, "texture": "#texture"}
			}
		},
		{
			"from": [3.5, 8, 4],
			"to": [4.5, 14.5, 5],
			"rotation": {"angle": 45, "axis": "y", "origin": [4, 9, 4]},
			"faces": {
				"north": {"uv": [12, 1.5, 11.5, 8], "texture": "#texture"},
				"east": {"uv": [11, 1.5, 12, 8], "texture": "#texture"},
				"south": {"uv": [11.5, 1.5, 11, 8], "texture": "#texture"},
				"west": {"uv": [12, 1.5, 11, 8], "texture": "#texture"},
				"up": {"uv": [11, 1.5, 12, 2.5], "rotation": 270, "texture": "#texture"},
				"down": {"uv": [12, 7.5, 11, 8], "rotation": 90, "texture": "#texture"}
			}
		},
		{
			"from": [3.5, 12.5, 7],
			"to": [4.5, 13.5, 9],
			"rotation": {"angle": 45, "axis": "y", "origin": [4, 9.5, 4]},
			"faces": {
				"east": {"uv": [9, 2.5, 10, 3.5], "texture": "#texture"},
				"west": {"uv": [9, 2.5, 10, 3.5], "texture": "#texture"},
				"up": {"uv": [9, 2.5, 10, 3], "rotation": 270, "texture": "#texture"},
				"down": {"uv": [9, 3, 10, 3.5], "rotation": 270, "texture": "#texture"}
			}
		},
		{
			"from": [3.5, 12, 8],
			"to": [4.5, 12.5, 9],
			"rotation": {"angle": 45, "axis": "y", "origin": [4, 9.5, 4]},
			"faces": {
				"north": {"uv": [9.5, 3.5, 9, 4], "rotation": 90, "texture": "#texture"},
				"east": {"uv": [9.5, 3.5, 9, 4], "rotation": 90, "texture": "#texture"},
				"west": {"uv": [9.5, 3.5, 9, 4], "rotation": 90, "texture": "#texture"},
				"down": {"uv": [9.5, 3.5, 9, 4], "rotation": 90, "texture": "#texture"}
			}
		},
		{
			"from": [9.2, 12.5, 6.75],
			"to": [10.2, 13.5, 8.75],
			"rotation": {"angle": -45, "axis": "y", "origin": [4, 9, 4]},
			"faces": {
				"east": {"uv": [11, 2.5, 9, 3.5], "texture": "#texture"},
				"west": {"uv": [7, 2.5, 5, 3.5], "texture": "#texture"},
				"up": {"uv": [11, 2.5, 9, 3], "rotation": 90, "texture": "#texture"},
				"down": {"uv": [9, 3, 11, 3.5], "rotation": 270, "texture": "#texture"}
			}
		},
		{
			"from": [9.2, 13.5, 8.25],
			"to": [10.2, 14, 8.75],
			"rotation": {"angle": -45, "axis": "y", "origin": [4, 9, 4]},
			"faces": {
				"north": {"uv": [11, 2, 10.5, 2.5], "texture": "#texture"},
				"east": {"uv": [11, 2, 10.5, 2.5], "texture": "#texture"},
				"west": {"uv": [11, 2, 10.5, 2.5], "texture": "#texture"},
				"up": {"uv": [11, 2, 10.5, 2.5], "rotation": 90, "texture": "#texture"}
			}
		},
		{
			"from": [9.2, 14.5, 9.25],
			"to": [10.2, 16, 9.75],
			"rotation": {"angle": -45, "axis": "y", "origin": [4, 9, 4]},
			"faces": {
				"north": {"uv": [12, 0, 11.5, 1.5], "texture": "#texture"},
				"east": {"uv": [12, 0, 11.5, 1.5], "texture": "#texture"},
				"south": {"uv": [12, 0, 11.5, 1.5], "texture": "#texture"},
				"west": {"uv": [12, 0, 11.5, 1.5], "texture": "#texture"},
				"up": {"uv": [12, 0, 11.5, 1.5], "rotation": 90, "texture": "#texture"}
			}
		},
		{
			"from": [9.2, 11, 9.75],
			"to": [10.2, 12.5, 10.25],
			"rotation": {"angle": -45, "axis": "y", "origin": [4, 9, 4]},
			"faces": {
				"east": {"uv": [12.5, 3.5, 12, 5], "texture": "#texture"},
				"south": {"uv": [12.5, 3.5, 12, 5], "texture": "#texture"},
				"west": {"uv": [12.5, 3.5, 12, 5], "texture": "#texture"},
				"up": {"uv": [12.5, 3.5, 12, 5], "rotation": 90, "texture": "#texture"},
				"down": {"uv": [12.5, 3.5, 12, 5], "rotation": 270, "texture": "#texture"}
			}
		},
		{
			"from": [9.2, 7.5, 9.25],
			"to": [10.2, 8, 9.75],
			"rotation": {"angle": -45, "axis": "y", "origin": [4, 9, 4]},
			"faces": {
				"north": {"uv": [12, 8, 11.5, 8.5], "texture": "#texture"},
				"east": {"uv": [12, 8, 11.5, 8.5], "texture": "#texture"},
				"south": {"uv": [12, 8, 11.5, 8.5], "texture": "#texture"},
				"west": {"uv": [12, 8, 11.5, 8.5], "texture": "#texture"},
				"down": {"uv": [12, 8, 11.5, 8.5], "rotation": 270, "texture": "#texture"}
			}
		},
		{
			"from": [9.2, 8, 8.75],
			"to": [10.2, 14.5, 9.75],
			"rotation": {"angle": -45, "axis": "y", "origin": [4, 9, 4]},
			"faces": {
				"north": {"uv": [11.5, 1.5, 11, 8], "texture": "#texture"},
				"east": {"uv": [12, 1.5, 11, 8], "texture": "#texture"},
				"south": {"uv": [12, 1.5, 11.5, 8], "texture": "#texture"},
				"west": {"uv": [11, 1.5, 12, 8], "texture": "#texture"},
				"up": {"uv": [11, 1.5, 12, 2.5], "rotation": 90, "texture": "#texture"},
				"down": {"uv": [12, 7.5, 11, 8], "rotation": 270, "texture": "#texture"}
			}
		},
		{
			"from": [9.2, 12.5, 4.75],
			"to": [10.2, 13.5, 6.75],
			"rotation": {"angle": -45, "axis": "y", "origin": [4, 9.5, 4]},
			"faces": {
				"east": {"uv": [9, 2.5, 10, 3.5], "texture": "#texture"},
				"west": {"uv": [9, 2.5, 10, 3.5], "texture": "#texture"},
				"up": {"uv": [9, 2.5, 10, 3], "rotation": 90, "texture": "#texture"},
				"down": {"uv": [9, 3, 10, 3.5], "rotation": 90, "texture": "#texture"}
			}
		},
		{
			"from": [9.2, 12, 4.75],
			"to": [10.2, 12.5, 5.75],
			"rotation": {"angle": -45, "axis": "y", "origin": [4, 9.5, 4]},
			"faces": {
				"east": {"uv": [9.5, 3.5, 9, 4], "rotation": 90, "texture": "#texture"},
				"south": {"uv": [9.5, 3.5, 9, 4], "rotation": 90, "texture": "#texture"},
				"west": {"uv": [9.5, 3.5, 9, 4], "rotation": 90, "texture": "#texture"},
				"down": {"uv": [9.5, 3.5, 9, 4], "rotation": 270, "texture": "#texture"}
			}
		}
	],
	"groups": [
		0,
		1,
		2,
		3,
		{
			"name": "bottle_1_empty",
			"origin": [8, 8, 8],
			"color": 0,
			"children": [4, 5, 6, 7, 8, 9, 10]
		},
		{
			"name": "bottle_2_empty",
			"origin": [8, 8, 8],
			"color": 0,
			"children": [11, 12, 13, 14, 15, 16, 17, 18]
		},
		{
			"name": "bottle_2_empty",
			"origin": [8, 8, 8],
			"color": 0,
			"children": [19, 20, 21, 22, 23, 24, 25, 26]
		}
	]
}