{
	"credit": "Made with Blockbench by Juknum",
	"textures": {
		"down": "entity/chest/normal",
		"1_texture": "entity/minecart_item"
	},
	"elements": [
		{
			"from": [2, 2, 2],
			"to": [14, 11, 14],
			"rotation": {"angle": 0, "axis": "y", "origin": [8, 6.5, 8]},
			"faces": {
				"north": {"uv": [0, 8.25, 3.5, 10.75], "rotation": 180, "texture": "#down", "cullface": "north"},
				"east": {"uv": [10.5, 8.25, 14, 10.75], "rotation": 180, "texture": "#down", "cullface": "north"},
				"south": {"uv": [7, 8.25, 10.5, 10.75], "rotation": 180, "texture": "#down", "cullface": "north"},
				"west": {"uv": [3.5, 8.25, 7, 10.75], "rotation": 180, "texture": "#down", "cullface": "north"},
				"up": {"uv": [3.5, 4.75, 7, 8.25], "rotation": 90, "texture": "#down", "cullface": "up"}
			}
		},
		{
			"from": [14, 7.95, 7],
			"to": [15, 11.95, 9],
			"faces": {
				"north": {"uv": [0, 0.25, 0.25, 1.25], "texture": "#down", "cullface": "north"},
				"east": {"uv": [0.25, 0.25, 0.75, 1.25], "texture": "#down", "cullface": "north"},
				"south": {"uv": [0.75, 0.25, 1, 1.25], "texture": "#down", "cullface": "north"},
				"west": {"uv": [1, 0.25, 1.5, 1.25], "texture": "#down", "cullface": "north"},
				"up": {"uv": [0.25, 0, 0.75, 0.25], "rotation": 180, "texture": "#down", "cullface": "north"},
				"down": {"uv": [0.75, 0, 1.25, 0.25], "texture": "#down", "cullface": "north"}
			}
		},
		{
			"from": [2, 10.2, 2],
			"to": [14, 14.2, 14],
			"rotation": {"angle": 0, "axis": "y", "origin": [8, 12.95, 8]},
			"faces": {
				"north": {"uv": [0, 3.5, 3.5, 4.75], "rotation": 180, "texture": "#down", "cullface": "north"},
				"east": {"uv": [10.5, 3.5, 14, 4.75], "rotation": 180, "texture": "#down", "cullface": "north"},
				"south": {"uv": [7, 3.5, 10.5, 4.75], "rotation": 180, "texture": "#down", "cullface": "north"},
				"west": {"uv": [3.5, 3.5, 7, 4.75], "rotation": 180, "texture": "#down", "cullface": "north"},
				"up": {"uv": [3.5, 4.75, 7, 8.25], "rotation": 90, "texture": "#down", "cullface": "up"},
				"down": {"uv": [3.5, 4.75, 7, 8.25], "texture": "#down"}
			}
		},
		{
			"name": "minecart bottom",
			"from": [-2, 0, 0],
			"to": [18, 2, 16],
			"faces": {
				"north": {"uv": [0.5, 2.5, 5.5, 3], "texture": "#1_texture"},
				"east": {"uv": [0, 3, 0.5, 7], "rotation": 90, "texture": "#1_texture"},
				"south": {"uv": [0.5, 2.5, 5.5, 3], "texture": "#1_texture"},
				"west": {"uv": [0, 3, 0.5, 7], "rotation": 90, "texture": "#1_texture"},
				"up": {"uv": [6, 3, 11, 7], "texture": "#1_texture"},
				"down": {"uv": [0.5, 3, 5.5, 7], "texture": "#1_texture"}
			}
		},
		{
			"name": "minecart side left",
			"from": [0, 2, 0],
			"to": [16, 10, 2],
			"faces": {
				"north": {"uv": [5, 0.5, 9, 2.5], "texture": "#1_texture"},
				"south": {"uv": [0.5, 0.5, 4.5, 2.5], "texture": "#1_texture"},
				"up": {"uv": [0.5, 0, 4.5, 0.5], "texture": "#1_texture"}
			}
		},
		{
			"name": "minecart side bottom",
			"from": [-2, 2, 0],
			"to": [0, 10, 16],
			"faces": {
				"north": {"uv": [4.5, 0.5, 5, 2.5], "texture": "#1_texture"},
				"east": {"uv": [0.5, 0.5, 4.5, 2.5], "texture": "#1_texture"},
				"south": {"uv": [0, 0.5, 0.5, 2.5], "texture": "#1_texture"},
				"west": {"uv": [5, 0.5, 9, 2.5], "texture": "#1_texture"},
				"up": {"uv": [0.5, 0, 4.5, 0.5], "rotation": 270, "texture": "#1_texture"}
			}
		},
		{
			"name": "minecart side bottom",
			"from": [16, 2, 0],
			"to": [18, 10, 16],
			"faces": {
				"north": {"uv": [0, 0.5, 0.5, 2.5], "texture": "#1_texture"},
				"east": {"uv": [5, 0.5, 9, 2.5], "texture": "#1_texture"},
				"south": {"uv": [4.5, 0.5, 5, 2.5], "texture": "#1_texture"},
				"west": {"uv": [0.5, 0.5, 4.5, 2.5], "texture": "#1_texture"},
				"up": {"uv": [0.5, 0, 4.5, 0.5], "rotation": 90, "texture": "#1_texture"}
			}
		},
		{
			"name": "minecart side right",
			"from": [0, 2, 14],
			"to": [16, 10, 16],
			"faces": {
				"north": {"uv": [0.5, 0.5, 4.5, 2.5], "texture": "#1_texture"},
				"south": {"uv": [5, 0.5, 9, 2.5], "texture": "#1_texture"},
				"up": {"uv": [0.5, 0, 4.5, 0.5], "rotation": 180, "texture": "#1_texture"}
			}
		},
		{
			"name": "wheel",
			"from": [12, -1, -0.5],
			"to": [14, 1, 0],
			"rotation": {"angle": 45, "axis": "z", "origin": [13, 0, 8]},
			"faces": {
				"north": {"uv": [11.5, 6.375, 12.125, 7], "rotation": 270, "texture": "#1_texture"},
				"east": {"uv": [11.5, 6.375, 11.625, 6.875], "rotation": 90, "texture": "#1_texture"},
				"south": {"uv": [12.25, 6.375, 12.875, 7], "rotation": 90, "texture": "#1_texture"},
				"west": {"uv": [11.5, 6.375, 11.625, 6.875], "rotation": 90, "texture": "#1_texture"},
				"up": {"uv": [11.5, 6.375, 11.625, 6.875], "rotation": 90, "texture": "#1_texture"},
				"down": {"uv": [11.5, 6.375, 11.625, 6.875], "rotation": 90, "texture": "#1_texture"}
			}
		},
		{
			"name": "wheel",
			"from": [12, -1, 16],
			"to": [14, 1, 16.5],
			"rotation": {"angle": 45, "axis": "z", "origin": [13, 0, 8]},
			"faces": {
				"north": {"uv": [12.25, 6.375, 12.875, 7], "rotation": 270, "texture": "#1_texture"},
				"east": {"uv": [11.5, 6.375, 11.625, 6.875], "rotation": 90, "texture": "#1_texture"},
				"south": {"uv": [11.5, 6.375, 12.125, 7], "rotation": 90, "texture": "#1_texture"},
				"west": {"uv": [11.5, 6.375, 11.625, 6.875], "rotation": 90, "texture": "#1_texture"},
				"up": {"uv": [11.5, 6.375, 11.625, 6.875], "rotation": 90, "texture": "#1_texture"},
				"down": {"uv": [11.5, 6.375, 11.625, 6.875], "rotation": 90, "texture": "#1_texture"}
			}
		},
		{
			"name": "wheel",
			"from": [12.75, -0.25, 0],
			"to": [13.25, 0.25, 16],
			"rotation": {"angle": 45, "axis": "z", "origin": [13, 0, 8]},
			"faces": {
				"east": {"uv": [11.5, 6.125, 15.5, 6.25], "rotation": 90, "texture": "#1_texture"},
				"west": {"uv": [11.5, 6.125, 15.5, 6.25], "rotation": 90, "texture": "#1_texture"},
				"up": {"uv": [11.5, 6.125, 15.5, 6.25], "rotation": 90, "texture": "#1_texture"},
				"down": {"uv": [11.5, 6.125, 15.5, 6.25], "rotation": 90, "texture": "#1_texture"}
			}
		},
		{
			"name": "wheel",
			"from": [2, -1, -0.5],
			"to": [4, 1, 0],
			"rotation": {"angle": 45, "axis": "z", "origin": [3, 0, 8]},
			"faces": {
				"north": {"uv": [11.5, 6.375, 12.125, 7], "texture": "#1_texture"},
				"east": {"uv": [11.5, 6.375, 11.625, 6.875], "texture": "#1_texture"},
				"south": {"uv": [12.25, 6.375, 12.875, 7], "texture": "#1_texture"},
				"west": {"uv": [11.5, 6.375, 11.625, 6.875], "texture": "#1_texture"},
				"up": {"uv": [11.5, 6.375, 11.625, 6.875], "texture": "#1_texture"},
				"down": {"uv": [11.5, 6.375, 11.625, 6.875], "texture": "#1_texture"}
			}
		},
		{
			"name": "wheel",
			"from": [2.75, -0.25, 0],
			"to": [3.25, 0.25, 16],
			"rotation": {"angle": 45, "axis": "z", "origin": [3, 0, 8]},
			"faces": {
				"east": {"uv": [11.5, 6.125, 15.5, 6.25], "texture": "#1_texture"},
				"west": {"uv": [11.5, 6.125, 15.5, 6.25], "texture": "#1_texture"},
				"up": {"uv": [11.5, 6.125, 15.5, 6.25], "texture": "#1_texture"},
				"down": {"uv": [11.5, 6.125, 15.5, 6.25], "texture": "#1_texture"}
			}
		},
		{
			"name": "wheel",
			"from": [2, -1, 16],
			"to": [4, 1, 16.5],
			"rotation": {"angle": 45, "axis": "z", "origin": [3, 0, 8]},
			"faces": {
				"north": {"uv": [12.25, 6.375, 12.875, 7], "texture": "#1_texture"},
				"east": {"uv": [11.5, 6.375, 11.625, 6.875], "texture": "#1_texture"},
				"south": {"uv": [11.5, 6.375, 12.125, 7], "texture": "#1_texture"},
				"west": {"uv": [11.5, 6.375, 11.625, 6.875], "texture": "#1_texture"},
				"up": {"uv": [11.5, 6.375, 11.625, 6.875], "texture": "#1_texture"},
				"down": {"uv": [11.5, 6.375, 11.625, 6.875], "texture": "#1_texture"}
			}
		}
	],
	"display": {
		"thirdperson_righthand": {
			"rotation": [0, 90, 45],
			"translation": [0, 3, 1],
			"scale": [0.325, 0.325, 0.325]
		},
		"thirdperson_lefthand": {
			"rotation": [0, 90, 45],
			"translation": [0, 3, 1],
			"scale": [0.325, 0.325, 0.325]
		},
		"firstperson_righthand": {
			"rotation": [0, -45, 0],
			"scale": [0.4, 0.4, 0.4]
		},
		"firstperson_lefthand": {
			"rotation": [0, -45, 0],
			"scale": [0.4, 0.4, 0.4]
		},
		"ground": {
			"translation": [0, 3, 0],
			"scale": [0.25, 0.25, 0.25]
		},
		"gui": {
			"rotation": [30, 225, 0],
			"scale": [0.625, 0.625, 0.625]
		},
		"head": {
			"rotation": [0, 90, -152],
			"translation": [0, 3.25, 0]
		},
		"fixed": {
			"scale": [0.5, 0.5, 0.5]
		}
	},
	"groups": [0, 1, 2,
		{
			"name": "minecart",
			"origin": [8, 8, 8],
			"color": 0,
			"children": [3, 4, 5, 6, 7, 8, 9, 10, 11, 12, 13]
		}
	]
}