{
	"credit": "Made with Blockbench",
	"parent": "block/door_bottom",
	"gui_light": "front",
	"display": {
		"thirdperson_righthand": {
			"rotation": [0, -90, 0],
			"translation": [0, 0.75, 2.5],
			"scale": [0.275, 0.275, 0.275]
		},
		"thirdperson_lefthand": {
			"rotation": [0, 90, 0],
			"translation": [0, 0.75, 2.5],
			"scale": [0.275, 0.275, 0.275]
		},
		"firstperson_righthand": {
			"rotation": [-30, -180, 0],
			"translation": [-1.75, 0.5, 3.5],
			"scale": [0.36, 0.36, 0.36]
		},
		"firstperson_lefthand": {
			"rotation": [-30, 0, 0],
			"translation": [-1.75, 0.5, 3.5],
			"scale": [0.36, 0.36, 0.36]
		},
		"ground": {
			"rotation": [0, 0, 90],
			"translation": [2.5, 2, 0],
			"scale": [0.25, 0.25, 0.25]
		},
		"gui": {
			"rotation": [0, 90, 0],
			"translation": [0, -4.25, 0],
			"scale": [0.45, 0.45, 0.45]
		},
		"head": {
			"rotation": [0, 180, 0],
			"translation": [0, 11.25, 7],
			"scale": [0.6, 0.6, 0.6]
		},
		"fixed": {
			"rotation": [0, 90, 0],
			"translation": [0, -4, -3],
			"scale": [0.5, 0.5, 0.5]
		}
	}
}