{
	"credit": "Made with Blockbench by Juknum",
	"texture_size": [128, 128],
	"textures": {
		"0": "minecraft:block/walls_template",
		"particle": "minecraft:block/walls_particles"
	},
	"elements": [
		{
			"from": [5, 0, 0],
			"to": [11, 16, 5],
			"faces": {
				"north": {"uv": [12.625, 2, 13.375, 4], "texture": "#0"},
				"east": {"uv": [9.375, 4, 10, 6], "texture": "#0"},
				"west": {"uv": [6, 4, 6.625, 6], "texture": "#0"},
				"up": {"uv": [12.625, 4, 13.375, 4.625], "texture": "#0"},
				"down": {"uv": [1.375, 5.375, 0.625, 6], "texture": "#0"}
			}
		}
	]
}