{
	"credit": "Made with Blockbench by Juknum",
	"texture_size": [128, 128],
	"textures": {
		"0": "minecraft:block/walls_template",
		"particle": "minecraft:block/walls_particles"
	},
	"elements": [
		{
			"from": [5, 0, 0],
			"to": [11, 14, 5],
			"faces": {
				"north": {"uv": [10.625, 2.25, 11.375, 4], "texture": "#0"},
				"east": {"uv": [5.375, 4.25, 6, 6], "texture": "#0"},
				"west": {"uv": [2, 4.25, 2.625, 6], "texture": "#0"},
				"up": {"uv": [12.625, 4, 13.375, 4.625], "texture": "#0"},
				"down": {"uv": [0.625, 5.375, 1.375, 6], "texture": "#0"}
			}
		}
	]
}