{
	"credit": "Made by Juknum with Blockbench",
	"ambientocclusion": false,
	"texture_size": [32, 32],
	"textures": {
		"2": "minecraft:block/rail_special",
		"particle": "minecraft:block/powered_rail"
	},
	"elements": [
		{
			"from": [7, 5.5, 9.2],
			"to": [9, 6, 11.2],
			"rotation": {"angle": 45, "axis": "x", "origin": [8, 0.5, 8]},
			"faces": {
				"east": {"uv": [1.75, 8, 2, 9], "texture": "#2"},
				"west": {"uv": [1, 8, 1.25, 9], "rotation": 90, "texture": "#2"},
				"up": {"uv": [1, 8, 2, 9], "texture": "#2"},
				"down": {"uv": [1, 10, 2, 11], "texture": "#2"}
			}
		},
		{
			"from": [7, 5.5, 5.2],
			"to": [9, 6, 7.2],
			"rotation": {"angle": 45, "axis": "x", "origin": [8, 0.5, 8]},
			"faces": {
				"east": {"uv": [1.75, 8, 2, 9], "texture": "#2"},
				"west": {"uv": [1, 8, 1.25, 9], "rotation": 90, "texture": "#2"},
				"up": {"uv": [1, 10, 2, 11], "texture": "#2"},
				"down": {"uv": [1, 8, 2, 9], "texture": "#2"}
			}
		},
		{
			"from": [7, 5.5, 1.2],
			"to": [9, 6, 3.2],
			"rotation": {"angle": 45, "axis": "x", "origin": [8, 0.5, 8]},
			"faces": {
				"east": {"uv": [1.75, 8, 2, 9], "texture": "#2"},
				"west": {"uv": [1, 8, 1.25, 9], "rotation": 90, "texture": "#2"},
				"up": {"uv": [1, 12, 2, 13], "texture": "#2"},
				"down": {"uv": [1, 10, 2, 11], "texture": "#2"}
			}
		},
		{
			"from": [7, 5.5, -2.8],
			"to": [9, 6, -0.8],
			"rotation": {"angle": 45, "axis": "x", "origin": [8, 0.5, 8]},
			"faces": {
				"east": {"uv": [1.75, 8, 2, 9], "texture": "#2"},
				"west": {"uv": [1, 8, 1.25, 9], "rotation": 90, "texture": "#2"},
				"up": {"uv": [1, 12, 2, 13], "texture": "#2"},
				"down": {"uv": [1, 12, 2, 13], "texture": "#2"}
			}
		},
		{
			"from": [7, 5.5, -6.8],
			"to": [9, 6, -4.8],
			"rotation": {"angle": 45, "axis": "x", "origin": [8, 0.5, 8]},
			"faces": {
				"east": {"uv": [1.75, 8, 2, 9], "texture": "#2"},
				"west": {"uv": [1, 8, 1.25, 9], "rotation": 90, "texture": "#2"},
				"up": {"uv": [1, 10, 2, 11], "texture": "#2"},
				"down": {"uv": [1, 10, 2, 11], "texture": "#2"}
			}
		},
		{
			"from": [4, 6, 11.175],
			"to": [5.5, 6.5, 13.175],
			"rotation": {"angle": 45, "axis": "x", "origin": [8, 0.5, 8]},
			"faces": {
				"north": {"uv": [1.5, 7, 2.25, 7.25], "texture": "#2"},
				"east": {"uv": [2, 7, 2.25, 8], "rotation": 90, "texture": "#2"},
				"south": {"uv": [1.5, 7.75, 2.25, 8], "texture": "#2"},
				"up": {"uv": [1.5, 7, 2.25, 8], "texture": "#2"}
			}
		},
		{
			"from": [10.5, 6, 11.175],
			"to": [12, 6.5, 13.175],
			"rotation": {"angle": 45, "axis": "x", "origin": [8, 0.5, 8]},
			"faces": {
				"north": {"uv": [1.5, 7, 2.25, 7.25], "texture": "#2"},
				"south": {"uv": [2.25, 7.75, 3, 8], "texture": "#2"},
				"west": {"uv": [2.25, 7, 2.5, 8], "rotation": 90, "texture": "#2"},
				"up": {"uv": [2.25, 7, 3, 8], "texture": "#2"}
			}
		},
		{
			"from": [10.5, 6, 7.175],
			"to": [12, 6.5, 9.175],
			"rotation": {"angle": 45, "axis": "x", "origin": [8, 0.5, 8]},
			"faces": {
				"north": {"uv": [1.5, 7, 2.25, 7.25], "texture": "#2"},
				"south": {"uv": [2.25, 7.75, 3, 8], "texture": "#2"},
				"west": {"uv": [2.25, 7, 2.5, 8], "rotation": 90, "texture": "#2"},
				"up": {"uv": [2.25, 9, 3, 10], "texture": "#2"}
			}
		},
		{
			"from": [10.5, 6, 3.175],
			"to": [12, 6.5, 5.175],
			"rotation": {"angle": 45, "axis": "x", "origin": [8, 0.5, 8]},
			"faces": {
				"north": {"uv": [1.5, 7, 2.25, 7.25], "texture": "#2"},
				"south": {"uv": [2.25, 7.75, 3, 8], "texture": "#2"},
				"west": {"uv": [2.25, 7, 2.5, 8], "rotation": 90, "texture": "#2"},
				"up": {"uv": [2.25, 11, 3, 12], "texture": "#2"}
			}
		},
		{
			"from": [10.5, 6, -0.825],
			"to": [12, 6.5, 1.175],
			"rotation": {"angle": 45, "axis": "x", "origin": [8, 0.5, 8]},
			"faces": {
				"north": {"uv": [1.5, 7, 2.25, 7.25], "texture": "#2"},
				"south": {"uv": [2.25, 7.75, 3, 8], "texture": "#2"},
				"west": {"uv": [2.25, 7, 2.5, 8], "rotation": 90, "texture": "#2"},
				"up": {"uv": [2.25, 11, 3, 12], "texture": "#2"}
			}
		},
		{
			"from": [10.5, 6, -4.825],
			"to": [12, 6.5, -2.825],
			"rotation": {"angle": 45, "axis": "x", "origin": [8, 0.5, 8]},
			"faces": {
				"north": {"uv": [1.5, 7, 2.25, 7.25], "texture": "#2"},
				"south": {"uv": [2.25, 7.75, 3, 8], "texture": "#2"},
				"west": {"uv": [2.25, 7, 2.5, 8], "rotation": 90, "texture": "#2"},
				"up": {"uv": [2.25, 13, 3, 14], "texture": "#2"}
			}
		},
		{
			"from": [10.5, 6, -8.825],
			"to": [12, 6.5, -6.825],
			"rotation": {"angle": 45, "axis": "x", "origin": [8, 0.5, 8]},
			"faces": {
				"north": {"uv": [1.5, 7, 2.25, 7.25], "texture": "#2"},
				"south": {"uv": [2.25, 7.75, 3, 8], "texture": "#2"},
				"west": {"uv": [2.25, 7, 2.5, 8], "rotation": 90, "texture": "#2"},
				"up": {"uv": [2.25, 7, 3, 8], "texture": "#2"}
			}
		},
		{
			"from": [4, 6, 7.175],
			"to": [5.5, 6.5, 9.175],
			"rotation": {"angle": 45, "axis": "x", "origin": [8, 0.5, 8]},
			"faces": {
				"north": {"uv": [1.5, 7, 2.25, 7.25], "texture": "#2"},
				"east": {"uv": [2, 7, 2.25, 8], "rotation": 90, "texture": "#2"},
				"south": {"uv": [1.5, 7.75, 2.25, 8], "texture": "#2"},
				"up": {"uv": [1.5, 9, 2.25, 10], "texture": "#2"}
			}
		},
		{
			"from": [4, 6, 3.175],
			"to": [5.5, 6.5, 5.175],
			"rotation": {"angle": 45, "axis": "x", "origin": [8, 0.5, 8]},
			"faces": {
				"north": {"uv": [1.5, 7, 2.25, 7.25], "texture": "#2"},
				"east": {"uv": [2, 7, 2.25, 8], "rotation": 90, "texture": "#2"},
				"south": {"uv": [1.5, 7.75, 2.25, 8], "texture": "#2"},
				"up": {"uv": [1.5, 11, 2.25, 12], "texture": "#2"}
			}
		},
		{
			"from": [4, 6, -0.825],
			"to": [5.5, 6.5, 1.175],
			"rotation": {"angle": 45, "axis": "x", "origin": [8, 0.5, 8]},
			"faces": {
				"north": {"uv": [1.5, 7, 2.25, 7.25], "texture": "#2"},
				"east": {"uv": [2, 7, 2.25, 8], "rotation": 90, "texture": "#2"},
				"south": {"uv": [1.5, 7.75, 2.25, 8], "texture": "#2"},
				"up": {"uv": [1.5, 13, 2.25, 14], "texture": "#2"}
			}
		},
		{
			"from": [11.5, 6.88299, -9.57538],
			"to": [12, 7.38299, 13.42462],
			"rotation": {"angle": 45, "axis": "x", "origin": [8, 0.88299, 7.42462]},
			"faces": {
				"north": {"uv": [15, 0, 15.25, 0.25], "texture": "#2"},
				"east": {"uv": [15.25, 0, 15.5, 11.325], "rotation": 90, "texture": "#2"},
				"south": {"uv": [15, 0, 15.25, 0.25], "texture": "#2"},
				"west": {"uv": [15.25, 0, 15.5, 11.325], "rotation": 270, "texture": "#2"},
				"up": {"uv": [15.25, 0, 15.5, 11.325], "texture": "#2"},
				"down": {"uv": [15.25, 0, 15.5, 11.325], "rotation": 180, "texture": "#2"}
			}
		},
		{
			"from": [4, 6.88299, -9.57538],
			"to": [4.5, 7.38299, 13.42462],
			"rotation": {"angle": 45, "axis": "x", "origin": [8, 0.88299, 7.42462]},
			"faces": {
				"north": {"uv": [15, 0, 15.25, 0.25], "texture": "#2"},
				"east": {"uv": [15, 0, 15.25, 11.5], "rotation": 90, "texture": "#2"},
				"south": {"uv": [15, 1, 15.25, 1.25], "texture": "#2"},
				"west": {"uv": [15, 0, 15.25, 11.5], "rotation": 270, "texture": "#2"},
				"up": {"uv": [15, 0, 15.25, 11.5], "texture": "#2"},
				"down": {"uv": [15, 0, 15.25, 11.5], "rotation": 180, "texture": "#2"}
			}
		},
		{
			"from": [4, 6, -4.825],
			"to": [5.5, 6.5, -2.825],
			"rotation": {"angle": 45, "axis": "x", "origin": [8, 0.5, 8]},
			"faces": {
				"north": {"uv": [1.5, 7, 2.25, 7.25], "texture": "#2"},
				"east": {"uv": [2, 7, 2.25, 8], "rotation": 90, "texture": "#2"},
				"south": {"uv": [1.5, 7.75, 2.25, 8], "texture": "#2"},
				"up": {"uv": [1.5, 11, 2.25, 12], "texture": "#2"}
			}
		},
		{
			"from": [4, 6, -8.825],
			"to": [5.5, 6.5, -6.825],
			"rotation": {"angle": 45, "axis": "x", "origin": [8, 0.5, 8]},
			"faces": {
				"north": {"uv": [1.5, 7, 2.25, 7.25], "texture": "#2"},
				"east": {"uv": [2, 7, 2.25, 8], "rotation": 90, "texture": "#2"},
				"south": {"uv": [1.5, 7.75, 2.25, 8], "texture": "#2"},
				"up": {"uv": [1.5, 9, 2.25, 10], "texture": "#2"}
			}
		}
	],
	"groups": [
		{
			"name": "group",
			"origin": [8, 8, 8],
			"children": [0, 1, 2, 3, 4, 5, 6, 7, 8, 9, 10, 11, 12, 13, 14, 15, 16, 17, 18]
		}
	]
}