{
    "variants": {
        "": [
            { "model": "block/lily_pad/0"},
            { "model": "block/lily_pad/0", "y": 90},
            { "model": "block/lily_pad/0", "y": 180},
            { "model": "block/lily_pad/0", "y": 270},
            { "model": "block/lily_pad/1"},
            { "model": "block/lily_pad/1", "y": 90},
            { "model": "block/lily_pad/1", "y": 180},
            { "model": "block/lily_pad/1", "y": 270},
            { "model": "block/lily_pad/2"},
            { "model": "block/lily_pad/2", "y": 90},
            { "model": "block/lily_pad/2", "y": 180},
            { "model": "block/lily_pad/2", "y": 270},
            { "model": "block/lily_pad/3"},
            { "model": "block/lily_pad/3", "y": 90},
            { "model": "block/lily_pad/3", "y": 180},
            { "model": "block/lily_pad/3", "y": 270},
            { "model": "block/lily_pad/4"},
            { "model": "block/lily_pad/4", "y": 90},
            { "model": "block/lily_pad/4", "y": 180},
            { "model": "block/lily_pad/4", "y": 270},
            { "model": "block/lily_pad/5"},
            { "model": "block/lily_pad/5", "y": 90},
            { "model": "block/lily_pad/5", "y": 180},
            { "model": "block/lily_pad/5", "y": 270},
            { "model": "block/lily_pad/6"},
            { "model": "block/lily_pad/6", "y": 90},
            { "model": "block/lily_pad/6", "y": 180},
            { "model": "block/lily_pad/6", "y": 270},
            { "model": "block/lily_pad/7"},
            { "model": "block/lily_pad/7", "y": 90},
            { "model": "block/lily_pad/7", "y": 180},
            { "model": "block/lily_pad/7", "y": 270},
            { "model": "block/lily_pad/8"},
            { "model": "block/lily_pad/8", "y": 90},
            { "model": "block/lily_pad/8", "y": 180},
            { "model": "block/lily_pad/8", "y": 270},
            { "model": "block/lily_pad/9"},
            { "model": "block/lily_pad/9", "y": 90},
            { "model": "block/lily_pad/9", "y": 180},
            { "model": "block/lily_pad/9", "y": 270},
            { "model": "block/lily_pad/10"},
            { "model": "block/lily_pad/10", "y": 90},
            { "model": "block/lily_pad/10", "y": 180},
            { "model": "block/lily_pad/10", "y": 270},
            { "model": "block/lily_pad/11"},
            { "model": "block/lily_pad/11", "y": 90},
            { "model": "block/lily_pad/11", "y": 180},
            { "model": "block/lily_pad/11", "y": 270},
            { "model": "block/lily_pad/12"},
            { "model": "block/lily_pad/12", "y": 90},
            { "model": "block/lily_pad/12", "y": 180},
            { "model": "block/lily_pad/12", "y": 270}
        ]
    }
}
