{
	"credit": "Made with Blockbench by Juknum",
	"texture_size": [128, 128],
	"textures": {
		"0": "minecraft:block/walls_template",
		"particle": "minecraft:block/walls_particles"
	},
	"elements": [
		{
			"from": [5, 0, 5],
			"to": [11, 16, 11],
			"rotation": {"angle": 0, "axis": "y", "origin": [8, 8, 8]},
			"faces": {
				"east": {"uv": [1.375, 8, 0.625, 10], "texture": "#0"},
				"south": {"uv": [1.375, 8, 0.625, 10], "texture": "#0"},
				"west": {"uv": [4.625, 8, 5.375, 10], "texture": "#0"},
				"up": {"uv": [0.625, 6.625, 1.375, 7.375], "texture": "#0"},
				"down": {"uv": [5.375, 6.625, 4.625, 7.375], "texture": "#0"}
			}
		}
	]
}