{
	"credit": "Made with Blockbench by Juknum",
	"texture_size": [128, 128],
	"textures": {
		"0": "minecraft:block/walls_template",
		"particle": "minecraft:block/walls_particles"
	},
	"elements": [
		{
			"from": [5, 0, 5],
			"to": [11, 16, 11],
			"faces": {
				"east": {"uv": [6.625, 6, 7.375, 8], "texture": "#0"},
				"west": {"uv": [6.625, 6, 7.375, 8], "texture": "#0"},
				"up": {"uv": [10.625, 6.625, 11.375, 7.375], "texture": "#0"},
				"down": {"uv": [15.375, 6.625, 14.625, 7.375], "texture": "#0"}
			}
		}
	]
}