{
	"credit": "Made with Blockbench by Juknum",
	"textures": {
		"0": "minecraft:block/ladder",
		"particle": "minecraft:block/ladder"
	},
	"elements": [
		{
			"from": [2, 0, 0],
			"to": [4, 16, 2],
			"faces": {
				"north": {"uv": [2, 0, 4, 16], "texture": "#0", "cullface": "north"},
				"east": {"uv": [2, 0, 4, 16], "texture": "#0"},
				"south": {"uv": [2, 0, 4, 16], "texture": "#0"},
				"west": {"uv": [2, 0, 4, 16], "texture": "#0"},
				"up": {"uv": [2, 1, 4, 3], "texture": "#0", "cullface": "up"},
				"down": {"uv": [2, 13, 4, 15], "texture": "#0", "cullface": "down"}
			}
		},
		{
			"from": [12, 0, 0],
			"to": [14, 16, 2],
			"faces": {
				"north": {"uv": [12, 0, 14, 16], "texture": "#0", "cullface": "north"},
				"east": {"uv": [12, 0, 14, 16], "texture": "#0"},
				"south": {"uv": [12, 0, 14, 16], "texture": "#0"},
				"west": {"uv": [12, 0, 14, 16], "texture": "#0"},
				"up": {"uv": [12, 1, 14, 3], "texture": "#0", "cullface": "up"},
				"down": {"uv": [12, 13, 14, 15], "texture": "#0", "cullface": "down"}
			}
		},
		{
			"from": [1, 1, 2],
			"to": [15, 3, 3],
			"faces": {
				"north": {"uv": [1, 13, 15, 15], "texture": "#0"},
				"east": {"uv": [12.5, 13, 13.5, 15], "texture": "#0"},
				"south": {"uv": [1, 13, 15, 15], "texture": "#0"},
				"west": {"uv": [2.5, 13, 3.5, 15], "texture": "#0"},
				"up": {"uv": [1, 13.5, 15, 14.5], "texture": "#0"},
				"down": {"uv": [1, 14, 15, 15], "texture": "#0"}
			}
		},
		{
			"from": [1, 5, 2],
			"to": [15, 7, 3],
			"faces": {
				"north": {"uv": [1, 9, 15, 11], "texture": "#0"},
				"east": {"uv": [12.5, 9, 13.5, 11], "texture": "#0"},
				"south": {"uv": [1, 9, 15, 11], "texture": "#0"},
				"west": {"uv": [2.5, 9, 3.5, 11], "texture": "#0"},
				"up": {"uv": [1, 9.5, 15, 10.5], "texture": "#0"},
				"down": {"uv": [1, 10, 15, 11], "texture": "#0"}
			}
		},
		{
			"from": [1, 9, 2],
			"to": [15, 11, 3],
			"faces": {
				"north": {"uv": [1, 5, 15, 7], "texture": "#0"},
				"east": {"uv": [12.5, 5, 13.5, 7], "texture": "#0"},
				"south": {"uv": [1, 5, 15, 7], "texture": "#0"},
				"west": {"uv": [2.5, 5, 3.5, 7], "texture": "#0"},
				"up": {"uv": [1, 5.5, 15, 6.5], "texture": "#0"},
				"down": {"uv": [1, 6, 15, 7], "texture": "#0"}
			}
		},
		{
			"from": [1, 13, 2],
			"to": [15, 15, 3],
			"faces": {
				"north": {"uv": [1, 1, 15, 3], "texture": "#0"},
				"east": {"uv": [12.5, 1, 13.5, 3], "texture": "#0"},
				"south": {"uv": [1, 1, 15, 3], "texture": "#0"},
				"west": {"uv": [2.5, 1, 3.5, 3], "texture": "#0"},
				"up": {"uv": [1, 1.5, 15, 2.5], "texture": "#0"},
				"down": {"uv": [1, 2, 15, 3], "texture": "#0"}
			}
		}
	],
	"gui_light": "front",
	"display": {
		"thirdperson_righthand": {
			"rotation": [75, 90, 135],
			"translation": [2.5, 2.5, 0],
			"scale": [0.375, 0.375, 0.375]
		},
		"thirdperson_lefthand": {
			"rotation": [75, 90, 135],
			"translation": [-2.5, 2.5, 0],
			"scale": [0.375, 0.375, -0.375]
		},
		"firstperson_righthand": {
			"rotation": [0, -90, 25],
			"translation": [-3.5, 3.5, 1.13],
			"scale": [0.68, 0.68, 0.68]
		},
		"firstperson_lefthand": {
			"rotation": [0, -90, 25],
			"translation": [-3.5, 3.5, 1.13],
			"scale": [0.68, 0.68, 0.68]
		},
		"ground": {
			"translation": [0, 3, 0],
			"scale": [0.25, 0.25, 0.25]
		},
		"head": {
			"rotation": [0, -180, 0]
		},
		"fixed": {
			"rotation": [0, 180, 0],
			"translation": [0, 0, -7.5]
		}
	}
}