{
	"credit": "Made with Blockbench",
	"textures": {
		"0": "block/lily_pad2",
		"particle": "block/lily_pad2"
	},
	"elements": [
		{
			"name": "lily_pad_0",
			"from": [5, 0, 3],
			"to": [6, 0.5, 12.5],
			"faces": {
				"north": {"uv": [6, 3, 5, 3.5], "texture": "#0", "tintindex": 0},
				"south": {"uv": [5, 12, 6, 12.5], "texture": "#0", "tintindex": 0},
				"west": {"uv": [5, 3, 5.5, 12.5], "rotation": 270, "texture": "#0", "tintindex": 0},
				"up": {"uv": [5, 3, 6, 12.5], "texture": "#0", "tintindex": 0},
				"down": {"uv": [5, 12.5, 6, 3], "texture": "#0", "tintindex": 0}
			}
		},
		{
			"name": "lily_pad_1",
			"from": [10.5, 0, 3],
			"to": [11.5, 0.5, 12.5],
			"faces": {
				"north": {"uv": [11.5, 3, 10.5, 3.5], "texture": "#0", "tintindex": 0},
				"east": {"uv": [11, 3, 11.5, 12.5], "rotation": 90, "texture": "#0", "tintindex": 0},
				"south": {"uv": [10.5, 12, 11.5, 12.5], "texture": "#0", "tintindex": 0},
				"up": {"uv": [10.5, 3, 11.5, 12.5], "texture": "#0", "tintindex": 0},
				"down": {"uv": [10.5, 12.5, 11.5, 3], "texture": "#0", "tintindex": 0}
			}
		},
		{
			"name": "lily_pad_2",
			"from": [4, 0, 4],
			"to": [4.5, 0.5, 11.5],
			"faces": {
				"north": {"uv": [4.5, 4, 4, 4.5], "texture": "#0", "tintindex": 0},
				"south": {"uv": [4, 11, 4.5, 11.5], "texture": "#0", "tintindex": 0},
				"west": {"uv": [4, 4, 4.5, 11.5], "rotation": 270, "texture": "#0", "tintindex": 0},
				"up": {"uv": [4, 4, 4.5, 11.5], "texture": "#0", "tintindex": 0},
				"down": {"uv": [4, 11.5, 4.5, 4], "texture": "#0", "tintindex": 0}
			}
		},
		{
			"name": "lily_pad_3",
			"from": [4.5, 0, 3.5],
			"to": [5, 0.5, 12],
			"faces": {
				"north": {"uv": [5, 3.5, 4.5, 4], "texture": "#0", "tintindex": 0},
				"south": {"uv": [4.5, 11.5, 5, 12], "texture": "#0", "tintindex": 0},
				"west": {"uv": [4.5, 3.5, 5, 12], "rotation": 270, "texture": "#0", "tintindex": 0},
				"up": {"uv": [4.5, 3.5, 5, 12], "texture": "#0", "tintindex": 0},
				"down": {"uv": [4.5, 12, 5, 3.5], "texture": "#0", "tintindex": 0}
			}
		},
		{
			"name": "lily_pad_5",
			"from": [12, 0, 4],
			"to": [12.5, 0.5, 11.5],
			"faces": {
				"north": {"uv": [12.5, 4, 12, 4.5], "texture": "#0", "tintindex": 0},
				"east": {"uv": [12, 4, 12.5, 11.5], "rotation": 90, "texture": "#0", "tintindex": 0},
				"south": {"uv": [12, 11, 12.5, 11.5], "texture": "#0", "tintindex": 0},
				"up": {"uv": [12, 4, 12.5, 11.5], "texture": "#0", "tintindex": 0},
				"down": {"uv": [12, 11.5, 12.5, 4], "texture": "#0", "tintindex": 0}
			}
		},
		{
			"name": "lily_pad_6",
			"from": [11.5, 0, 3.5],
			"to": [12, 0.5, 12],
			"faces": {
				"north": {"uv": [12, 3.5, 11.5, 4], "texture": "#0", "tintindex": 0},
				"east": {"uv": [11.5, 3.5, 12, 12], "rotation": 90, "texture": "#0", "tintindex": 0},
				"south": {"uv": [11.5, 11.5, 12, 12], "texture": "#0", "tintindex": 0},
				"up": {"uv": [11.5, 3.5, 12, 12], "texture": "#0", "tintindex": 0},
				"down": {"uv": [11.5, 12, 12, 3.5], "texture": "#0", "tintindex": 0}
			}
		},
		{
			"name": "lily_pad_6",
			"from": [3.5, 0, 4.5],
			"to": [4, 0.5, 10.5],
			"faces": {
				"north": {"uv": [4, 4.5, 3.5, 5], "texture": "#0", "tintindex": 0},
				"south": {"uv": [3.5, 10, 4, 10.5], "texture": "#0", "tintindex": 0},
				"west": {"uv": [3.5, 4.5, 4, 10.5], "rotation": 270, "texture": "#0", "tintindex": 0},
				"up": {"uv": [3.5, 4.5, 4, 10.5], "texture": "#0", "tintindex": 0},
				"down": {"uv": [3.5, 10.5, 4, 4.5], "texture": "#0", "tintindex": 0}
			}
		},
		{
			"name": "lily_pad_7",
			"from": [6, 0, 3],
			"to": [7, 0.5, 13],
			"faces": {
				"north": {"uv": [7, 3, 6, 3.5], "texture": "#0", "tintindex": 0},
				"east": {"uv": [6.5, 3, 7, 13], "rotation": 90, "texture": "#0", "tintindex": 0},
				"south": {"uv": [6, 12.5, 7, 13], "texture": "#0", "tintindex": 0},
				"west": {"uv": [6, 3, 6.5, 13], "rotation": 90, "texture": "#0", "tintindex": 0},
				"up": {"uv": [6, 3, 7, 13], "texture": "#0", "tintindex": 0},
				"down": {"uv": [6, 13, 7, 3], "texture": "#0", "tintindex": 0}
			}
		},
		{
			"name": "lily_pad_8",
			"from": [9.5, 0, 3],
			"to": [10.5, 0.5, 13],
			"faces": {
				"north": {"uv": [10.5, 3, 9.5, 3.5], "texture": "#0", "tintindex": 0},
				"east": {"uv": [10, 3, 10.5, 13], "rotation": 270, "texture": "#0", "tintindex": 0},
				"south": {"uv": [9.5, 12.5, 10.5, 13], "texture": "#0", "tintindex": 0},
				"west": {"uv": [9.5, 3, 10, 13], "rotation": 270, "texture": "#0", "tintindex": 0},
				"up": {"uv": [9.5, 3, 10.5, 13], "texture": "#0", "tintindex": 0},
				"down": {"uv": [9.5, 13, 10.5, 3], "texture": "#0", "tintindex": 0}
			}
		},
		{
			"name": "lily_pad_9",
			"from": [12.5, 0, 4.5],
			"to": [13, 0.5, 10.5],
			"faces": {
				"north": {"uv": [13, 4.5, 12.5, 5], "texture": "#0", "tintindex": 0},
				"east": {"uv": [12.5, 4.5, 13, 10.5], "rotation": 90, "texture": "#0", "tintindex": 0},
				"south": {"uv": [12.5, 10, 13, 10.5], "texture": "#0", "tintindex": 0},
				"up": {"uv": [12.5, 4.5, 13, 10.5], "texture": "#0", "tintindex": 0},
				"down": {"uv": [12.5, 10.5, 13, 4.5], "texture": "#0", "tintindex": 0}
			}
		},
		{
			"name": "lily_pad_10",
			"from": [3, 0, 6],
			"to": [3.5, 0.5, 9],
			"faces": {
				"north": {"uv": [3.5, 6, 3, 6.5], "texture": "#0", "tintindex": 0},
				"south": {"uv": [3, 8.5, 3.5, 9], "texture": "#0", "tintindex": 0},
				"west": {"uv": [3, 6, 3.5, 9], "rotation": 270, "texture": "#0", "tintindex": 0},
				"up": {"uv": [3, 6, 3.5, 9], "texture": "#0", "tintindex": 0},
				"down": {"uv": [3, 9, 3.5, 6], "texture": "#0", "tintindex": 0}
			}
		},
		{
			"name": "lily_pad_11",
			"from": [13, 0, 6],
			"to": [13.5, 0.5, 9],
			"faces": {
				"north": {"uv": [13.5, 6, 13, 6.5], "texture": "#0", "tintindex": 0},
				"east": {"uv": [13, 6, 13.5, 9], "rotation": 90, "texture": "#0", "tintindex": 0},
				"south": {"uv": [13, 8.5, 13.5, 9], "texture": "#0", "tintindex": 0},
				"up": {"uv": [13, 6, 13.5, 9], "texture": "#0", "tintindex": 0},
				"down": {"uv": [13, 9, 13.5, 6], "texture": "#0", "tintindex": 0}
			}
		},
		{
			"name": "lily_pad_12",
			"from": [7, 0, 3.5],
			"to": [7.5, 0.5, 13],
			"faces": {
				"north": {"uv": [7.5, 3.5, 7, 4], "texture": "#0", "tintindex": 0},
				"east": {"uv": [7, 3.5, 7.5, 13], "rotation": 90, "texture": "#0", "tintindex": 0},
				"south": {"uv": [7, 12.5, 7.5, 13], "texture": "#0", "tintindex": 0},
				"up": {"uv": [7, 3.5, 7.5, 13], "texture": "#0", "tintindex": 0},
				"down": {"uv": [7, 13, 7.5, 3.5], "texture": "#0", "tintindex": 0}
			}
		},
		{
			"name": "lily_pad_13",
			"from": [9, 0, 3.5],
			"to": [9.5, 0.5, 13],
			"faces": {
				"north": {"uv": [9.5, 3.5, 9, 4], "texture": "#0", "tintindex": 0},
				"south": {"uv": [9, 12.5, 9.5, 13], "texture": "#0", "tintindex": 0},
				"west": {"uv": [9, 3.5, 9.5, 13], "rotation": 270, "texture": "#0", "tintindex": 0},
				"up": {"uv": [9, 3.5, 9.5, 13], "texture": "#0", "tintindex": 0},
				"down": {"uv": [9, 13, 9.5, 3.5], "texture": "#0", "tintindex": 0}
			}
		},
		{
			"name": "lily_pad_16",
			"from": [7.5, 0, 4.5],
			"to": [8, 0.5, 13],
			"faces": {
				"north": {"uv": [8, 4.5, 7.5, 5], "texture": "#0", "tintindex": 0},
				"east": {"uv": [7.5, 4.5, 8, 13], "rotation": 90, "texture": "#0", "tintindex": 0},
				"south": {"uv": [7.5, 12.5, 8, 13], "texture": "#0", "tintindex": 0},
				"up": {"uv": [7.5, 4.5, 8, 13], "texture": "#0", "tintindex": 0},
				"down": {"uv": [7.5, 13, 8, 4.5], "texture": "#0", "tintindex": 0}
			}
		},
		{
			"name": "lily_pad_17",
			"from": [8.5, 0, 4.5],
			"to": [9, 0.5, 13],
			"faces": {
				"north": {"uv": [9, 4.5, 8.5, 5], "texture": "#0", "tintindex": 0},
				"south": {"uv": [8.5, 12.5, 9, 13], "texture": "#0", "tintindex": 0},
				"west": {"uv": [8.5, 4.5, 9, 13], "rotation": 270, "texture": "#0", "tintindex": 0},
				"up": {"uv": [8.5, 4.5, 9, 13], "texture": "#0", "tintindex": 0},
				"down": {"uv": [8.5, 13, 9, 4.5], "texture": "#0", "tintindex": 0}
			}
		},
		{
			"name": "lily_pad_20",
			"from": [8, 0, 6],
			"to": [8.5, 0.5, 13],
			"faces": {
				"north": {"uv": [8.5, 6, 8, 6.5], "texture": "#0", "tintindex": 0},
				"south": {"uv": [8, 12.5, 8.5, 13], "texture": "#0", "tintindex": 0},
				"up": {"uv": [8, 6, 8.5, 13], "texture": "#0", "tintindex": 0},
				"down": {"uv": [8, 13, 8.5, 6], "texture": "#0", "tintindex": 0}
			}
		},
		{
			"name": "lily_pad_21",
			"from": [5.5, 0, 13.5],
			"to": [6, 0.5, 14],
			"faces": {
				"south": {"uv": [5.5, 13.5, 6, 14], "texture": "#0", "tintindex": 0},
				"west": {"uv": [5.5, 13.5, 6, 14], "rotation": 270, "texture": "#0", "tintindex": 0},
				"up": {"uv": [5.5, 13.5, 6, 14], "texture": "#0", "tintindex": 0},
				"down": {"uv": [5.5, 14, 6, 13.5], "texture": "#0", "tintindex": 0}
			}
		}
	],
	"groups": [
		{
			"name": "lily_pad",
			"origin": [8, 8, 8],
			"color": 0,
			"children": [0, 1, 2, 3, 4, 5, 6, 7, 8, 9, 10, 11, 12, 13, 14, 15, 16, 17]
		}
	]
}