{
	"credit": "Made with Blockbench",
	"textures": {
		"0": "block/lily_pad3",
		"particle": "block/lily_pad3"
	},
	"elements": [
		{
			"name": "lily_pad_1",
			"from": [2.5, 0, 3.5],
			"to": [3, 0.5, 6.5],
			"faces": {
				"north": {"uv": [3, 3.5, 2.5, 4], "texture": "#0", "tintindex": 0},
				"south": {"uv": [2.5, 6, 3, 6.5], "texture": "#0", "tintindex": 0},
				"west": {"uv": [2.5, 3.5, 3, 6.5], "rotation": 270, "texture": "#0", "tintindex": 0},
				"up": {"uv": [2.5, 3.5, 3, 6.5], "texture": "#0", "tintindex": 0},
				"down": {"uv": [2.5, 6.5, 3, 3.5], "texture": "#0", "tintindex": 0}
			}
		},
		{
			"name": "lily_pad_2",
			"from": [3, 0, 2],
			"to": [3.5, 0.5, 7.5],
			"faces": {
				"north": {"uv": [3.5, 2, 3, 2.5], "texture": "#0", "tintindex": 0},
				"south": {"uv": [3, 7, 3.5, 7.5], "texture": "#0", "tintindex": 0},
				"west": {"uv": [3, 2, 3.5, 7.5], "rotation": 270, "texture": "#0", "tintindex": 0},
				"up": {"uv": [3, 2, 3.5, 7.5], "texture": "#0", "tintindex": 0},
				"down": {"uv": [3, 7.5, 3.5, 2], "texture": "#0", "tintindex": 0}
			}
		},
		{
			"name": "lily_pad_3",
			"from": [3.5, 0, 1.5],
			"to": [4, 0.5, 8],
			"faces": {
				"north": {"uv": [4, 1.5, 3.5, 2], "texture": "#0", "tintindex": 0},
				"south": {"uv": [3.5, 7.5, 4, 8], "texture": "#0", "tintindex": 0},
				"west": {"uv": [3.5, 1.5, 4, 8], "rotation": 270, "texture": "#0", "tintindex": 0},
				"up": {"uv": [3.5, 1.5, 4, 8], "texture": "#0", "tintindex": 0},
				"down": {"uv": [3.5, 8, 4, 1.5], "texture": "#0", "tintindex": 0}
			}
		},
		{
			"name": "lily_pad_4",
			"from": [4, 0, 1],
			"to": [5, 0.5, 8.5],
			"faces": {
				"north": {"uv": [5, 1, 4, 1.5], "texture": "#0", "tintindex": 0},
				"east": {"uv": [4.5, 8.5, 5, 1], "rotation": 270, "texture": "#0", "tintindex": 0},
				"south": {"uv": [4, 8, 5, 8.5], "texture": "#0", "tintindex": 0},
				"west": {"uv": [4, 1, 4.5, 8.5], "rotation": 270, "texture": "#0", "tintindex": 0},
				"up": {"uv": [4, 1, 5, 8.5], "texture": "#0", "tintindex": 0},
				"down": {"uv": [4, 8.5, 5, 1], "texture": "#0", "tintindex": 0}
			}
		},
		{
			"name": "lily_pad_5",
			"from": [5, 0, 0.5],
			"to": [5.5, 0.5, 8],
			"faces": {
				"north": {"uv": [5.5, 0.5, 5, 1], "texture": "#0", "tintindex": 0},
				"east": {"uv": [5, 8, 5.5, 0.5], "rotation": 270, "texture": "#0", "tintindex": 0},
				"south": {"uv": [5, 7.5, 5.5, 8], "texture": "#0", "tintindex": 0},
				"west": {"uv": [5, 0.5, 5.5, 8], "rotation": 270, "texture": "#0", "tintindex": 0},
				"up": {"uv": [5, 0.5, 5.5, 8], "texture": "#0", "tintindex": 0},
				"down": {"uv": [5, 8, 5.5, 0.5], "texture": "#0", "tintindex": 0}
			}
		},
		{
			"name": "lily_pad_6",
			"from": [5.5, 0, 0.5],
			"to": [6, 0.5, 7.5],
			"faces": {
				"north": {"uv": [6, 0.5, 5.5, 1], "texture": "#0", "tintindex": 0},
				"east": {"uv": [5.5, 7.5, 6, 0.5], "rotation": 270, "texture": "#0", "tintindex": 0},
				"south": {"uv": [5.5, 7, 6, 7.5], "texture": "#0", "tintindex": 0},
				"up": {"uv": [5.5, 0.5, 6, 7.5], "texture": "#0", "tintindex": 0},
				"down": {"uv": [5.5, 7.5, 6, 0.5], "texture": "#0", "tintindex": 0}
			}
		},
		{
			"name": "lily_pad_7",
			"from": [6, 0, 0.5],
			"to": [6.5, 0.5, 6.5],
			"faces": {
				"north": {"uv": [6.5, 0.5, 6, 1], "texture": "#0", "tintindex": 0},
				"south": {"uv": [6, 6, 6.5, 6.5], "texture": "#0", "tintindex": 0},
				"up": {"uv": [6, 0.5, 6.5, 6.5], "texture": "#0", "tintindex": 0},
				"down": {"uv": [6, 6.5, 6.5, 0.5], "texture": "#0", "tintindex": 0}
			}
		},
		{
			"name": "lily_pad_8",
			"from": [6.5, 0, 0.5],
			"to": [7, 0.5, 7.5],
			"faces": {
				"north": {"uv": [7, 0.5, 6.5, 1], "texture": "#0", "tintindex": 0},
				"south": {"uv": [6.5, 7, 7, 7.5], "texture": "#0", "tintindex": 0},
				"west": {"uv": [6.5, 0.5, 7, 7.5], "rotation": 270, "texture": "#0", "tintindex": 0},
				"up": {"uv": [6.5, 0.5, 7, 7.5], "texture": "#0", "tintindex": 0},
				"down": {"uv": [6.5, 7.5, 7, 0.5], "texture": "#0", "tintindex": 0}
			}
		},
		{
			"name": "lily_pad_9",
			"from": [7, 0, 0.5],
			"to": [7.5, 0.5, 8],
			"faces": {
				"north": {"uv": [7.5, 0.5, 7, 1], "texture": "#0", "tintindex": 0},
				"east": {"uv": [7, 0.5, 7.5, 8], "rotation": 90, "texture": "#0", "tintindex": 0},
				"south": {"uv": [7, 7.5, 7.5, 8], "texture": "#0", "tintindex": 0},
				"west": {"uv": [7, 0.5, 7.5, 8], "rotation": 270, "texture": "#0", "tintindex": 0},
				"up": {"uv": [7, 0.5, 7.5, 8], "texture": "#0", "tintindex": 0},
				"down": {"uv": [7, 8, 7.5, 0.5], "texture": "#0", "tintindex": 0}
			}
		},
		{
			"name": "lily_pad_10",
			"from": [7.5, 0, 1],
			"to": [8.5, 0.5, 8.5],
			"faces": {
				"north": {"uv": [8.5, 1, 7.5, 1.5], "texture": "#0", "tintindex": 0},
				"east": {"uv": [8, 1, 8.5, 8.5], "rotation": 90, "texture": "#0", "tintindex": 0},
				"south": {"uv": [7.5, 8, 8.5, 8.5], "texture": "#0", "tintindex": 0},
				"west": {"uv": [7.5, 1, 8, 8.5], "rotation": 270, "texture": "#0", "tintindex": 0},
				"up": {"uv": [7.5, 1, 8.5, 8.5], "texture": "#0", "tintindex": 0},
				"down": {"uv": [7.5, 8.5, 8.5, 1], "texture": "#0", "tintindex": 0}
			}
		},
		{
			"name": "lily_pad_11",
			"from": [8.5, 0, 1.5],
			"to": [9, 0.5, 8],
			"faces": {
				"north": {"uv": [9, 1.5, 8.5, 2], "texture": "#0", "tintindex": 0},
				"east": {"uv": [8.5, 1.5, 9, 8], "rotation": 90, "texture": "#0", "tintindex": 0},
				"south": {"uv": [8.5, 7.5, 9, 8], "texture": "#0", "tintindex": 0},
				"up": {"uv": [8.5, 1.5, 9, 8], "texture": "#0", "tintindex": 0},
				"down": {"uv": [8.5, 8, 9, 1.5], "texture": "#0", "tintindex": 0}
			}
		},
		{
			"name": "lily_pad_12",
			"from": [9, 0, 2],
			"to": [9.5, 0.5, 7.5],
			"faces": {
				"north": {"uv": [9.5, 2, 9, 2.5], "texture": "#0", "tintindex": 0},
				"east": {"uv": [9, 2, 9.5, 7.5], "rotation": 90, "texture": "#0", "tintindex": 0},
				"south": {"uv": [9, 7, 9.5, 7.5], "texture": "#0", "tintindex": 0},
				"up": {"uv": [9, 2, 9.5, 7.5], "texture": "#0", "tintindex": 0},
				"down": {"uv": [9, 7.5, 9.5, 2], "texture": "#0", "tintindex": 0}
			}
		},
		{
			"name": "lily_pad_13",
			"from": [9.5, 0, 3.5],
			"to": [10, 0.5, 6.5],
			"faces": {
				"north": {"uv": [10, 3.5, 9.5, 4], "texture": "#0", "tintindex": 0},
				"east": {"uv": [9.5, 3.5, 10, 6.5], "rotation": 90, "texture": "#0", "tintindex": 0},
				"south": {"uv": [9.5, 6, 10, 6.5], "texture": "#0", "tintindex": 0},
				"up": {"uv": [9.5, 3.5, 10, 6.5], "texture": "#0", "tintindex": 0},
				"down": {"uv": [9.5, 6.5, 10, 3.5], "texture": "#0", "tintindex": 0}
			}
		},
		{
			"name": "lily_pad2_7",
			"from": [6, 0, 10],
			"to": [6.5, 0.5, 12],
			"faces": {
				"north": {"uv": [6.5, 10, 6, 10.5], "texture": "#0", "tintindex": 0},
				"east": {"uv": [6, 12, 6.5, 10], "rotation": 270, "texture": "#0", "tintindex": 0},
				"south": {"uv": [6, 11.5, 6.5, 12], "texture": "#0", "tintindex": 0},
				"up": {"uv": [6, 10, 6.5, 12], "texture": "#0", "tintindex": 0},
				"down": {"uv": [6, 12, 6.5, 10], "texture": "#0", "tintindex": 0}
			}
		},
		{
			"name": "lily_pad2_6",
			"from": [5.5, 0, 9.5],
			"to": [6, 0.5, 12.5],
			"faces": {
				"north": {"uv": [6, 9.5, 5.5, 10], "texture": "#0", "tintindex": 0},
				"east": {"uv": [5.5, 12.5, 6, 9.5], "rotation": 270, "texture": "#0", "tintindex": 0},
				"south": {"uv": [5.5, 12, 6, 12.5], "texture": "#0", "tintindex": 0},
				"west": {"uv": [5.5, 9.5, 6, 12.5], "rotation": 270, "texture": "#0", "tintindex": 0},
				"up": {"uv": [5.5, 9.5, 6, 12.5], "texture": "#0", "tintindex": 0},
				"down": {"uv": [5.5, 12.5, 6, 9.5], "texture": "#0", "tintindex": 0}
			}
		},
		{
			"name": "lily_pad2_5",
			"from": [5, 0, 10],
			"to": [5.5, 0.5, 13],
			"faces": {
				"north": {"uv": [5.5, 10, 5, 10.5], "texture": "#0", "tintindex": 0},
				"east": {"uv": [5, 13, 5.5, 10], "rotation": 270, "texture": "#0", "tintindex": 0},
				"south": {"uv": [5, 12.5, 5.5, 13], "texture": "#0", "tintindex": 0},
				"west": {"uv": [5, 10, 5.5, 13], "rotation": 270, "texture": "#0", "tintindex": 0},
				"up": {"uv": [5, 10, 5.5, 13], "texture": "#0", "tintindex": 0},
				"down": {"uv": [5, 13, 5.5, 10], "texture": "#0", "tintindex": 0}
			}
		},
		{
			"name": "lily_pad2_4",
			"from": [4.5, 0, 11],
			"to": [5, 0.5, 13],
			"faces": {
				"north": {"uv": [5, 11, 4.5, 11.5], "texture": "#0", "tintindex": 0},
				"south": {"uv": [4.5, 12.5, 5, 13], "texture": "#0", "tintindex": 0},
				"up": {"uv": [4.5, 11, 5, 13], "texture": "#0", "tintindex": 0},
				"down": {"uv": [4.5, 13, 5, 11], "texture": "#0", "tintindex": 0}
			}
		},
		{
			"name": "lily_pad2_3",
			"from": [4, 0, 10],
			"to": [4.5, 0.5, 13],
			"faces": {
				"north": {"uv": [4.5, 10, 4, 10.5], "texture": "#0", "tintindex": 0},
				"east": {"uv": [4, 13, 4.5, 10], "rotation": 270, "texture": "#0", "tintindex": 0},
				"south": {"uv": [4, 12.5, 4.5, 13], "texture": "#0", "tintindex": 0},
				"west": {"uv": [4, 10, 4.5, 13], "rotation": 270, "texture": "#0", "tintindex": 0},
				"up": {"uv": [4, 10, 4.5, 13], "texture": "#0", "tintindex": 0},
				"down": {"uv": [4, 13, 4.5, 10], "texture": "#0", "tintindex": 0}
			}
		},
		{
			"name": "lily_pad2_2",
			"from": [3.5, 0, 9.5],
			"to": [4, 0.5, 12.5],
			"faces": {
				"north": {"uv": [4, 9.5, 3.5, 10], "texture": "#0", "tintindex": 0},
				"east": {"uv": [3.5, 12.5, 4, 9.5], "rotation": 270, "texture": "#0", "tintindex": 0},
				"south": {"uv": [3.5, 12, 4, 12.5], "texture": "#0", "tintindex": 0},
				"west": {"uv": [3.5, 9.5, 4, 12.5], "rotation": 270, "texture": "#0", "tintindex": 0},
				"up": {"uv": [3.5, 9.5, 4, 12.5], "texture": "#0", "tintindex": 0},
				"down": {"uv": [3.5, 12.5, 4, 9.5], "texture": "#0", "tintindex": 0}
			}
		},
		{
			"name": "lily_pad2_1",
			"from": [3, 0, 10],
			"to": [3.5, 0.5, 12],
			"faces": {
				"north": {"uv": [3.5, 10, 3, 10.5], "texture": "#0", "tintindex": 0},
				"south": {"uv": [3, 11.5, 3.5, 12], "texture": "#0", "tintindex": 0},
				"west": {"uv": [3, 10, 3.5, 12], "rotation": 270, "texture": "#0", "tintindex": 0},
				"up": {"uv": [3, 10, 3.5, 12], "texture": "#0", "tintindex": 0},
				"down": {"uv": [3, 12, 3.5, 10], "texture": "#0", "tintindex": 0}
			}
		},
		{
			"name": "lily_pad3_2",
			"from": [7.5, 0, 10.5],
			"to": [8, 0.5, 14],
			"faces": {
				"north": {"uv": [8, 10.5, 7.5, 11], "texture": "#0", "tintindex": 0},
				"south": {"uv": [7.5, 13.5, 8, 14], "texture": "#0", "tintindex": 0},
				"west": {"uv": [7.5, 10.5, 8, 14], "rotation": 270, "texture": "#0", "tintindex": 0},
				"up": {"uv": [7.5, 10.5, 8, 14], "texture": "#0", "tintindex": 0},
				"down": {"uv": [7.5, 14, 8, 10.5], "texture": "#0", "tintindex": 0}
			}
		},
		{
			"name": "lily_pad3_3",
			"from": [8, 0, 9.5],
			"to": [8.5, 0.5, 15],
			"faces": {
				"north": {"uv": [8.5, 9.5, 8, 10], "texture": "#0", "tintindex": 0},
				"south": {"uv": [8, 14.5, 8.5, 15], "texture": "#0", "tintindex": 0},
				"west": {"uv": [8, 9.5, 8.5, 15], "rotation": 270, "texture": "#0", "tintindex": 0},
				"up": {"uv": [8, 9.5, 8.5, 15], "texture": "#0", "tintindex": 0},
				"down": {"uv": [8, 15, 8.5, 9.5], "texture": "#0", "tintindex": 0}
			}
		},
		{
			"name": "lily_pad3_3",
			"from": [8.5, 0, 9],
			"to": [9.5, 0.5, 15.5],
			"faces": {
				"north": {"uv": [9.5, 9, 8.5, 9.5], "texture": "#0", "tintindex": 0},
				"east": {"uv": [9, 15.5, 9.5, 9], "rotation": 270, "texture": "#0", "tintindex": 0},
				"south": {"uv": [8.5, 15, 9.5, 15.5], "texture": "#0", "tintindex": 0},
				"west": {"uv": [8.5, 9, 9, 15.5], "rotation": 270, "texture": "#0", "tintindex": 0},
				"up": {"uv": [8.5, 9, 9.5, 15.5], "texture": "#0", "tintindex": 0},
				"down": {"uv": [8.5, 15.5, 9.5, 9], "texture": "#0", "tintindex": 0}
			}
		},
		{
			"name": "lily_pad4_4",
			"from": [9.5, 0, 9.5],
			"to": [10, 0.5, 16],
			"faces": {
				"north": {"uv": [10, 9.5, 9.5, 10], "texture": "#0", "tintindex": 0},
				"east": {"uv": [9.5, 16, 10, 9.5], "rotation": 270, "texture": "#0", "tintindex": 0},
				"south": {"uv": [9.5, 15.5, 10, 16], "texture": "#0", "tintindex": 0},
				"west": {"uv": [9.5, 9.5, 10, 16], "rotation": 270, "texture": "#0", "tintindex": 0},
				"up": {"uv": [9.5, 9.5, 10, 16], "texture": "#0", "tintindex": 0},
				"down": {"uv": [9.5, 16, 10, 9.5], "texture": "#0", "tintindex": 0}
			}
		},
		{
			"name": "lily_pad5_5",
			"from": [10, 0, 10],
			"to": [10.5, 0.5, 16],
			"faces": {
				"north": {"uv": [10.5, 10, 10, 10.5], "texture": "#0", "tintindex": 0},
				"east": {"uv": [10, 16, 10.5, 10], "rotation": 270, "texture": "#0", "tintindex": 0},
				"south": {"uv": [10, 15.5, 10.5, 16], "texture": "#0", "tintindex": 0},
				"up": {"uv": [10, 10, 10.5, 16], "texture": "#0", "tintindex": 0},
				"down": {"uv": [10, 16, 10.5, 10], "texture": "#0", "tintindex": 0}
			}
		},
		{
			"name": "lily_pad6_6",
			"from": [10.5, 0, 11],
			"to": [11, 0.5, 16],
			"faces": {
				"north": {"uv": [11, 11, 10.5, 11.5], "texture": "#0", "tintindex": 0},
				"south": {"uv": [10.5, 15.5, 11, 16], "texture": "#0", "tintindex": 0},
				"up": {"uv": [10.5, 11, 11, 16], "texture": "#0", "tintindex": 0},
				"down": {"uv": [10.5, 16, 11, 11], "texture": "#0", "tintindex": 0}
			}
		},
		{
			"name": "lily_pad5_5",
			"from": [11, 0, 10],
			"to": [11.5, 0.5, 16],
			"faces": {
				"north": {"uv": [11.5, 10, 11, 10.5], "texture": "#0", "tintindex": 0},
				"south": {"uv": [11, 15.5, 11.5, 16], "texture": "#0", "tintindex": 0},
				"west": {"uv": [11, 10, 11.5, 16], "rotation": 270, "texture": "#0", "tintindex": 0},
				"up": {"uv": [11, 10, 11.5, 16], "texture": "#0", "tintindex": 0},
				"down": {"uv": [11, 16, 11.5, 10], "texture": "#0", "tintindex": 0}
			}
		},
		{
			"name": "lily_pad5_5",
			"from": [11.5, 0, 9.5],
			"to": [12, 0.5, 16],
			"faces": {
				"north": {"uv": [12, 9.5, 11.5, 10], "texture": "#0", "tintindex": 0},
				"east": {"uv": [11.5, 16, 12, 9.5], "rotation": 270, "texture": "#0", "tintindex": 0},
				"south": {"uv": [11.5, 15.5, 12, 16], "texture": "#0", "tintindex": 0},
				"west": {"uv": [11.5, 9.5, 12, 16], "rotation": 270, "texture": "#0", "tintindex": 0},
				"up": {"uv": [11.5, 9.5, 12, 16], "texture": "#0", "tintindex": 0},
				"down": {"uv": [11.5, 16, 12, 9.5], "texture": "#0", "tintindex": 0}
			}
		},
		{
			"name": "lily_pad4_4",
			"from": [12, 0, 9],
			"to": [13, 0.5, 15.5],
			"faces": {
				"north": {"uv": [13, 9, 12, 9.5], "texture": "#0", "tintindex": 0},
				"east": {"uv": [12.5, 15.5, 13, 9], "rotation": 270, "texture": "#0", "tintindex": 0},
				"south": {"uv": [12, 15, 13, 15.5], "texture": "#0", "tintindex": 0},
				"west": {"uv": [12, 9, 12.5, 15.5], "rotation": 270, "texture": "#0", "tintindex": 0},
				"up": {"uv": [12, 9, 13, 15.5], "texture": "#0", "tintindex": 0},
				"down": {"uv": [12, 15.5, 13, 9], "texture": "#0", "tintindex": 0}
			}
		},
		{
			"name": "lily_pad5_5",
			"from": [13, 0, 9.5],
			"to": [13.5, 0.5, 15],
			"faces": {
				"north": {"uv": [13.5, 9.5, 13, 10], "texture": "#0", "tintindex": 0},
				"east": {"uv": [13, 15, 13.5, 9.5], "rotation": 270, "texture": "#0", "tintindex": 0},
				"south": {"uv": [13, 14.5, 13.5, 15], "texture": "#0", "tintindex": 0},
				"up": {"uv": [13, 9.5, 13.5, 15], "texture": "#0", "tintindex": 0},
				"down": {"uv": [13, 15, 13.5, 9.5], "texture": "#0", "tintindex": 0}
			}
		},
		{
			"name": "lily_pad6_6",
			"from": [13.5, 0, 10.5],
			"to": [14, 0.5, 14],
			"faces": {
				"north": {"uv": [14, 10.5, 13.5, 11], "texture": "#0", "tintindex": 0},
				"east": {"uv": [13.5, 14, 14, 10.5], "rotation": 270, "texture": "#0", "tintindex": 0},
				"south": {"uv": [13.5, 13.5, 14, 14], "texture": "#0", "tintindex": 0},
				"up": {"uv": [13.5, 10.5, 14, 14], "texture": "#0", "tintindex": 0},
				"down": {"uv": [13.5, 14, 14, 10.5], "texture": "#0", "tintindex": 0}
			}
		}
	],
	"groups": [
		{
			"name": "lily_pad",
			"origin": [8, 8, 8],
			"color": 0,
			"children": [0, 1, 2, 3, 4, 5, 6, 7, 8, 9, 10, 11, 12, 13, 14, 15, 16, 17, 18, 19, 20, 21, 22, 23, 24, 25, 26, 27, 28, 29, 30]
		}
	]
}