{
	"credit": "Made with Blockbench",
	"textures": {
		"0": "block/lily_pad5",
		"particle": "block/lily_pad5"
	},
	"elements": [
		{
			"name": "lily_pad_2",
			"from": [1.5, 0, 3.5],
			"to": [2, 0.5, 5.5],
			"faces": {
				"north": {"uv": [2, 3.5, 1.5, 4], "texture": "#0", "tintindex": 0},
				"south": {"uv": [1.5, 5, 2, 5.5], "texture": "#0", "tintindex": 0},
				"west": {"uv": [1.5, 3.5, 2, 5.5], "rotation": 270, "texture": "#0", "tintindex": 0},
				"up": {"uv": [1.5, 3.5, 2, 5.5], "texture": "#0", "tintindex": 0},
				"down": {"uv": [1.5, 5.5, 2, 3.5], "texture": "#0", "tintindex": 0}
			}
		},
		{
			"name": "lily_pad_6",
			"from": [2, 0, 3],
			"to": [2.5, 0.5, 6],
			"faces": {
				"north": {"uv": [2.5, 3, 2, 3.5], "texture": "#0", "tintindex": 0},
				"east": {"uv": [2, 3, 2.5, 6], "rotation": 90, "texture": "#0", "tintindex": 0},
				"south": {"uv": [2, 5.5, 2.5, 6], "texture": "#0", "tintindex": 0},
				"west": {"uv": [2, 3, 2.5, 6], "rotation": 270, "texture": "#0", "tintindex": 0},
				"up": {"uv": [2, 3, 2.5, 6], "texture": "#0", "tintindex": 0},
				"down": {"uv": [2, 6, 2.5, 3], "texture": "#0", "tintindex": 0}
			}
		},
		{
			"name": "lily_pad_7",
			"from": [2.5, 0, 3.5],
			"to": [3, 0.5, 6.5],
			"faces": {
				"north": {"uv": [3, 3.5, 2.5, 4], "texture": "#0", "tintindex": 0},
				"east": {"uv": [2.5, 3.5, 3, 6.5], "rotation": 90, "texture": "#0", "tintindex": 0},
				"south": {"uv": [2.5, 6, 3, 6.5], "texture": "#0", "tintindex": 0},
				"west": {"uv": [2.5, 3.5, 3, 6.5], "rotation": 270, "texture": "#0", "tintindex": 0},
				"up": {"uv": [2.5, 3.5, 3, 6.5], "texture": "#0", "tintindex": 0},
				"down": {"uv": [2.5, 6.5, 3, 3.5], "texture": "#0", "tintindex": 0}
			}
		},
		{
			"name": "lily_pad_8",
			"from": [3, 0, 4.5],
			"to": [3.5, 0.5, 6.5],
			"faces": {
				"north": {"uv": [3.5, 4.5, 3, 5], "texture": "#0", "tintindex": 0},
				"south": {"uv": [3, 6, 3.5, 6.5], "texture": "#0", "tintindex": 0},
				"up": {"uv": [3, 4.5, 3.5, 6.5], "texture": "#0", "tintindex": 0},
				"down": {"uv": [3, 6.5, 3.5, 4.5], "texture": "#0", "tintindex": 0}
			}
		},
		{
			"name": "lily_pad_8",
			"from": [3.5, 0, 3.5],
			"to": [4, 0.5, 6.5],
			"faces": {
				"north": {"uv": [4, 3.5, 3.5, 4], "texture": "#0", "tintindex": 0},
				"east": {"uv": [3.5, 3.5, 4, 6.5], "rotation": 90, "texture": "#0", "tintindex": 0},
				"south": {"uv": [3.5, 6, 4, 6.5], "texture": "#0", "tintindex": 0},
				"west": {"uv": [3.5, 3.5, 4, 6.5], "rotation": 270, "texture": "#0", "tintindex": 0},
				"up": {"uv": [3.5, 3.5, 4, 6.5], "texture": "#0", "tintindex": 0},
				"down": {"uv": [3.5, 6.5, 4, 3.5], "texture": "#0", "tintindex": 0}
			}
		},
		{
			"name": "lily_pad_9",
			"from": [4, 0, 3],
			"to": [4.5, 0.5, 6],
			"faces": {
				"north": {"uv": [4.5, 3, 4, 3.5], "texture": "#0", "tintindex": 0},
				"east": {"uv": [4, 3, 4.5, 6], "rotation": 90, "texture": "#0", "tintindex": 0},
				"south": {"uv": [4, 5.5, 4.5, 6], "texture": "#0", "tintindex": 0},
				"west": {"uv": [4, 3, 4.5, 6], "rotation": 270, "texture": "#0", "tintindex": 0},
				"up": {"uv": [4, 3, 4.5, 6], "texture": "#0", "tintindex": 0},
				"down": {"uv": [4, 6, 4.5, 3], "texture": "#0", "tintindex": 0}
			}
		},
		{
			"name": "lily_pad_10",
			"from": [4.5, 0, 3.5],
			"to": [5, 0.5, 5.5],
			"faces": {
				"north": {"uv": [5, 3.5, 4.5, 4], "texture": "#0", "tintindex": 0},
				"east": {"uv": [4.5, 3.5, 5, 5.5], "rotation": 90, "texture": "#0", "tintindex": 0},
				"south": {"uv": [4.5, 5, 5, 5.5], "texture": "#0", "tintindex": 0},
				"up": {"uv": [4.5, 3.5, 5, 5.5], "texture": "#0", "tintindex": 0},
				"down": {"uv": [4.5, 5.5, 5, 3.5], "texture": "#0", "tintindex": 0}
			}
		},
		{
			"name": "lily_pad_2",
			"from": [2.5, 0, 11.5],
			"to": [3, 0.5, 14],
			"faces": {
				"north": {"uv": [3, 11.5, 2.5, 12], "texture": "#0", "tintindex": 0},
				"south": {"uv": [2.5, 13.5, 3, 14], "texture": "#0", "tintindex": 0},
				"west": {"uv": [2.5, 11.5, 3, 14], "rotation": 270, "texture": "#0", "tintindex": 0},
				"up": {"uv": [2.5, 11.5, 3, 14], "texture": "#0", "tintindex": 0},
				"down": {"uv": [2.5, 14, 3, 11.5], "texture": "#0", "tintindex": 0}
			}
		},
		{
			"name": "lily_pad_3",
			"from": [3, 0, 11],
			"to": [3.5, 0.5, 14.5],
			"faces": {
				"north": {"uv": [3.5, 11, 3, 11.5], "texture": "#0", "tintindex": 0},
				"south": {"uv": [3, 14, 3.5, 14.5], "texture": "#0", "tintindex": 0},
				"west": {"uv": [3, 11, 3.5, 14.5], "rotation": 270, "texture": "#0", "tintindex": 0},
				"up": {"uv": [3, 11, 3.5, 14.5], "texture": "#0", "tintindex": 0},
				"down": {"uv": [3, 14.5, 3.5, 11], "texture": "#0", "tintindex": 0}
			}
		},
		{
			"name": "lily_pad_6",
			"from": [3.5, 0, 10.5],
			"to": [4, 0.5, 15],
			"faces": {
				"north": {"uv": [3.5, 10.5, 4, 11], "texture": "#0", "tintindex": 0},
				"east": {"uv": [3.5, 10.5, 4, 15], "rotation": 90, "texture": "#0", "tintindex": 0},
				"south": {"uv": [3.5, 14.5, 4, 15], "texture": "#0", "tintindex": 0},
				"west": {"uv": [3.5, 10.5, 4, 15], "rotation": 270, "texture": "#0", "tintindex": 0},
				"up": {"uv": [3.5, 10.5, 4, 15], "texture": "#0", "tintindex": 0},
				"down": {"uv": [3.5, 15, 4, 10.5], "texture": "#0", "tintindex": 0}
			}
		},
		{
			"name": "lily_pad_7",
			"from": [4, 0, 11],
			"to": [4.5, 0.5, 15.5],
			"faces": {
				"north": {"uv": [4.5, 11, 4, 11.5], "texture": "#0", "tintindex": 0},
				"east": {"uv": [4, 11, 4.5, 15.5], "rotation": 90, "texture": "#0", "tintindex": 0},
				"south": {"uv": [4, 15, 4.5, 15.5], "texture": "#0", "tintindex": 0},
				"west": {"uv": [4, 11, 4.5, 15.5], "rotation": 270, "texture": "#0", "tintindex": 0},
				"up": {"uv": [4, 11, 4.5, 15.5], "texture": "#0", "tintindex": 0},
				"down": {"uv": [4, 15.5, 4.5, 11], "texture": "#0", "tintindex": 0}
			}
		},
		{
			"name": "lily_pad_8",
			"from": [4.5, 0, 11.5],
			"to": [5.5, 0.5, 15.5],
			"faces": {
				"north": {"uv": [5.5, 11.5, 4.5, 12], "texture": "#0", "tintindex": 0},
				"south": {"uv": [4.5, 15, 5.5, 15.5], "texture": "#0", "tintindex": 0},
				"up": {"uv": [4.5, 11.5, 5.5, 15.5], "texture": "#0", "tintindex": 0},
				"down": {"uv": [4.5, 15.5, 5.5, 11.5], "texture": "#0", "tintindex": 0}
			}
		},
		{
			"name": "lily_pad_8",
			"from": [5.5, 0, 11],
			"to": [6, 0.5, 15.5],
			"faces": {
				"north": {"uv": [6, 11, 5.5, 11.5], "texture": "#0", "tintindex": 0},
				"east": {"uv": [5.5, 11, 6, 15.5], "rotation": 90, "texture": "#0", "tintindex": 0},
				"south": {"uv": [5.5, 15, 6, 15.5], "texture": "#0", "tintindex": 0},
				"west": {"uv": [5.5, 11, 6, 15.5], "rotation": 270, "texture": "#0", "tintindex": 0},
				"up": {"uv": [5.5, 11, 6, 15.5], "texture": "#0", "tintindex": 0},
				"down": {"uv": [5.5, 15.5, 6, 11], "texture": "#0", "tintindex": 0}
			}
		},
		{
			"name": "lily_pad_9",
			"from": [6, 0, 10.5],
			"to": [6.5, 0.5, 15],
			"faces": {
				"north": {"uv": [6.5, 10.5, 6, 11], "texture": "#0", "tintindex": 0},
				"east": {"uv": [6, 10.5, 6.5, 15], "rotation": 90, "texture": "#0", "tintindex": 0},
				"south": {"uv": [6, 14.5, 6.5, 15], "texture": "#0", "tintindex": 0},
				"west": {"uv": [6, 10.5, 6.5, 15], "rotation": 270, "texture": "#0", "tintindex": 0},
				"up": {"uv": [6, 10.5, 6.5, 15], "texture": "#0", "tintindex": 0},
				"down": {"uv": [6, 15, 6.5, 10.5], "texture": "#0", "tintindex": 0}
			}
		},
		{
			"name": "lily_pad_10",
			"from": [6.5, 0, 11],
			"to": [7, 0.5, 14.5],
			"faces": {
				"north": {"uv": [7, 11, 6.5, 11.5], "texture": "#0", "tintindex": 0},
				"east": {"uv": [6.5, 11, 7, 14.5], "rotation": 90, "texture": "#0", "tintindex": 0},
				"south": {"uv": [6.5, 14, 7, 14.5], "texture": "#0", "tintindex": 0},
				"up": {"uv": [6.5, 11, 7, 14.5], "texture": "#0", "tintindex": 0},
				"down": {"uv": [6.5, 14.5, 7, 11], "texture": "#0", "tintindex": 0}
			}
		},
		{
			"name": "lily_pad_11",
			"from": [7, 0, 11.5],
			"to": [7.5, 0.5, 14],
			"faces": {
				"north": {"uv": [7.5, 11.5, 7, 12], "texture": "#0", "tintindex": 0},
				"east": {"uv": [7, 11.5, 7.5, 14], "rotation": 90, "texture": "#0", "tintindex": 0},
				"south": {"uv": [7, 13.5, 7.5, 14], "texture": "#0", "tintindex": 0},
				"up": {"uv": [7, 11.5, 7.5, 14], "texture": "#0", "tintindex": 0},
				"down": {"uv": [7, 14, 7.5, 11.5], "texture": "#0", "tintindex": 0}
			}
		},
		{
			"name": "lily_pad_3",
			"from": [6.5, 0, 4],
			"to": [7, 0.5, 7.5],
			"faces": {
				"north": {"uv": [7, 4, 6.5, 4.5], "texture": "#0", "tintindex": 0},
				"south": {"uv": [6.5, 7, 7, 7.5], "texture": "#0", "tintindex": 0},
				"west": {"uv": [6.5, 4, 7, 7.5], "rotation": 270, "texture": "#0", "tintindex": 0},
				"up": {"uv": [6.5, 4, 7, 7.5], "texture": "#0", "tintindex": 0},
				"down": {"uv": [6.5, 7.5, 7, 4], "texture": "#0", "tintindex": 0}
			}
		},
		{
			"name": "lily_pad_4",
			"from": [7, 0, 3],
			"to": [7.5, 0.5, 8.5],
			"faces": {
				"north": {"uv": [7.5, 3, 7, 3.5], "texture": "#0", "tintindex": 0},
				"south": {"uv": [7, 8, 7.5, 8.5], "texture": "#0", "tintindex": 0},
				"west": {"uv": [7, 3, 7.5, 8.5], "rotation": 270, "texture": "#0", "tintindex": 0},
				"up": {"uv": [7, 3, 7.5, 8.5], "texture": "#0", "tintindex": 0},
				"down": {"uv": [7, 8.5, 7.5, 3], "texture": "#0", "tintindex": 0}
			}
		},
		{
			"name": "lily_pad_10",
			"from": [7.5, 0, 2.5],
			"to": [8.5, 0.5, 9],
			"faces": {
				"north": {"uv": [8.5, 2.5, 7.5, 3], "texture": "#0", "tintindex": 0},
				"east": {"uv": [8, 2.5, 8.5, 9], "rotation": 90, "texture": "#0", "tintindex": 0},
				"south": {"uv": [7.5, 8.5, 8.5, 9], "texture": "#0", "tintindex": 0},
				"west": {"uv": [7.5, 2.5, 8, 9], "rotation": 270, "texture": "#0", "tintindex": 0},
				"up": {"uv": [7.5, 2.5, 8.5, 9], "texture": "#0", "tintindex": 0},
				"down": {"uv": [7.5, 9, 8.5, 2.5], "texture": "#0", "tintindex": 0}
			}
		},
		{
			"name": "lily_pad_11",
			"from": [8.5, 0, 3],
			"to": [9, 0.5, 9.5],
			"faces": {
				"north": {"uv": [9, 3, 8.5, 3.5], "texture": "#0", "tintindex": 0},
				"east": {"uv": [8.5, 3, 9, 9.5], "rotation": 90, "texture": "#0", "tintindex": 0},
				"south": {"uv": [8.5, 9, 9, 9.5], "texture": "#0", "tintindex": 0},
				"west": {"uv": [8.5, 3, 9, 9.5], "rotation": 270, "texture": "#0", "tintindex": 0},
				"up": {"uv": [8.5, 3, 9, 9.5], "texture": "#0", "tintindex": 0},
				"down": {"uv": [8.5, 9.5, 9, 3], "texture": "#0", "tintindex": 0}
			}
		},
		{
			"name": "lily_pad_12",
			"from": [9, 0, 3.5],
			"to": [9.5, 0.5, 9.5],
			"faces": {
				"north": {"uv": [9.5, 3.5, 9, 4], "texture": "#0", "tintindex": 0},
				"east": {"uv": [9, 3.5, 9.5, 9.5], "rotation": 90, "texture": "#0", "tintindex": 0},
				"south": {"uv": [9, 9, 9.5, 9.5], "texture": "#0", "tintindex": 0},
				"up": {"uv": [9, 3.5, 9.5, 9.5], "texture": "#0", "tintindex": 0},
				"down": {"uv": [9, 9.5, 9.5, 3.5], "texture": "#0", "tintindex": 0}
			}
		},
		{
			"name": "lily_pad_13",
			"from": [9.5, 0, 4.5],
			"to": [10, 0.5, 9.5],
			"faces": {
				"north": {"uv": [10, 4.5, 9.5, 5], "texture": "#0", "tintindex": 0},
				"south": {"uv": [9.5, 9, 10, 9.5], "texture": "#0", "tintindex": 0},
				"up": {"uv": [9.5, 4.5, 10, 9.5], "texture": "#0", "tintindex": 0},
				"down": {"uv": [9.5, 9.5, 10, 4.5], "texture": "#0", "tintindex": 0}
			}
		},
		{
			"name": "lily_pad_12",
			"from": [10, 0, 3.5],
			"to": [10.5, 0.5, 9.5],
			"faces": {
				"north": {"uv": [10.5, 3.5, 10, 4], "texture": "#0", "tintindex": 0},
				"south": {"uv": [10, 9, 10.5, 9.5], "texture": "#0", "tintindex": 0},
				"west": {"uv": [10, 3.5, 10.5, 9.5], "rotation": 270, "texture": "#0", "tintindex": 0},
				"up": {"uv": [10, 3.5, 10.5, 9.5], "texture": "#0", "tintindex": 0},
				"down": {"uv": [10, 9.5, 10.5, 3.5], "texture": "#0", "tintindex": 0}
			}
		},
		{
			"name": "lily_pad_12",
			"from": [10.5, 0, 3],
			"to": [11, 0.5, 9.5],
			"faces": {
				"north": {"uv": [11, 3, 10.5, 3.5], "texture": "#0", "tintindex": 0},
				"east": {"uv": [10.5, 3, 11, 9.5], "rotation": 90, "texture": "#0", "tintindex": 0},
				"south": {"uv": [10.5, 9, 11, 9.5], "texture": "#0", "tintindex": 0},
				"west": {"uv": [10.5, 3, 11, 9.5], "rotation": 270, "texture": "#0", "tintindex": 0},
				"up": {"uv": [10.5, 3, 11, 9.5], "texture": "#0", "tintindex": 0},
				"down": {"uv": [10.5, 9.5, 11, 3], "texture": "#0", "tintindex": 0}
			}
		},
		{
			"name": "lily_pad_11",
			"from": [11, 0, 2.5],
			"to": [12, 0.5, 9],
			"faces": {
				"north": {"uv": [12, 2.5, 11, 3], "texture": "#0", "tintindex": 0},
				"east": {"uv": [11.5, 2.5, 12, 9], "rotation": 90, "texture": "#0", "tintindex": 0},
				"south": {"uv": [11, 8.5, 12, 9], "texture": "#0", "tintindex": 0},
				"west": {"uv": [11, 2.5, 11.5, 9], "rotation": 270, "texture": "#0", "tintindex": 0},
				"up": {"uv": [11, 2.5, 12, 9], "texture": "#0", "tintindex": 0},
				"down": {"uv": [11, 9, 12, 2.5], "texture": "#0", "tintindex": 0}
			}
		},
		{
			"name": "lily_pad_12",
			"from": [12, 0, 3],
			"to": [12.5, 0.5, 8.5],
			"faces": {
				"north": {"uv": [12.5, 3, 12, 3.5], "texture": "#0", "tintindex": 0},
				"east": {"uv": [12, 3, 12.5, 8.5], "rotation": 90, "texture": "#0", "tintindex": 0},
				"south": {"uv": [12, 8, 12.5, 8.5], "texture": "#0", "tintindex": 0},
				"up": {"uv": [12, 3, 12.5, 8.5], "texture": "#0", "tintindex": 0},
				"down": {"uv": [12, 8.5, 12.5, 3], "texture": "#0", "tintindex": 0}
			}
		},
		{
			"name": "lily_pad_13",
			"from": [12.5, 0, 4],
			"to": [13, 0.5, 7.5],
			"faces": {
				"north": {"uv": [13, 4, 12.5, 4.5], "texture": "#0", "tintindex": 0},
				"east": {"uv": [12.5, 4, 13, 7.5], "rotation": 90, "texture": "#0", "tintindex": 0},
				"south": {"uv": [12.5, 7, 13, 7.5], "texture": "#0", "tintindex": 0},
				"up": {"uv": [12.5, 4, 13, 7.5], "texture": "#0", "tintindex": 0},
				"down": {"uv": [12.5, 7.5, 13, 4], "texture": "#0", "tintindex": 0}
			}
		}
	],
	"groups": [
		{
			"name": "lily_pad",
			"origin": [8, 8, 8],
			"color": 0,
			"children": [0, 1, 2, 3, 4, 5, 6, 7, 8, 9, 10, 11, 12, 13, 14, 15, 16, 17, 18, 19, 20, 21, 22, 23, 24, 25, 26]
		}
	]
}