{
	"credit": "Made with Blockbench by Juknum",
	"textures": {
		"0": "minecraft:block/iron_bars",
		"particle": "minecraft:block/iron_bars"
	},
	"elements": [
		{
			"from": [7, 0, 2],
			"to": [9, 16, 4],
			"faces": {
				"north": {"uv": [2, 0, 4, 16], "texture": "#0"},
				"east": {"uv": [2, 0, 4, 16], "texture": "#0"},
				"south": {"uv": [2, 0, 4, 16], "texture": "#0"},
				"west": {"uv": [2, 0, 4, 16], "texture": "#0"},
				"up": {"uv": [2, 0, 4, 2], "rotation": 90, "texture": "#0"},
				"down": {"uv": [2, 14, 4, 16], "rotation": 270, "texture": "#0"}
			}
		},
		{
			"from": [7, 7, 0],
			"to": [9, 9, 2],
			"faces": {
				"north": {"uv": [0, 7, 2, 9], "texture": "#0", "cullface": "north"},
				"east": {"uv": [14, 7, 16, 9], "texture": "#0"},
				"west": {"uv": [0, 7, 2, 9], "texture": "#0"},
				"up": {"uv": [0, 7, 2, 9], "rotation": 90, "texture": "#0"},
				"down": {"uv": [0, 7, 2, 9], "rotation": 270, "texture": "#0"}
			}
		},
		{
			"from": [7, 12, 4],
			"to": [9, 14, 7],
			"faces": {
				"east": {"uv": [4, 2, 7, 4], "texture": "#0"},
				"west": {"uv": [4, 2, 7, 4], "texture": "#0"},
				"up": {"uv": [4, 2, 7, 4], "rotation": 90, "texture": "#0"},
				"down": {"uv": [4, 2, 7, 4], "rotation": 270, "texture": "#0"}
			}
		}
	],
	"groups": [
		{
			"name": "group",
			"origin": [8, 8, 8],
			"children": [0, 1, 2]
		}
	]
}