{
	"credit": "Made by Juknum with Blockbench",
	"parent": "block/block",
	"textures": {
		"0": "minecraft:block/sandstone_slab",
		"2": "minecraft:block/sandstone_top",
		"3": "minecraft:block/sandstone_bottom",
		"particle": "#0"
	},
	"elements": [
		{
			"from": [0, 0, 0],
			"to": [16, 8, 16],
			"faces": {
				"north": {"uv": [0, 8, 16, 16], "texture": "#0"},
				"east": {"uv": [0, 8, 16, 16], "texture": "#0"},
				"south": {"uv": [0, 8, 16, 16], "texture": "#0"},
				"west": {"uv": [0, 8, 16, 16], "texture": "#0"},
				"up": {"uv": [0, 0, 16, 16], "texture": "#2"},
				"down": {"uv": [0, 0, 16, 16], "texture": "#3"}
			}
		}
	]
}