{
	"credit": "Made by Juknum with Blockbench",
	"ambientocclusion": false,
	"texture_size": [32, 32],
	"textures": {
		"2": "minecraft:block/rail_special",
		"particle": "minecraft:block/rail"
	},
	"elements": [
		{
			"from": [5, 6, -0.825],
			"to": [11, 6.5, 5.175],
			"rotation": {"angle": 45, "axis": "x", "origin": [8, 0.5, 8]},
			"faces": {
				"north": {"uv": [0, 4, 3, 4.25], "rotation": 180, "texture": "#2"},
				"east": {"uv": [2.75, 4, 3, 7], "rotation": 90, "texture": "#2"},
				"south": {"uv": [0, 6.75, 3, 7], "texture": "#2"},
				"west": {"uv": [0, 4, 0.25, 7], "rotation": 270, "texture": "#2"},
				"up": {"uv": [0, 4, 3, 7], "texture": "#2"},
				"down": {"uv": [0, 4, 3, 7], "rotation": 270, "texture": "#2"}
			}
		}
	],
	"groups": [
		{
			"name": "group",
			"origin": [8, 8, 8],
			"children": [0]
		}
	]
}