{
	"credit": "Made by Juknum with Blockbench",
	"ambientocclusion": false,
	"texture_size": [
		32,
		32
	],
	"textures": {
		"2": "minecraft:block/rail_special",
		"particle": "minecraft:block/rail"
	},
	"elements": [
		{
			"from": [
				5,
				6,
				-0.825
			],
			"to": [
				11,
				6.5,
				-0.325
			],
			"rotation": {
				"angle": 45,
				"axis": "x",
				"origin": [
					8,
					0.5,
					8
				]
			},
			"faces": {
				"north": {
					"uv": [
						3,
						4,
						6,
						4.25
					],
					"rotation": 180,
					"texture": "#2"
				},
				"east": {
					"uv": [
						5.75,
						4,
						6,
						4.25
					],
					"texture": "#2"
				},
				"south": {
					"uv": [
						3,
						4,
						6,
						4.25
					],
					"texture": "#2"
				},
				"west": {
					"uv": [
						3,
						4,
						3.25,
						4.25
					],
					"texture": "#2"
				},
				"up": {
					"uv": [
						3,
						4,
						6,
						4.25
					],
					"texture": "#2"
				}
			}
		},
		{
			"from": [
				5,
				6,
				4.675
			],
			"to": [
				11,
				6.5,
				5.175
			],
			"rotation": {
				"angle": 45,
				"axis": "x",
				"origin": [
					8,
					0.5,
					8
				]
			},
			"faces": {
				"north": {
					"uv": [
						3,
						6.75,
						6,
						7
					],
					"rotation": 180,
					"texture": "#2"
				},
				"east": {
					"uv": [
						5.75,
						6.75,
						6,
						7
					],
					"texture": "#2"
				},
				"south": {
					"uv": [
						3,
						6.75,
						6,
						7
					],
					"texture": "#2"
				},
				"west": {
					"uv": [
						3,
						6.75,
						3.25,
						7
					],
					"texture": "#2"
				},
				"up": {
					"uv": [
						3,
						6.75,
						6,
						7
					],
					"texture": "#2"
				}
			}
		},
		{
			"from": [
				5,
				6,
				-0.325
			],
			"to": [
				5.5,
				6.5,
				4.675
			],
			"rotation": {
				"angle": 45,
				"axis": "x",
				"origin": [
					8,
					0.5,
					8
				]
			},
			"faces": {
				"east": {
					"uv": [
						3,
						4.25,
						3.25,
						6.75
					],
					"rotation": 90,
					"texture": "#2"
				},
				"west": {
					"uv": [
						3,
						4.25,
						3.25,
						6.75
					],
					"rotation": 270,
					"texture": "#2"
				},
				"up": {
					"uv": [
						3,
						4.25,
						3.25,
						6.75
					],
					"texture": "#2"
				},
				"down": {
					"uv": [
						3,
						4.25,
						3.25,
						6.75
					],
					"texture": "#2"
				}
			}
		},
		{
			"from": [
				10.5,
				6,
				-0.325
			],
			"to": [
				11,
				6.5,
				4.675
			],
			"rotation": {
				"angle": 45,
				"axis": "x",
				"origin": [
					8,
					0.5,
					8
				]
			},
			"faces": {
				"east": {
					"uv": [
						5.75,
						4.25,
						6,
						6.75
					],
					"rotation": 90,
					"texture": "#2"
				},
				"west": {
					"uv": [
						5.75,
						4.25,
						6,
						6.75
					],
					"rotation": 270,
					"texture": "#2"
				},
				"up": {
					"uv": [
						5.75,
						4.25,
						6,
						6.75
					],
					"texture": "#2"
				},
				"down": {
					"uv": [
						5.75,
						4.25,
						6,
						6.75
					],
					"texture": "#2"
				}
			}
		},
		{
			"from": [
				5.5,
				6.5,
				-0.325
			],
			"to": [
				10.5,
				7,
				4.675
			],
			"rotation": {
				"angle": 45,
				"axis": "x",
				"origin": [
					8,
					0.5,
					8
				]
			},
			"faces": {
				"north": {
					"uv": [
						3.25,
						4.25,
						5.75,
						4.5
					],
					"rotation": 180,
					"texture": "#2"
				},
				"east": {
					"uv": [
						5.5,
						4.25,
						5.75,
						6.75
					],
					"rotation": 90,
					"texture": "#2"
				},
				"south": {
					"uv": [
						3.25,
						6.5,
						5.75,
						6.75
					],
					"texture": "#2"
				},
				"west": {
					"uv": [
						3.25,
						4.25,
						3.5,
						6.75
					],
					"rotation": 270,
					"texture": "#2"
				},
				"up": {
					"uv": [
						3.25,
						4.25,
						5.75,
						6.75
					],
					"texture": "#2"
				},
				"down": {
					"uv": [
						3.25,
						4.25,
						5.75,
						6.75
					],
					"rotation": 270,
					"texture": "#2"
				}
			}
		}
	],
	"groups": [
		{
			"name": "group",
			"origin": [
				8,
				8,
				8
			],
			"children": [
				0,
				1,
				2,
				3,
				4
			]
		}
	]
}