{
	"credit": "Made by Juknum with Blockbench",
	"ambientocclusion": false,
	"texture_size": [
		32,
		32
	],
	"textures": {
		"2": "minecraft:block/rail_special",
		"particle": "minecraft:block/detector_rail"
	},
	"elements": [
		{
			"from": [
				5,
				0.5,
				5
			],
			"to": [
				11,
				1,
				11
			],
			"faces": {
				"north": {
					"uv": [
						0,
						4,
						3,
						4.25
					],
					"rotation": 180,
					"texture": "#2"
				},
				"east": {
					"uv": [
						2.75,
						4,
						3,
						7
					],
					"rotation": 90,
					"texture": "#2"
				},
				"south": {
					"uv": [
						0,
						6.75,
						3,
						7
					],
					"texture": "#2"
				},
				"west": {
					"uv": [
						0,
						4,
						0.25,
						7
					],
					"rotation": 270,
					"texture": "#2"
				},
				"up": {
					"uv": [
						0,
						4,
						3,
						7
					],
					"texture": "#2"
				},
				"down": {
					"uv": [
						3,
						4,
						0,
						7
					],
					"rotation": 180,
					"texture": "#2"
				}
			}
		}
	],
	"groups": [
		{
			"name": "detector_rail",
			"origin": [
				8,
				8,
				8
			],
			"children": [
				0
			]
		}
	]
}