{
	"credit": "Made by Juknum with Blockbench",
	"texture_size": [
		16,
		32
	],
	"textures": {
		"0": "minecraft:block/pointed_dripstone",
		"particle": "minecraft:block/pointed_dripstone"
	},
	"elements": [
		{
			"from": [
				6,
				0,
				6
			],
			"to": [
				10,
				11,
				10
			],
			"rotation": {
				"angle": 0,
				"axis": "y",
				"origin": [
					11,
					8,
					11
				]
			},
			"faces": {
				"north": {
					"uv": [
						0,
						5,
						4,
						10.5
					],
					"texture": "#0"
				},
				"east": {
					"uv": [
						0,
						5,
						4,
						10.5
					],
					"texture": "#0"
				},
				"south": {
					"uv": [
						0,
						5,
						4,
						10.5
					],
					"texture": "#0"
				},
				"west": {
					"uv": [
						0,
						5,
						4,
						10.5
					],
					"texture": "#0"
				},
				"up": {
					"uv": [
						0,
						0,
						4,
						2
					],
					"texture": "#0",
					"cullface": "up"
				},
				"down": {
					"uv": [
						6,
						3,
						10,
						5
					],
					"texture": "#0",
					"cullface": "down"
				}
			}
		},
		{
			"from": [
				5,
				0,
				5
			],
			"to": [
				9,
				3,
				9
			],
			"rotation": {
				"angle": 0,
				"axis": "y",
				"origin": [
					14,
					8,
					13
				]
			},
			"faces": {
				"north": {
					"uv": [
						0,
						13,
						4,
						14.5
					],
					"texture": "#0"
				},
				"east": {
					"uv": [
						0,
						13,
						4,
						14.5
					],
					"texture": "#0"
				},
				"south": {
					"uv": [
						0,
						13,
						4,
						14.5
					],
					"texture": "#0"
				},
				"west": {
					"uv": [
						0,
						13,
						4,
						14.5
					],
					"texture": "#0"
				},
				"up": {
					"uv": [
						0,
						0,
						4,
						2
					],
					"texture": "#0"
				},
				"down": {
					"uv": [
						5,
						3.5,
						9,
						5.5
					],
					"texture": "#0",
					"cullface": "down"
				}
			}
		},
		{
			"from": [
				9,
				0,
				9
			],
			"to": [
				11,
				8,
				11
			],
			"rotation": {
				"angle": 0,
				"axis": "y",
				"origin": [
					17,
					8,
					18
				]
			},
			"faces": {
				"north": {
					"uv": [
						0,
						8,
						2,
						12
					],
					"texture": "#0"
				},
				"east": {
					"uv": [
						0,
						8,
						2,
						12
					],
					"texture": "#0"
				},
				"south": {
					"uv": [
						0,
						8,
						2,
						12
					],
					"texture": "#0"
				},
				"west": {
					"uv": [
						0,
						8,
						2,
						12
					],
					"texture": "#0"
				},
				"up": {
					"uv": [
						0,
						0,
						2,
						1
					],
					"texture": "#0"
				},
				"down": {
					"uv": [
						9,
						2.5,
						11,
						3.5
					],
					"texture": "#0",
					"cullface": "down"
				}
			}
		}
	],
	"display": {
		"thirdperson_righthand": {
			"translation": [
				0,
				3,
				1
			],
			"scale": [
				0.55,
				0.55,
				0.55
			]
		},
		"thirdperson_lefthand": {
			"translation": [
				0,
				3,
				1
			],
			"scale": [
				0.55,
				0.55,
				0.55
			]
		},
		"firstperson_righthand": {
			"rotation": [
				0,
				-90,
				25
			],
			"translation": [
				1.13,
				3.2,
				1.13
			],
			"scale": [
				0.68,
				0.68,
				0.68
			]
		},
		"firstperson_lefthand": {
			"rotation": [
				0,
				-90,
				25
			],
			"translation": [
				1.13,
				3.2,
				1.13
			],
			"scale": [
				0.68,
				0.68,
				0.68
			]
		},
		"ground": {
			"translation": [
				0,
				2,
				0
			],
			"scale": [
				0.5,
				0.5,
				0.5
			]
		},
		"gui": {
			"rotation": [
				30,
				225,
				0
			],
			"translation": [
				0,
				2.25,
				0
			],
			"scale": [
				1.1,
				1.1,
				1.1
			]
		},
		"head": {
			"rotation": [
				145,
				0,
				180
			],
			"translation": [
				0,
				10.5,
				-8.25
			]
		},
		"fixed": {
			"rotation": [
				0,
				180,
				0
			]
		}
	}
}