{
	"credit": "Made by Juknum with Blockbench",
	"texture_size": [
		16,
		32
	],
	"textures": {
		"0": "minecraft:block/pointed_dripstone",
		"particle": "minecraft:block/pointed_dripstone"
	},
	"elements": [
		{
			"from": [
				6,
				0,
				6
			],
			"to": [
				10,
				16,
				10
			],
			"rotation": {
				"angle": 0,
				"axis": "y",
				"origin": [
					8,
					0,
					8
				]
			},
			"faces": {
				"north": {
					"uv": [
						0,
						0,
						4,
						8
					],
					"texture": "#0"
				},
				"east": {
					"uv": [
						0,
						0,
						4,
						8
					],
					"texture": "#0"
				},
				"south": {
					"uv": [
						0,
						0,
						4,
						8
					],
					"texture": "#0"
				},
				"west": {
					"uv": [
						0,
						0,
						4,
						8
					],
					"texture": "#0"
				},
				"up": {
					"uv": [
						0,
						0,
						4,
						2
					],
					"texture": "#0",
					"cullface": "down"
				},
				"down": {
					"uv": [
						6,
						3,
						10,
						5
					],
					"texture": "#0",
					"cullface": "down"
				}
			}
		},
		{
			"from": [
				7,
				0,
				7
			],
			"to": [
				11,
				10,
				11
			],
			"rotation": {
				"angle": 0,
				"axis": "y",
				"origin": [
					16,
					8,
					15
				]
			},
			"faces": {
				"north": {
					"uv": [
						0,
						0,
						4,
						5
					],
					"texture": "#0"
				},
				"east": {
					"uv": [
						0,
						0,
						4,
						5
					],
					"texture": "#0"
				},
				"south": {
					"uv": [
						0,
						0,
						4,
						5
					],
					"texture": "#0"
				},
				"west": {
					"uv": [
						0,
						0,
						4,
						5
					],
					"texture": "#0"
				},
				"up": {
					"uv": [
						0,
						0,
						4,
						2
					],
					"texture": "#0"
				},
				"down": {
					"uv": [
						7,
						2.5,
						11,
						4.5
					],
					"texture": "#0",
					"cullface": "down"
				}
			}
		},
		{
			"from": [
				5,
				0,
				5
			],
			"to": [
				7,
				14,
				7
			],
			"rotation": {
				"angle": 0,
				"axis": "y",
				"origin": [
					13,
					8,
					14
				]
			},
			"faces": {
				"north": {
					"uv": [
						0,
						0,
						2,
						7
					],
					"texture": "#0"
				},
				"east": {
					"uv": [
						0,
						0,
						2,
						7
					],
					"texture": "#0"
				},
				"south": {
					"uv": [
						0,
						0,
						2,
						7
					],
					"texture": "#0"
				},
				"west": {
					"uv": [
						0,
						0,
						2,
						7
					],
					"texture": "#0"
				},
				"up": {
					"uv": [
						0,
						0,
						2,
						1
					],
					"texture": "#0"
				},
				"down": {
					"uv": [
						5,
						4.5,
						7,
						5.5
					],
					"texture": "#0",
					"cullface": "down"
				}
			}
		}
	]
}