{
	"credit": "Made by Juknum with Blockbench",
	"texture_size": [
		16,
		32
	],
	"textures": {
		"0": "minecraft:block/pointed_dripstone",
		"particle": "minecraft:block/pointed_dripstone"
	},
	"elements": [
		{
			"from": [
				4,
				0,
				4
			],
			"to": [
				12,
				16,
				12
			],
			"rotation": {
				"angle": 0,
				"axis": "y",
				"origin": [
					12,
					8,
					12
				]
			},
			"faces": {
				"north": {
					"uv": [
						0,
						0,
						8,
						8
					],
					"texture": "#0"
				},
				"east": {
					"uv": [
						0,
						0,
						8,
						8
					],
					"texture": "#0"
				},
				"south": {
					"uv": [
						0,
						0,
						8,
						8
					],
					"texture": "#0"
				},
				"west": {
					"uv": [
						0,
						0,
						8,
						8
					],
					"texture": "#0"
				},
				"up": {
					"uv": [
						0,
						0,
						8,
						4
					],
					"texture": "#0"
				},
				"down": {
					"uv": [
						0,
						0,
						8,
						4
					],
					"texture": "#0",
					"cullface": "down"
				}
			}
		}
	]
}