{
	"credit": "Made with Blockbench",
	"parent": "block/stairs/stairs_inventory",
	"textures": {
		"half": "block/sandstone_slab",
		"side": "block/sandstone_stairs",
		"back": "block/sandstone",
		"top": "block/sandstone_top",
		"bottom": "block/sandstone_bottom"
	},
	"elements": [
		{
			"from": [0, 0, 0],
			"to": [16, 8, 16],
			"faces": {
				"north": {"uv": [0, 8, 16, 16], "texture": "#side", "cullface": "north"},
				"east": {"uv": [0, 8, 16, 16], "texture": "#back", "cullface": "east"},
				"south": {"uv": [16, 8, 0, 16], "texture": "#side", "cullface": "south"},
				"west": {"uv": [0, 8, 16, 16], "texture": "#half", "cullface": "west"},
				"up": {"uv": [0, 0, 16, 16], "texture": "#top"},
				"down": {"uv": [0, 0, 16, 16], "texture": "#bottom", "cullface": "down"}
			}
		},
		{
			"from": [8, 8, 0],
			"to": [16, 16, 16],
			"faces": {
				"north": {"uv": [8, 0, 0, 8], "texture": "#side", "cullface": "north"},
				"east": {"uv": [0, 0, 16, 8], "texture": "#back", "cullface": "east"},
				"south": {"uv": [8, 0, 0, 8], "texture": "#side", "cullface": "south"},
				"west": {"uv": [0, 0, 16, 8], "texture": "#half"},
				"up": {"uv": [8, 0, 16, 16], "texture": "#top", "cullface": "up"}
			}
		}
	]
}