{
	"credit": "Made with Blockbench by Juknum",
	"textures": {
		"0": "minecraft:block/sweet_berry_bush_stage2",
		"1": "minecraft:block/spruce_log",
		"2": "minecraft:block/sweet_berry_bush_stage0",
		"particle": "minecraft:block/sweet_berry_bush_stage2"
	},
	"elements": [
		{
			"from": [
				13.88761,
				3.41608,
				1
			],
			"to": [
				13.88761,
				18.41608,
				15
			],
			"rotation": {
				"angle": -45,
				"axis": "z",
				"origin": [
					5.88761,
					21.41608,
					8
				]
			},
			"faces": {
				"east": {
					"uv": [
						1,
						0.5,
						15,
						15.5
					],
					"texture": "#0"
				},
				"west": {
					"uv": [
						1,
						0.5,
						15,
						15.5
					],
					"texture": "#0"
				}
			}
		},
		{
			"from": [
				10.33514,
				-6.43496,
				1
			],
			"to": [
				10.33514,
				8.56504,
				15
			],
			"rotation": {
				"angle": 45,
				"axis": "z",
				"origin": [
					2.33514,
					6.56504,
					8
				]
			},
			"faces": {
				"east": {
					"uv": [
						1,
						0.5,
						15,
						15.5
					],
					"texture": "#0"
				},
				"west": {
					"uv": [
						1,
						0.5,
						15,
						15.5
					],
					"texture": "#0"
				}
			}
		},
		{
			"from": [
				10.91879,
				-2.59677,
				3
			],
			"to": [
				10.91879,
				5.40323,
				13
			],
			"rotation": {
				"angle": 22.5,
				"axis": "z",
				"origin": [
					1.91879,
					7.40323,
					8
				]
			},
			"faces": {
				"east": {
					"uv": [
						3,
						8,
						13,
						16
					],
					"texture": "#0"
				},
				"west": {
					"uv": [
						3,
						8,
						13,
						16
					],
					"texture": "#0"
				}
			}
		},
		{
			"from": [
				6.44953,
				4.29229,
				3
			],
			"to": [
				6.44953,
				12.29229,
				13
			],
			"rotation": {
				"angle": -22.5,
				"axis": "z",
				"origin": [
					-2.55047,
					14.29229,
					8
				]
			},
			"faces": {
				"east": {
					"uv": [
						3,
						8,
						13,
						16
					],
					"texture": "#0"
				},
				"west": {
					"uv": [
						3,
						8,
						13,
						16
					],
					"texture": "#0"
				}
			}
		},
		{
			"from": [
				3,
				-2.59639,
				10.91972
			],
			"to": [
				13,
				5.40361,
				10.91972
			],
			"rotation": {
				"angle": -22.5,
				"axis": "x",
				"origin": [
					8,
					7.40361,
					1.91972
				]
			},
			"faces": {
				"north": {
					"uv": [
						3,
						8,
						13,
						16
					],
					"texture": "#0"
				},
				"south": {
					"uv": [
						3,
						8,
						13,
						16
					],
					"texture": "#0"
				}
			}
		},
		{
			"from": [
				3,
				4.29191,
				6.45045
			],
			"to": [
				13,
				12.29191,
				6.45045
			],
			"rotation": {
				"angle": 22.5,
				"axis": "x",
				"origin": [
					8,
					14.29191,
					-2.54955
				]
			},
			"faces": {
				"north": {
					"uv": [
						3,
						8,
						13,
						16
					],
					"texture": "#0"
				},
				"south": {
					"uv": [
						3,
						8,
						13,
						16
					],
					"texture": "#0"
				}
			}
		},
		{
			"from": [
				1,
				1.95156,
				-1.422
			],
			"to": [
				15,
				16.95156,
				-1.422
			],
			"rotation": {
				"angle": -45,
				"axis": "x",
				"origin": [
					8,
					24.95156,
					6.578
				]
			},
			"faces": {
				"north": {
					"uv": [
						1,
						0.5,
						15,
						15.5
					],
					"texture": "#0"
				},
				"south": {
					"uv": [
						1,
						0.5,
						15,
						15.5
					],
					"texture": "#0"
				}
			}
		},
		{
			"from": [
				1,
				18.10166,
				-0.79797
			],
			"to": [
				15,
				18.10166,
				14.20203
			],
			"rotation": {
				"angle": -45,
				"axis": "x",
				"origin": [
					8,
					10.10166,
					17.20203
				]
			},
			"faces": {
				"up": {
					"uv": [
						0,
						0.5,
						16,
						15.5
					],
					"rotation": 180,
					"texture": "#0"
				},
				"down": {
					"uv": [
						0,
						0.5,
						16,
						15.5
					],
					"texture": "#0"
				}
			}
		},
		{
			"from": [
				4,
				5,
				4
			],
			"to": [
				12,
				13,
				4
			],
			"rotation": {
				"angle": 0,
				"axis": "x",
				"origin": [
					4,
					16.10166,
					12.20203
				]
			},
			"faces": {
				"north": {
					"uv": [
						4,
						8,
						12,
						16
					],
					"texture": "#2"
				},
				"south": {
					"uv": [
						4,
						8,
						12,
						16
					],
					"texture": "#2"
				}
			}
		},
		{
			"from": [
				4,
				5,
				12
			],
			"to": [
				12,
				13,
				12
			],
			"rotation": {
				"angle": 0,
				"axis": "x",
				"origin": [
					4,
					16.10166,
					20.20203
				]
			},
			"faces": {
				"north": {
					"uv": [
						4,
						8,
						12,
						16
					],
					"texture": "#2"
				},
				"south": {
					"uv": [
						4,
						8,
						12,
						16
					],
					"texture": "#2"
				}
			}
		},
		{
			"from": [
				4,
				2,
				11
			],
			"to": [
				12,
				10,
				11
			],
			"rotation": {
				"angle": 45,
				"axis": "x",
				"origin": [
					8,
					6,
					11
				]
			},
			"faces": {
				"north": {
					"uv": [
						4,
						8,
						12,
						16
					],
					"texture": "#2"
				},
				"south": {
					"uv": [
						4,
						8,
						12,
						16
					],
					"texture": "#2"
				}
			}
		},
		{
			"from": [
				4,
				2,
				5
			],
			"to": [
				12,
				10,
				5
			],
			"rotation": {
				"angle": -45,
				"axis": "x",
				"origin": [
					8,
					6,
					5
				]
			},
			"faces": {
				"north": {
					"uv": [
						4,
						8,
						12,
						16
					],
					"texture": "#2"
				},
				"south": {
					"uv": [
						4,
						8,
						12,
						16
					],
					"texture": "#2"
				}
			}
		},
		{
			"from": [
				11,
				2,
				4
			],
			"to": [
				11,
				10,
				12
			],
			"rotation": {
				"angle": -45,
				"axis": "z",
				"origin": [
					11,
					6,
					8
				]
			},
			"faces": {
				"east": {
					"uv": [
						4,
						8,
						12,
						16
					],
					"texture": "#2"
				},
				"west": {
					"uv": [
						4,
						8,
						12,
						16
					],
					"texture": "#2"
				}
			}
		},
		{
			"from": [
				5,
				2,
				4
			],
			"to": [
				5,
				10,
				12
			],
			"rotation": {
				"angle": 45,
				"axis": "z",
				"origin": [
					5,
					6,
					8
				]
			},
			"faces": {
				"east": {
					"uv": [
						4,
						8,
						12,
						16
					],
					"texture": "#2"
				},
				"west": {
					"uv": [
						4,
						8,
						12,
						16
					],
					"texture": "#2"
				}
			}
		},
		{
			"from": [
				12,
				5,
				4
			],
			"to": [
				12,
				13,
				12
			],
			"rotation": {
				"angle": 0,
				"axis": "y",
				"origin": [
					12,
					9,
					8
				]
			},
			"faces": {
				"east": {
					"uv": [
						4,
						8,
						12,
						16
					],
					"texture": "#2"
				},
				"west": {
					"uv": [
						4,
						8,
						12,
						16
					],
					"texture": "#2"
				}
			}
		},
		{
			"from": [
				4,
				5,
				4
			],
			"to": [
				4,
				13,
				12
			],
			"rotation": {
				"angle": 0,
				"axis": "y",
				"origin": [
					4,
					9,
					8
				]
			},
			"faces": {
				"east": {
					"uv": [
						4,
						8,
						12,
						16
					],
					"texture": "#2"
				},
				"west": {
					"uv": [
						4,
						8,
						12,
						16
					],
					"texture": "#2"
				}
			}
		},
		{
			"from": [
				6.88838,
				5,
				3.02542
			],
			"to": [
				6.88838,
				13,
				11.02542
			],
			"rotation": {
				"angle": -45,
				"axis": "y",
				"origin": [
					7.88838,
					9,
					5.52542
				]
			},
			"faces": {
				"east": {
					"uv": [
						4,
						8,
						12,
						16
					],
					"texture": "#2"
				},
				"west": {
					"uv": [
						4,
						8,
						12,
						16
					],
					"texture": "#2"
				}
			}
		},
		{
			"from": [
				9.23153,
				5,
				6.68227
			],
			"to": [
				9.23153,
				13,
				14.68227
			],
			"rotation": {
				"angle": -45,
				"axis": "y",
				"origin": [
					10.23153,
					9,
					11.18227
				]
			},
			"faces": {
				"east": {
					"uv": [
						4,
						8,
						12,
						16
					],
					"texture": "#2"
				},
				"west": {
					"uv": [
						4,
						8,
						12,
						16
					],
					"texture": "#2"
				}
			}
		},
		{
			"from": [
				5.17157,
				5,
				6.17157
			],
			"to": [
				5.17157,
				13,
				14.17157
			],
			"rotation": {
				"angle": 45,
				"axis": "y",
				"origin": [
					5.17157,
					9,
					9.17157
				]
			},
			"faces": {
				"east": {
					"uv": [
						4,
						8,
						12,
						16
					],
					"texture": "#2"
				},
				"west": {
					"uv": [
						4,
						8,
						12,
						16
					],
					"texture": "#2"
				}
			}
		},
		{
			"from": [
				10.82872,
				5,
				1.82913
			],
			"to": [
				10.82872,
				13,
				9.82913
			],
			"rotation": {
				"angle": 45,
				"axis": "y",
				"origin": [
					10.82872,
					9,
					6.82913
				]
			},
			"faces": {
				"east": {
					"uv": [
						4,
						8,
						12,
						16
					],
					"texture": "#2"
				},
				"west": {
					"uv": [
						4,
						8,
						12,
						16
					],
					"texture": "#2"
				}
			}
		},
		{
			"from": [
				7.5,
				-2,
				13
			],
			"to": [
				8.5,
				5,
				13
			],
			"rotation": {
				"angle": 22.5,
				"axis": "x",
				"origin": [
					1.5,
					7,
					13
				]
			},
			"faces": {
				"north": {
					"uv": [
						0,
						0,
						1,
						7
					],
					"texture": "#1"
				},
				"south": {
					"uv": [
						0,
						0,
						1,
						7
					],
					"texture": "#1"
				}
			}
		},
		{
			"from": [
				3.05848,
				4.85902,
				7.5
			],
			"to": [
				3.05848,
				6.85902,
				8.5
			],
			"rotation": {
				"angle": 45,
				"axis": "z",
				"origin": [
					3.05848,
					5.85902,
					8.5
				]
			},
			"faces": {
				"east": {
					"uv": [
						0,
						0,
						1,
						2
					],
					"texture": "#1"
				},
				"west": {
					"uv": [
						0,
						0,
						1,
						2
					],
					"texture": "#1"
				}
			}
		},
		{
			"from": [
				7.29319,
				5.3064,
				7.5
			],
			"to": [
				7.29319,
				7.3064,
				8.5
			],
			"rotation": {
				"angle": 45,
				"axis": "z",
				"origin": [
					7.29319,
					6.3064,
					8.5
				]
			},
			"faces": {
				"east": {
					"uv": [
						0,
						0,
						1,
						2
					],
					"texture": "#1"
				},
				"west": {
					"uv": [
						0,
						0,
						1,
						2
					],
					"texture": "#1"
				}
			}
		},
		{
			"from": [
				10.33414,
				12.56604,
				7.5
			],
			"to": [
				10.33414,
				14.56604,
				8.5
			],
			"rotation": {
				"angle": -45,
				"axis": "z",
				"origin": [
					2.33514,
					6.56504,
					0.5
				]
			},
			"faces": {
				"east": {
					"uv": [
						0,
						0,
						1,
						2
					],
					"texture": "#1"
				},
				"west": {
					"uv": [
						0,
						0,
						1,
						2
					],
					"texture": "#1"
				}
			}
		},
		{
			"from": [
				6.10051,
				13.0138,
				7.5
			],
			"to": [
				6.10051,
				15.0138,
				8.5
			],
			"rotation": {
				"angle": -45,
				"axis": "z",
				"origin": [
					-1.89849,
					7.0128,
					0.5
				]
			},
			"faces": {
				"east": {
					"uv": [
						0,
						0,
						1,
						2
					],
					"texture": "#1"
				},
				"west": {
					"uv": [
						0,
						0,
						1,
						2
					],
					"texture": "#1"
				}
			}
		},
		{
			"from": [
				7.5,
				3.98034,
				0.93716
			],
			"to": [
				8.5,
				5.98034,
				0.93716
			],
			"rotation": {
				"angle": -45,
				"axis": "x",
				"origin": [
					1.5,
					7.98034,
					0.93716
				]
			},
			"faces": {
				"north": {
					"uv": [
						0,
						0,
						1,
						2
					],
					"texture": "#1"
				},
				"south": {
					"uv": [
						0,
						0,
						1,
						2
					],
					"texture": "#1"
				}
			}
		},
		{
			"from": [
				7.5,
				4.42772,
				5.17087
			],
			"to": [
				8.5,
				6.42772,
				5.17087
			],
			"rotation": {
				"angle": -45,
				"axis": "x",
				"origin": [
					1.5,
					8.42772,
					5.17087
				]
			},
			"faces": {
				"north": {
					"uv": [
						0,
						0,
						1,
						2
					],
					"texture": "#1"
				},
				"south": {
					"uv": [
						0,
						0,
						1,
						2
					],
					"texture": "#1"
				}
			}
		},
		{
			"from": [
				7.5,
				3.98099,
				15.06328
			],
			"to": [
				8.5,
				5.98099,
				15.06328
			],
			"rotation": {
				"angle": 45,
				"axis": "x",
				"origin": [
					1.5,
					7.98099,
					15.06328
				]
			},
			"faces": {
				"north": {
					"uv": [
						0,
						0,
						1,
						2
					],
					"texture": "#1"
				},
				"south": {
					"uv": [
						0,
						0,
						1,
						2
					],
					"texture": "#1"
				}
			}
		},
		{
			"from": [
				7.5,
				4.42913,
				10.82872
			],
			"to": [
				8.5,
				6.42913,
				10.82872
			],
			"rotation": {
				"angle": 45,
				"axis": "x",
				"origin": [
					1.5,
					8.42913,
					10.82872
				]
			},
			"faces": {
				"north": {
					"uv": [
						0,
						0,
						1,
						2
					],
					"texture": "#1"
				},
				"south": {
					"uv": [
						0,
						0,
						1,
						2
					],
					"texture": "#1"
				}
			}
		},
		{
			"from": [
				7.5,
				-2,
				3
			],
			"to": [
				8.5,
				5,
				3
			],
			"rotation": {
				"angle": -22.5,
				"axis": "x",
				"origin": [
					1.5,
					7,
					3
				]
			},
			"faces": {
				"north": {
					"uv": [
						0,
						0,
						1,
						7
					],
					"texture": "#1"
				},
				"south": {
					"uv": [
						0,
						0,
						1,
						7
					],
					"texture": "#1"
				}
			}
		},
		{
			"from": [
				7.5,
				-1.4,
				8
			],
			"to": [
				8.5,
				5.6,
				8
			],
			"rotation": {
				"angle": 0,
				"axis": "x",
				"origin": [
					1.5,
					8.35,
					8
				]
			},
			"faces": {
				"north": {
					"uv": [
						0,
						0,
						1,
						7
					],
					"texture": "#1"
				},
				"south": {
					"uv": [
						0,
						0,
						1,
						7
					],
					"texture": "#1"
				}
			}
		},
		{
			"from": [
				8,
				-1.4,
				7.5
			],
			"to": [
				8,
				5.6,
				8.5
			],
			"rotation": {
				"angle": 0,
				"axis": "y",
				"origin": [
					8,
					2.6,
					8
				]
			},
			"faces": {
				"east": {
					"uv": [
						0,
						0,
						1,
						7
					],
					"texture": "#1"
				},
				"west": {
					"uv": [
						0,
						0,
						1,
						7
					],
					"texture": "#1"
				}
			}
		},
		{
			"from": [
				13,
				-2,
				7.5
			],
			"to": [
				13,
				5,
				8.5
			],
			"rotation": {
				"angle": -22.5,
				"axis": "z",
				"origin": [
					13,
					7,
					1.5
				]
			},
			"faces": {
				"east": {
					"uv": [
						0,
						0,
						1,
						7
					],
					"texture": "#1"
				},
				"west": {
					"uv": [
						0,
						0,
						1,
						7
					],
					"texture": "#1"
				}
			}
		},
		{
			"from": [
				3,
				-2,
				7.5
			],
			"to": [
				3,
				5,
				8.5
			],
			"rotation": {
				"angle": 22.5,
				"axis": "z",
				"origin": [
					3,
					7,
					15.5
				]
			},
			"faces": {
				"east": {
					"uv": [
						0,
						0,
						1,
						7
					],
					"texture": "#1"
				},
				"west": {
					"uv": [
						0,
						0,
						1,
						7
					],
					"texture": "#1"
				}
			}
		}
	],
	"groups": [
		{
			"name": "group",
			"origin": [
				2.33514,
				6.56504,
				8
			],
			"children": [
				0,
				1,
				2,
				3,
				4,
				5,
				6,
				7,
				8,
				9,
				10,
				11,
				12,
				13,
				14,
				15,
				16,
				17,
				18,
				19
			]
		},
		{
			"name": "group",
			"origin": [
				3,
				7,
				15.5
			],
			"children": [
				20,
				21,
				22,
				23,
				24,
				25,
				26,
				27,
				28,
				29,
				30,
				31,
				32,
				33
			]
		}
	]
}