{
	"credit": "Made with Blockbench by Juknum",
	"textures": {
		"4": "minecraft:block/cake_inner",
		"bottom": "minecraft:block/cake_bottom",
		"top": "minecraft:block/cake_top",
		"particle": "minecraft:block/cake_side",
		"side": "minecraft:block/cake_side",
		"1_top": "minecraft:block/cake_cherry"
	},
	"elements": [
		{
			"name": "cake",
			"from": [9.5, 0, 1.5],
			"to": [14.5, 8, 14.5],
			"faces": {
				"north": {"uv": [1.5, 8, 6.5, 16], "texture": "#side"},
				"east": {"uv": [1.5, 8, 14.5, 16], "texture": "#side"},
				"south": {"uv": [9.5, 8, 14.5, 16], "texture": "#side"},
				"west": {"uv": [1.5, 8, 14.5, 16], "texture": "#4"},
				"up": {"uv": [9.5, 1.5, 14.5, 14.5], "texture": "#top"},
				"down": {"uv": [9.5, 1.5, 14.5, 14.5], "texture": "#bottom", "cullface": "down"}
			}
		},
		{
			"name": "cream",
			"from": [9, 5.5, 1],
			"to": [15, 8, 1.5],
			"faces": {
				"north": {"uv": [1, 8, 7, 10.5], "texture": "#side"},
				"south": {"uv": [1, 8, 7, 10.5], "texture": "#side"},
				"west": {"uv": [1, 8, 1.5, 10.5], "texture": "#side"},
				"up": {"uv": [9, 1, 15, 1.5], "texture": "#top"},
				"down": {"uv": [7, 10, 1, 10.5], "texture": "#side"}
			}
		},
		{
			"name": "cream",
			"from": [14, 4.5, 1],
			"to": [15, 5.5, 1.5],
			"faces": {
				"north": {"uv": [1, 10.5, 2, 11.5], "texture": "#side"},
				"west": {"uv": [1.5, 10.5, 2, 11.5], "texture": "#side"},
				"down": {"uv": [2, 11, 1, 11.5], "texture": "#side"}
			}
		},
		{
			"name": "cream",
			"from": [13.5, 5, 1],
			"to": [14, 5.5, 1.5],
			"faces": {
				"north": {"uv": [2, 10.5, 2.5, 11], "texture": "#side"},
				"west": {"uv": [2, 10.5, 2.5, 11], "texture": "#side"},
				"down": {"uv": [2, 10.5, 2.5, 11], "texture": "#side"}
			}
		},
		{
			"name": "cream",
			"from": [9, 5, 1],
			"to": [11.5, 5.5, 1.5],
			"faces": {
				"north": {"uv": [4.5, 10.5, 7, 11], "texture": "#side"},
				"east": {"uv": [4.5, 10.5, 5, 11], "texture": "#side"},
				"south": {"uv": [6.5, 10.5, 7, 11], "texture": "#side"},
				"west": {"uv": [6.5, 10.5, 7, 11], "texture": "#side"},
				"down": {"uv": [4.5, 10.5, 7, 11], "texture": "#side"}
			}
		},
		{
			"name": "cream",
			"from": [9.5, 4.5, 1],
			"to": [11, 5, 1.5],
			"faces": {
				"north": {"uv": [5, 11, 6.5, 11.5], "texture": "#side"},
				"east": {"uv": [5, 11, 5.5, 11.5], "texture": "#side"},
				"west": {"uv": [6, 11, 6.5, 11.5], "texture": "#side"},
				"down": {"uv": [6.5, 11, 5, 11.5], "texture": "#side"}
			}
		},
		{
			"name": "cream",
			"from": [9, 7.5, 1.5],
			"to": [9.5, 8, 14.5],
			"rotation": {"angle": 0, "axis": "y", "origin": [8, 0, 8]},
			"faces": {
				"west": {"uv": [1.5, 8, 14.5, 8.5], "texture": "#4"},
				"up": {"uv": [9, 1.5, 9.5, 14.5], "texture": "#top"},
				"down": {"uv": [1.5, 8, 14.5, 8.5], "rotation": 270, "texture": "#4"}
			}
		},
		{
			"name": "cream",
			"from": [9, 7, 14],
			"to": [9.5, 7.5, 14.5],
			"rotation": {"angle": 0, "axis": "y", "origin": [8, 0, 8]},
			"faces": {
				"north": {"uv": [14, 8.5, 14.5, 9], "texture": "#4"},
				"west": {"uv": [14, 8.5, 14.5, 9], "texture": "#4"},
				"down": {"uv": [14, 8.5, 14.5, 9], "texture": "#4"}
			}
		},
		{
			"name": "cream",
			"from": [9, 7, 10.5],
			"to": [9.5, 7.5, 11.5],
			"rotation": {"angle": 0, "axis": "y", "origin": [8, 0, 8]},
			"faces": {
				"north": {"uv": [10.5, 8.5, 11, 9], "texture": "#4"},
				"south": {"uv": [11, 8.5, 11.5, 9], "texture": "#4"},
				"west": {"uv": [10.5, 8.5, 11.5, 9], "texture": "#4"},
				"down": {"uv": [10.5, 8.5, 11.5, 9], "rotation": 270, "texture": "#4"}
			}
		},
		{
			"name": "cream",
			"from": [9, 7, 3],
			"to": [9.5, 7.5, 4.475],
			"rotation": {"angle": 0, "axis": "y", "origin": [8, 0, 8]},
			"faces": {
				"north": {"uv": [3, 8.5, 3.5, 9], "texture": "#4"},
				"south": {"uv": [4, 8.5, 4.5, 9], "texture": "#4"},
				"west": {"uv": [3, 8.5, 4.5, 9], "texture": "#4"},
				"down": {"uv": [3, 8.5, 4.5, 9], "rotation": 270, "texture": "#4"}
			}
		},
		{
			"name": "cream",
			"from": [9, 6.5, 3],
			"to": [9.5, 7, 4],
			"rotation": {"angle": 0, "axis": "y", "origin": [8, 0, 8]},
			"faces": {
				"north": {"uv": [3, 9, 3.5, 9.5], "texture": "#4"},
				"south": {"uv": [3.5, 9, 4, 9.5], "texture": "#4"},
				"west": {"uv": [3, 9, 4, 9.5], "texture": "#4"},
				"down": {"uv": [3, 9, 4, 9.5], "rotation": 270, "texture": "#4"}
			}
		},
		{
			"name": "cream",
			"from": [9, 6, 3.5],
			"to": [9.5, 6.5, 4],
			"rotation": {"angle": 0, "axis": "y", "origin": [8, 0, 8]},
			"faces": {
				"north": {"uv": [3.5, 9.5, 4, 10], "texture": "#4"},
				"south": {"uv": [3.5, 9.5, 4, 10], "texture": "#4"},
				"west": {"uv": [3.5, 9.5, 4, 10], "texture": "#4"},
				"down": {"uv": [3.5, 9.5, 4, 10], "texture": "#4"}
			}
		},
		{
			"name": "cream",
			"from": [9, 5.5, 14.5],
			"to": [15, 8, 15],
			"rotation": {"angle": 0, "axis": "y", "origin": [8, 0, 8]},
			"faces": {
				"north": {"uv": [9, 8, 15, 10.5], "texture": "#side"},
				"south": {"uv": [9, 8, 15, 10.5], "texture": "#side"},
				"west": {"uv": [1, 8, 1.5, 10.5], "texture": "#side"},
				"up": {"uv": [1, 1, 7, 1.5], "rotation": 180, "texture": "#top"},
				"down": {"uv": [15, 10, 9, 10.5], "rotation": 180, "texture": "#side"}
			}
		},
		{
			"name": "cream",
			"from": [13.5, 5, 14.5],
			"to": [15, 5.5, 15],
			"rotation": {"angle": 0, "axis": "y", "origin": [8, 0, 8]},
			"faces": {
				"south": {"uv": [13.5, 10.5, 15, 11], "texture": "#side"},
				"west": {"uv": [13.5, 10.5, 14, 11], "texture": "#side"},
				"down": {"uv": [15, 10.5, 13.5, 11], "rotation": 180, "texture": "#side"}
			}
		},
		{
			"name": "cream",
			"from": [14, 4.5, 14.5],
			"to": [15, 5, 15],
			"rotation": {"angle": 0, "axis": "y", "origin": [8, 0, 8]},
			"faces": {
				"south": {"uv": [14, 11, 15, 11.5], "texture": "#side"},
				"west": {"uv": [14, 11, 14.5, 11.5], "texture": "#side"},
				"down": {"uv": [15, 11, 14, 11.5], "rotation": 180, "texture": "#side"}
			}
		},
		{
			"name": "cream",
			"from": [9, 5, 14.5],
			"to": [11.5, 5.5, 15],
			"rotation": {"angle": 0, "axis": "y", "origin": [8, 0, 8]},
			"faces": {
				"north": {"uv": [6.5, 10.5, 7, 11], "texture": "#side"},
				"east": {"uv": [11, 10.5, 11.5, 11], "texture": "#side"},
				"south": {"uv": [9, 10.5, 11.5, 11], "texture": "#side"},
				"west": {"uv": [9, 10.5, 9.5, 11], "texture": "#side"},
				"down": {"uv": [9, 10.5, 11.5, 11], "rotation": 180, "texture": "#side"}
			}
		},
		{
			"name": "cream",
			"from": [9.5, 4.5, 14.5],
			"to": [11, 5, 15],
			"rotation": {"angle": 0, "axis": "y", "origin": [8, 0, 8]},
			"faces": {
				"east": {"uv": [10.5, 11, 11, 11.5], "texture": "#side"},
				"south": {"uv": [9.5, 11, 11, 11.5], "texture": "#side"},
				"west": {"uv": [9.5, 11, 10, 11.5], "texture": "#side"},
				"down": {"uv": [11, 11, 9.5, 11.5], "rotation": 180, "texture": "#side"}
			}
		},
		{
			"name": "cream",
			"from": [14.5, 5.5, 1],
			"to": [15, 8, 15],
			"rotation": {"angle": 0, "axis": "y", "origin": [8, 0, 8]},
			"faces": {
				"east": {"uv": [1, 8, 15, 10.5], "texture": "#side"},
				"up": {"uv": [1, 1, 15, 1.5], "rotation": 90, "texture": "#top"},
				"down": {"uv": [15, 10, 1, 10.5], "rotation": 270, "texture": "#side"}
			}
		},
		{
			"name": "cream",
			"from": [14.5, 5, 1],
			"to": [15, 5.5, 2.5],
			"rotation": {"angle": 0, "axis": "y", "origin": [8, 0, 8]},
			"faces": {
				"east": {"uv": [13.5, 10.5, 15, 11], "texture": "#side"},
				"south": {"uv": [13.5, 10.5, 14, 11], "texture": "#side"},
				"down": {"uv": [15, 10.5, 13.5, 11], "rotation": 270, "texture": "#side"}
			}
		},
		{
			"name": "cream",
			"from": [14.5, 4.5, 1],
			"to": [15, 5, 2],
			"rotation": {"angle": 0, "axis": "y", "origin": [8, 0, 8]},
			"faces": {
				"east": {"uv": [14, 11, 15, 11.5], "texture": "#side"},
				"south": {"uv": [14, 11, 14.5, 11.5], "texture": "#side"},
				"down": {"uv": [15, 11, 14, 11.5], "rotation": 270, "texture": "#side"}
			}
		},
		{
			"name": "cream",
			"from": [14.5, 4.5, 14],
			"to": [15, 5.5, 15],
			"rotation": {"angle": 0, "axis": "y", "origin": [8, 0, 8]},
			"faces": {
				"north": {"uv": [1.5, 10.5, 2, 11.5], "texture": "#side"},
				"east": {"uv": [1, 10.5, 2, 11.5], "texture": "#side"},
				"down": {"uv": [2, 11, 1, 11.5], "rotation": 270, "texture": "#side"}
			}
		},
		{
			"name": "cream",
			"from": [14.5, 5, 13.5],
			"to": [15, 5.5, 14],
			"rotation": {"angle": 0, "axis": "y", "origin": [8, 0, 8]},
			"faces": {
				"north": {"uv": [2, 10.5, 2.5, 11], "texture": "#side"},
				"east": {"uv": [2, 10.5, 2.5, 11], "texture": "#side"},
				"down": {"uv": [2, 10.5, 2.5, 11], "rotation": 270, "texture": "#side"}
			}
		},
		{
			"name": "cream",
			"from": [14.5, 5, 4.5],
			"to": [15, 5.5, 7],
			"rotation": {"angle": 0, "axis": "y", "origin": [8, 0, 8]},
			"faces": {
				"north": {"uv": [11, 10.5, 11.5, 11], "texture": "#side"},
				"east": {"uv": [9, 10.5, 11.5, 11], "texture": "#side"},
				"south": {"uv": [9, 10.5, 9.5, 11], "texture": "#side"},
				"down": {"uv": [9, 10.5, 11.5, 11], "rotation": 270, "texture": "#side"}
			}
		},
		{
			"name": "cream",
			"from": [14.5, 4.5, 5],
			"to": [15, 5, 6.5],
			"rotation": {"angle": 0, "axis": "y", "origin": [8, 0, 8]},
			"faces": {
				"north": {"uv": [10.5, 11, 11, 11.5], "texture": "#side"},
				"east": {"uv": [9.5, 11, 11, 11.5], "texture": "#side"},
				"south": {"uv": [9.5, 11, 10, 11.5], "texture": "#side"},
				"down": {"uv": [11, 11, 9.5, 11.5], "rotation": 270, "texture": "#side"}
			}
		},
		{
			"name": "cream",
			"from": [14.5, 5, 9],
			"to": [15, 5.5, 11.5],
			"rotation": {"angle": 0, "axis": "y", "origin": [8, 0, 8]},
			"faces": {
				"north": {"uv": [6.5, 10.5, 7, 11], "texture": "#side"},
				"east": {"uv": [4.5, 10.5, 7, 11], "texture": "#side"},
				"south": {"uv": [4.5, 10.5, 5, 11], "texture": "#side"},
				"down": {"uv": [4.5, 10.5, 7, 11], "rotation": 270, "texture": "#side"}
			}
		},
		{
			"name": "cream",
			"from": [14.5, 4.5, 9.5],
			"to": [15, 5, 11],
			"rotation": {"angle": 0, "axis": "y", "origin": [8, 0, 8]},
			"faces": {
				"north": {"uv": [6, 11, 6.5, 11.5], "texture": "#side"},
				"east": {"uv": [5, 11, 6.5, 11.5], "texture": "#side"},
				"south": {"uv": [5, 11, 5.5, 11.5], "texture": "#side"},
				"down": {"uv": [6.5, 11, 5, 11.5], "rotation": 270, "texture": "#side"}
			}
		},
		{
			"from": [10.5, 8, 2],
			"to": [11.5, 8.5, 3],
			"rotation": {"angle": 0, "axis": "y", "origin": [4, 8, 12]},
			"faces": {
				"north": {"uv": [2, 7, 3, 7.5], "rotation": 180, "texture": "#1_top"},
				"east": {"uv": [2.5, 7, 3, 8], "rotation": 90, "texture": "#1_top"},
				"south": {"uv": [2, 7.5, 3, 8], "texture": "#1_top"},
				"west": {"uv": [2, 7, 2.5, 8], "rotation": 270, "texture": "#1_top"},
				"up": {"uv": [2, 7, 3, 8], "texture": "#1_top"}
			}
		},
		{
			"from": [10, 8, 12],
			"to": [11, 8.5, 13],
			"rotation": {"angle": 0, "axis": "y", "origin": [4, 8, 12]},
			"faces": {
				"north": {"uv": [2, 7, 3, 7.5], "rotation": 180, "texture": "#1_top"},
				"east": {"uv": [2.5, 7, 3, 8], "rotation": 90, "texture": "#1_top"},
				"south": {"uv": [2, 7.5, 3, 8], "texture": "#1_top"},
				"west": {"uv": [2, 7, 2.5, 8], "rotation": 270, "texture": "#1_top"},
				"up": {"uv": [2, 7, 3, 8], "texture": "#1_top"}
			}
		},
		{
			"from": [11, 8, 5],
			"to": [12, 8.5, 6],
			"rotation": {"angle": 0, "axis": "y", "origin": [4, 8, 12]},
			"faces": {
				"north": {"uv": [11, 5, 12, 5.5], "rotation": 180, "texture": "#1_top"},
				"east": {"uv": [11.5, 5, 12, 6], "rotation": 90, "texture": "#1_top"},
				"south": {"uv": [11, 5.5, 12, 6], "texture": "#1_top"},
				"west": {"uv": [11, 5, 11.5, 6], "rotation": 270, "texture": "#1_top"},
				"up": {"uv": [11, 5, 12, 6], "texture": "#1_top"}
			}
		},
		{
			"from": [13, 8, 9],
			"to": [14, 8.5, 10],
			"rotation": {"angle": 0, "axis": "y", "origin": [4, 8, 12]},
			"faces": {
				"north": {"uv": [11, 5, 12, 5.5], "rotation": 180, "texture": "#1_top"},
				"east": {"uv": [11.5, 5, 12, 6], "rotation": 90, "texture": "#1_top"},
				"south": {"uv": [11, 5.5, 12, 6], "texture": "#1_top"},
				"west": {"uv": [11, 5, 11.5, 6], "rotation": 270, "texture": "#1_top"},
				"up": {"uv": [11, 5, 12, 6], "texture": "#1_top"}
			}
		}
	],
	"groups": [
		{
			"name": "cake",
			"origin": [8, 8, 8],
			"color": 0,
			"children": [0,
				{
					"name": "cream north",
					"origin": [8, 8, 8],
					"color": 0,
					"children": [1, 2, 3, 4, 5]
				},
				{
					"name": "cream west",
					"origin": [8, 8, 8],
					"color": 0,
					"children": [6, 7, 8, 9, 10, 11]
				},
				{
					"name": "cream south",
					"origin": [8, 8, 8],
					"color": 0,
					"children": [12, 13, 14, 15, 16]
				},
				{
					"name": "cream east",
					"origin": [8, 8, 8],
					"color": 0,
					"children": [17, 18, 19, 20, 21, 22, 23, 24, 25]
				},
				{
					"name": "cherry",
					"origin": [8, 8, 8],
					"color": 0,
					"children": [
						{
							"name": "group",
							"origin": [4, 8, 12],
							"color": 0,
							"children": []
						}, 26, 27, 28, 29]
				}
			]
		}
	]
}