{
	"credit": "Made with Blockbench by Juknum",
	"textures": {
		"4": "minecraft:block/cake_inner",
		"bottom": "minecraft:block/cake_bottom",
		"top": "minecraft:block/cake_top",
		"particle": "minecraft:block/cake_side",
		"side": "minecraft:block/cake_side",
		"1_top": "minecraft:block/cake_cherry"
	},
	"elements": [
		{
			"name": "cake",
			"from": [13.5, 0, 1.5],
			"to": [14.5, 8, 14.5],
			"faces": {
				"north": {"uv": [1.5, 8, 2.5, 16], "texture": "#side"},
				"east": {"uv": [1.5, 8, 14.5, 16], "texture": "#side"},
				"south": {"uv": [13.5, 8, 14.5, 16], "texture": "#side"},
				"west": {"uv": [1.5, 8, 14.5, 16], "texture": "#4"},
				"up": {"uv": [13.5, 1.5, 14.5, 14.5], "texture": "#top"},
				"down": {"uv": [13.5, 1.5, 14.5, 14.5], "texture": "#bottom", "cullface": "down"}
			}
		},
		{
			"name": "cream",
			"from": [13, 5.5, 1],
			"to": [15, 8, 1.5],
			"faces": {
				"north": {"uv": [1, 8, 3, 10.5], "texture": "#side"},
				"south": {"uv": [1, 8, 7, 10.5], "texture": "#side"},
				"west": {"uv": [1, 8, 1.5, 10.5], "texture": "#side"},
				"up": {"uv": [13, 1, 15, 1.5], "texture": "#top"},
				"down": {"uv": [3, 10, 1, 10.5], "texture": "#side"}
			}
		},
		{
			"name": "cream",
			"from": [14, 4.5, 1],
			"to": [15, 5.5, 1.5],
			"faces": {
				"north": {"uv": [1, 10.5, 2, 11.5], "texture": "#side"},
				"west": {"uv": [1.5, 10.5, 2, 11.5], "texture": "#side"},
				"down": {"uv": [2, 11, 1, 11.5], "texture": "#side"}
			}
		},
		{
			"name": "cream",
			"from": [13.5, 5, 1],
			"to": [14, 5.5, 1.5],
			"faces": {
				"north": {"uv": [2, 10.5, 2.5, 11], "texture": "#side"},
				"west": {"uv": [2, 10.5, 2.5, 11], "texture": "#side"},
				"down": {"uv": [2, 10.5, 2.5, 11], "texture": "#side"}
			}
		},
		{
			"name": "cream",
			"from": [13, 7.5, 1.5],
			"to": [13.5, 8, 14.5],
			"rotation": {"angle": 0, "axis": "y", "origin": [8, 0, 8]},
			"faces": {
				"west": {"uv": [1.5, 8, 14.5, 8.5], "texture": "#4"},
				"up": {"uv": [13, 1.5, 13.5, 14.5], "texture": "#top"},
				"down": {"uv": [1.5, 8, 14.5, 8.5], "rotation": 270, "texture": "#4"}
			}
		},
		{
			"name": "cream",
			"from": [13, 7, 14],
			"to": [13.5, 7.5, 14.5],
			"rotation": {"angle": 0, "axis": "y", "origin": [8, 0, 8]},
			"faces": {
				"north": {"uv": [14, 8.5, 14.5, 9], "texture": "#4"},
				"west": {"uv": [14, 8.5, 14.5, 9], "texture": "#4"},
				"down": {"uv": [14, 8.5, 14.5, 9], "texture": "#4"}
			}
		},
		{
			"name": "cream",
			"from": [13, 7, 10.5],
			"to": [13.5, 7.5, 11.5],
			"rotation": {"angle": 0, "axis": "y", "origin": [8, 0, 8]},
			"faces": {
				"north": {"uv": [10.5, 8.5, 11, 9], "texture": "#4"},
				"south": {"uv": [11, 8.5, 11.5, 9], "texture": "#4"},
				"west": {"uv": [10.5, 8.5, 11.5, 9], "texture": "#4"},
				"down": {"uv": [10.5, 8.5, 11.5, 9], "rotation": 270, "texture": "#4"}
			}
		},
		{
			"name": "cream",
			"from": [13, 7, 3],
			"to": [13.5, 7.5, 4.475],
			"rotation": {"angle": 0, "axis": "y", "origin": [8, 0, 8]},
			"faces": {
				"north": {"uv": [3, 8.5, 3.5, 9], "texture": "#4"},
				"south": {"uv": [4, 8.5, 4.5, 9], "texture": "#4"},
				"west": {"uv": [3, 8.5, 4.5, 9], "texture": "#4"},
				"down": {"uv": [3, 8.5, 4.5, 9], "rotation": 270, "texture": "#4"}
			}
		},
		{
			"name": "cream",
			"from": [13, 6.5, 3],
			"to": [13.5, 7, 4],
			"rotation": {"angle": 0, "axis": "y", "origin": [8, 0, 8]},
			"faces": {
				"north": {"uv": [3, 9, 3.5, 9.5], "texture": "#4"},
				"south": {"uv": [3.5, 9, 4, 9.5], "texture": "#4"},
				"west": {"uv": [3, 9, 4, 9.5], "texture": "#4"},
				"down": {"uv": [3, 9, 4, 9.5], "rotation": 270, "texture": "#4"}
			}
		},
		{
			"name": "cream",
			"from": [13, 6, 3.5],
			"to": [13.5, 6.5, 4],
			"rotation": {"angle": 0, "axis": "y", "origin": [8, 0, 8]},
			"faces": {
				"north": {"uv": [3.5, 9.5, 4, 10], "texture": "#4"},
				"south": {"uv": [3.5, 9.5, 4, 10], "texture": "#4"},
				"west": {"uv": [3.5, 9.5, 4, 10], "texture": "#4"},
				"down": {"uv": [3.5, 9.5, 4, 10], "texture": "#4"}
			}
		},
		{
			"name": "cream",
			"from": [13, 5.5, 14.5],
			"to": [15, 8, 15],
			"rotation": {"angle": 0, "axis": "y", "origin": [8, 0, 8]},
			"faces": {
				"north": {"uv": [13, 8, 15, 10.5], "texture": "#side"},
				"south": {"uv": [13, 8, 15, 10.5], "texture": "#side"},
				"west": {"uv": [1, 8, 1.5, 10.5], "texture": "#side"},
				"up": {"uv": [1, 1, 3, 1.5], "rotation": 180, "texture": "#top"},
				"down": {"uv": [15, 10, 13, 10.5], "rotation": 180, "texture": "#side"}
			}
		},
		{
			"name": "cream",
			"from": [13.5, 5, 14.5],
			"to": [15, 5.5, 15],
			"rotation": {"angle": 0, "axis": "y", "origin": [8, 0, 8]},
			"faces": {
				"south": {"uv": [13.5, 10.5, 15, 11], "texture": "#side"},
				"west": {"uv": [13.5, 10.5, 14, 11], "texture": "#side"},
				"down": {"uv": [15, 10.5, 13.5, 11], "rotation": 180, "texture": "#side"}
			}
		},
		{
			"name": "cream",
			"from": [14, 4.5, 14.5],
			"to": [15, 5, 15],
			"rotation": {"angle": 0, "axis": "y", "origin": [8, 0, 8]},
			"faces": {
				"south": {"uv": [14, 11, 15, 11.5], "texture": "#side"},
				"west": {"uv": [14, 11, 14.5, 11.5], "texture": "#side"},
				"down": {"uv": [15, 11, 14, 11.5], "rotation": 180, "texture": "#side"}
			}
		},
		{
			"from": [12.99, 7.49, 9],
			"to": [13.99, 8.49, 10],
			"rotation": {"angle": 0, "axis": "y", "origin": [4, 8, 12]},
			"faces": {
				"north": {"uv": [11, 5, 12, 6], "rotation": 90, "texture": "#1_top"},
				"east": {"uv": [11.5, 5, 12, 6], "rotation": 90, "texture": "#1_top"},
				"south": {"uv": [11, 5.5, 12, 6], "texture": "#1_top"},
				"west": {"uv": [11, 5, 12, 6], "rotation": 270, "texture": "#1_top"},
				"up": {"uv": [11, 5, 12, 6], "texture": "#1_top"},
				"down": {"uv": [11, 5, 12, 6], "rotation": 180, "texture": "#1_top"}
			}
		},
		{
			"name": "cream",
			"from": [14.5, 5.5, 1],
			"to": [15, 8, 15],
			"rotation": {"angle": 0, "axis": "y", "origin": [8, 0, 8]},
			"faces": {
				"east": {"uv": [1, 8, 15, 10.5], "texture": "#side"},
				"up": {"uv": [1, 1, 15, 1.5], "rotation": 90, "texture": "#top"},
				"down": {"uv": [15, 10, 1, 10.5], "rotation": 270, "texture": "#side"}
			}
		},
		{
			"name": "cream",
			"from": [14.5, 5, 1],
			"to": [15, 5.5, 2.5],
			"rotation": {"angle": 0, "axis": "y", "origin": [8, 0, 8]},
			"faces": {
				"east": {"uv": [13.5, 10.5, 15, 11], "texture": "#side"},
				"south": {"uv": [13.5, 10.5, 14, 11], "texture": "#side"},
				"down": {"uv": [15, 10.5, 13.5, 11], "rotation": 270, "texture": "#side"}
			}
		},
		{
			"name": "cream",
			"from": [14.5, 4.5, 1],
			"to": [15, 5, 2],
			"rotation": {"angle": 0, "axis": "y", "origin": [8, 0, 8]},
			"faces": {
				"east": {"uv": [14, 11, 15, 11.5], "texture": "#side"},
				"south": {"uv": [14, 11, 14.5, 11.5], "texture": "#side"},
				"down": {"uv": [15, 11, 14, 11.5], "rotation": 270, "texture": "#side"}
			}
		},
		{
			"name": "cream",
			"from": [14.5, 4.5, 14],
			"to": [15, 5.5, 15],
			"rotation": {"angle": 0, "axis": "y", "origin": [8, 0, 8]},
			"faces": {
				"north": {"uv": [1.5, 10.5, 2, 11.5], "texture": "#side"},
				"east": {"uv": [1, 10.5, 2, 11.5], "texture": "#side"},
				"down": {"uv": [2, 11, 1, 11.5], "rotation": 270, "texture": "#side"}
			}
		},
		{
			"name": "cream",
			"from": [14.5, 5, 13.5],
			"to": [15, 5.5, 14],
			"rotation": {"angle": 0, "axis": "y", "origin": [8, 0, 8]},
			"faces": {
				"north": {"uv": [2, 10.5, 2.5, 11], "texture": "#side"},
				"east": {"uv": [2, 10.5, 2.5, 11], "texture": "#side"},
				"down": {"uv": [2, 10.5, 2.5, 11], "rotation": 270, "texture": "#side"}
			}
		},
		{
			"name": "cream",
			"from": [14.5, 5, 4.5],
			"to": [15, 5.5, 7],
			"rotation": {"angle": 0, "axis": "y", "origin": [8, 0, 8]},
			"faces": {
				"north": {"uv": [11, 10.5, 11.5, 11], "texture": "#side"},
				"east": {"uv": [9, 10.5, 11.5, 11], "texture": "#side"},
				"south": {"uv": [9, 10.5, 9.5, 11], "texture": "#side"},
				"down": {"uv": [9, 10.5, 11.5, 11], "rotation": 270, "texture": "#side"}
			}
		},
		{
			"name": "cream",
			"from": [14.5, 4.5, 5],
			"to": [15, 5, 6.5],
			"rotation": {"angle": 0, "axis": "y", "origin": [8, 0, 8]},
			"faces": {
				"north": {"uv": [10.5, 11, 11, 11.5], "texture": "#side"},
				"east": {"uv": [9.5, 11, 11, 11.5], "texture": "#side"},
				"south": {"uv": [9.5, 11, 10, 11.5], "texture": "#side"},
				"down": {"uv": [11, 11, 9.5, 11.5], "rotation": 270, "texture": "#side"}
			}
		},
		{
			"name": "cream",
			"from": [14.5, 5, 9],
			"to": [15, 5.5, 11.5],
			"rotation": {"angle": 0, "axis": "y", "origin": [8, 0, 8]},
			"faces": {
				"north": {"uv": [6.5, 10.5, 7, 11], "texture": "#side"},
				"east": {"uv": [4.5, 10.5, 7, 11], "texture": "#side"},
				"south": {"uv": [4.5, 10.5, 5, 11], "texture": "#side"},
				"down": {"uv": [4.5, 10.5, 7, 11], "rotation": 270, "texture": "#side"}
			}
		},
		{
			"name": "cream",
			"from": [14.5, 4.5, 9.5],
			"to": [15, 5, 11],
			"rotation": {"angle": 0, "axis": "y", "origin": [8, 0, 8]},
			"faces": {
				"north": {"uv": [6, 11, 6.5, 11.5], "texture": "#side"},
				"east": {"uv": [5, 11, 6.5, 11.5], "texture": "#side"},
				"south": {"uv": [5, 11, 5.5, 11.5], "texture": "#side"},
				"down": {"uv": [6.5, 11, 5, 11.5], "rotation": 270, "texture": "#side"}
			}
		}
	],
	"groups": [0,
		{
			"name": "cake_slice5",
			"origin": [8, 8, 8],
			"color": 0,
			"children": [
				{
					"name": "cake",
					"origin": [8, 8, 8],
					"color": 0,
					"children": [
						{
							"name": "cream north",
							"origin": [8, 8, 8],
							"color": 0,
							"children": [1, 2, 3]
						},
						{
							"name": "cream west",
							"origin": [8, 8, 8],
							"color": 0,
							"children": [4, 5, 6, 7, 8, 9]
						},
						{
							"name": "cream south",
							"origin": [8, 8, 8],
							"color": 0,
							"children": [10, 11, 12]
						},
						{
							"name": "cherry",
							"origin": [8, 8, 8],
							"color": 0,
							"children": [
								{
									"name": "group",
									"origin": [4, 8, 12],
									"color": 0,
									"children": []
								}, 13]
						},
						{
							"name": "cream east",
							"origin": [8, 8, 8],
							"color": 0,
							"children": [14, 15, 16, 17, 18, 19, 20, 21, 22]
						}
					]
				}
			]
		}
	]
}