{
	"credit": "Made by Juknum with Blockbench",
	"ambientocclusion": false,
	"texture_size": [
		32,
		32
	],
	"textures": {
		"2": "minecraft:block/rail_special",
		"particle": "minecraft:block/rail"
	},
	"elements": [
		{
			"from": [
				13,
				0.01,
				1
			],
			"to": [
				15,
				0.51,
				15
			],
			"rotation": {
				"angle": 0,
				"axis": "y",
				"origin": [
					14,
					0.25,
					8
				]
			},
			"faces": {
				"north": {
					"uv": [
						8,
						6,
						8.24,
						7
					],
					"rotation": 270,
					"texture": "#2"
				},
				"east": {
					"uv": [
						8,
						6,
						15,
						6.24
					],
					"rotation": 180,
					"texture": "#2"
				},
				"west": {
					"uv": [
						8,
						6.75,
						15,
						7
					],
					"texture": "#2"
				},
				"up": {
					"uv": [
						8,
						6,
						15,
						7
					],
					"rotation": 90,
					"texture": "#2"
				},
				"down": {
					"uv": [
						8,
						6,
						15,
						7
					],
					"rotation": 90,
					"texture": "#2"
				}
			}
		},
		{
			"from": [
				9.12132,
				0.02,
				3.12132
			],
			"to": [
				11.12132,
				0.52,
				17.12132
			],
			"rotation": {
				"angle": 45,
				"axis": "y",
				"origin": [
					10.12132,
					0.25,
					10.12132
				]
			},
			"faces": {
				"north": {
					"uv": [
						8,
						5,
						8.24,
						6
					],
					"rotation": 270,
					"texture": "#2"
				},
				"east": {
					"uv": [
						8,
						5,
						15,
						5.25
					],
					"rotation": 180,
					"texture": "#2"
				},
				"south": {
					"uv": [
						8,
						5,
						8.24,
						6
					],
					"rotation": 90,
					"texture": "#2"
				},
				"west": {
					"uv": [
						8,
						5.75,
						15,
						6
					],
					"texture": "#2"
				},
				"up": {
					"uv": [
						8,
						5,
						15,
						6
					],
					"rotation": 90,
					"texture": "#2"
				},
				"down": {
					"uv": [
						8,
						5,
						15,
						6
					],
					"rotation": 90,
					"texture": "#2"
				}
			}
		},
		{
			"from": [
				1,
				0,
				13
			],
			"to": [
				15,
				0.5,
				15
			],
			"rotation": {
				"angle": 0,
				"axis": "y",
				"origin": [
					8,
					0.25,
					14
				]
			},
			"faces": {
				"north": {
					"uv": [
						8,
						4,
						15,
						4.24
					],
					"rotation": 180,
					"texture": "#2"
				},
				"south": {
					"uv": [
						8,
						4.75,
						15,
						4.99
					],
					"texture": "#2"
				},
				"west": {
					"uv": [
						8,
						4,
						8.24,
						5
					],
					"rotation": 270,
					"texture": "#2"
				},
				"up": {
					"uv": [
						8,
						4,
						15,
						5
					],
					"texture": "#2"
				},
				"down": {
					"uv": [
						8,
						4,
						15,
						5
					],
					"rotation": 180,
					"texture": "#2"
				}
			}
		},
		{
			"from": [
				9.21099,
				1.01,
				5.02705
			],
			"to": [
				10.23599,
				1.51,
				14.60205
			],
			"rotation": {
				"angle": -22.5,
				"axis": "y",
				"origin": [
					4.85518,
					0,
					-2.06818
				]
			},
			"faces": {
				"east": {
					"uv": [
						6.5,
						0,
						6.75,
						5.25
					],
					"rotation": 90,
					"texture": "#2"
				},
				"south": {
					"uv": [
						6.25,
						0,
						6.75,
						0.25
					],
					"texture": "#2"
				},
				"west": {
					"uv": [
						6.25,
						0,
						6.5,
						5.25
					],
					"rotation": 90,
					"texture": "#2"
				},
				"up": {
					"uv": [
						6.25,
						0,
						6.75,
						5.25
					],
					"texture": "#2"
				},
				"down": {
					"uv": [
						6.25,
						0,
						6.75,
						5.25
					],
					"texture": "#2"
				}
			}
		},
		{
			"from": [
				12.5,
				1.01,
				15
			],
			"to": [
				16.025,
				1.51,
				16
			],
			"rotation": {
				"angle": 45,
				"axis": "y",
				"origin": [
					12.5,
					1,
					15
				]
			},
			"faces": {
				"north": {
					"uv": [
						7.25,
						0,
						7.5,
						2.125
					],
					"rotation": 90,
					"texture": "#2"
				},
				"east": {
					"uv": [
						7.25,
						0,
						7.75,
						0.25
					],
					"rotation": 180,
					"texture": "#2"
				},
				"south": {
					"uv": [
						7.75,
						0,
						8,
						2.125
					],
					"rotation": 90,
					"texture": "#2"
				},
				"west": {
					"uv": [
						7.25,
						0,
						7.75,
						0.25
					],
					"texture": "#2"
				},
				"up": {
					"uv": [
						7.25,
						0,
						7.75,
						1.75
					],
					"rotation": 90,
					"texture": "#2"
				}
			}
		},
		{
			"from": [
				5.05205,
				1,
				9.21099
			],
			"to": [
				14.60205,
				1.5,
				10.21099
			],
			"rotation": {
				"angle": 22.5,
				"axis": "y",
				"origin": [
					-2.06818,
					0,
					4.85518
				]
			},
			"faces": {
				"north": {
					"uv": [
						6.25,
						0,
						6.5,
						5.25
					],
					"rotation": 90,
					"texture": "#2"
				},
				"east": {
					"uv": [
						7.25,
						0,
						7.75,
						0.25
					],
					"texture": "#2"
				},
				"south": {
					"uv": [
						6.5,
						0,
						6.75,
						5.25
					],
					"rotation": 90,
					"texture": "#2"
				},
				"up": {
					"uv": [
						6.25,
						0,
						6.75,
						5.25
					],
					"rotation": 90,
					"texture": "#2"
				},
				"down": {
					"uv": [
						7.25,
						0,
						7.75,
						5.25
					],
					"rotation": 90,
					"texture": "#2"
				}
			}
		},
		{
			"from": [
				15,
				0.51,
				12
			],
			"to": [
				16.8,
				1.01,
				16.25
			],
			"rotation": {
				"angle": -45,
				"axis": "y",
				"origin": [
					15.0052,
					0.51,
					11.9948
				]
			},
			"faces": {
				"north": {
					"uv": [
						6,
						0,
						7,
						0.26
					],
					"texture": "#2"
				},
				"east": {
					"uv": [
						7.75,
						0,
						8,
						1.75
					],
					"rotation": 90,
					"texture": "#2"
				},
				"south": {
					"uv": [
						7,
						0,
						8,
						0.26
					],
					"texture": "#2"
				},
				"west": {
					"uv": [
						7,
						0,
						7.25,
						1.75
					],
					"rotation": 270,
					"texture": "#2"
				},
				"up": {
					"uv": [
						7,
						0,
						7.5,
						1.75
					],
					"texture": "#2"
				},
				"down": {
					"uv": [
						7,
						0,
						8,
						2.125
					],
					"texture": "#2"
				}
			}
		},
		{
			"from": [
				8.44205,
				0.51,
				4.75188
			],
			"to": [
				10.44205,
				1.01,
				14.70188
			],
			"rotation": {
				"angle": -22.5,
				"axis": "y",
				"origin": [
					4.47164,
					-0.01,
					-1.34224
				]
			},
			"faces": {
				"east": {
					"uv": [
						6.75,
						0,
						7,
						5
					],
					"rotation": 90,
					"texture": "#2"
				},
				"west": {
					"uv": [
						7.75,
						0,
						8,
						5
					],
					"rotation": 90,
					"texture": "#2"
				},
				"up": {
					"uv": [
						6,
						0,
						7,
						4.975
					],
					"texture": "#2"
				},
				"down": {
					"uv": [
						6,
						0,
						7,
						5
					],
					"texture": "#2"
				}
			}
		},
		{
			"from": [
				12,
				0.5,
				15
			],
			"to": [
				14,
				1,
				16
			],
			"rotation": {
				"angle": 0,
				"axis": "y",
				"origin": [
					13,
					0.75,
					15.625
				]
			},
			"faces": {
				"north": {
					"uv": [
						6,
						0,
						7,
						0.26
					],
					"texture": "#2"
				},
				"east": {
					"uv": [
						7.5,
						0,
						7.75,
						0.5
					],
					"rotation": 90,
					"texture": "#2"
				},
				"south": {
					"uv": [
						7,
						0,
						8,
						0.25
					],
					"texture": "#2"
				},
				"west": {
					"uv": [
						7,
						0,
						7.25,
						0.5
					],
					"rotation": 90,
					"texture": "#2"
				},
				"up": {
					"uv": [
						7,
						0,
						8,
						0.5
					],
					"texture": "#2"
				},
				"down": {
					"uv": [
						7,
						0,
						8,
						0.5
					],
					"texture": "#2"
				}
			}
		},
		{
			"from": [
				12.5,
				1,
				15
			],
			"to": [
				13.5,
				1.5,
				16
			],
			"rotation": {
				"angle": 0,
				"axis": "y",
				"origin": [
					13,
					0.75,
					15.625
				]
			},
			"faces": {
				"north": {
					"uv": [
						6.25,
						0,
						6.75,
						0.25
					],
					"texture": "#2"
				},
				"east": {
					"uv": [
						7.5,
						0,
						7.75,
						0.5
					],
					"rotation": 90,
					"texture": "#2"
				},
				"south": {
					"uv": [
						7.25,
						0,
						7.75,
						0.25
					],
					"texture": "#2"
				},
				"west": {
					"uv": [
						7.25,
						0,
						7.5,
						0.5
					],
					"rotation": 90,
					"texture": "#2"
				},
				"up": {
					"uv": [
						7.25,
						0,
						7.75,
						0.5
					],
					"texture": "#2"
				},
				"down": {
					"uv": [
						7,
						0,
						8,
						0.5
					],
					"texture": "#2"
				}
			}
		},
		{
			"from": [
				2.5,
				1,
				15
			],
			"to": [
				3.5,
				1.5,
				16
			],
			"rotation": {
				"angle": 0,
				"axis": "y",
				"origin": [
					3,
					1.25,
					15.5
				]
			},
			"faces": {
				"north": {
					"uv": [
						7.25,
						0,
						7.75,
						0.25
					],
					"texture": "#2"
				},
				"east": {
					"uv": [
						7.25,
						0,
						7.5,
						0.5
					],
					"rotation": 90,
					"texture": "#2"
				},
				"south": {
					"uv": [
						6.25,
						0,
						6.75,
						0.25
					],
					"texture": "#2"
				},
				"west": {
					"uv": [
						7.5,
						0,
						7.75,
						0.5
					],
					"rotation": 90,
					"texture": "#2"
				},
				"up": {
					"uv": [
						7.25,
						0,
						7.75,
						0.5
					],
					"rotation": 180,
					"texture": "#2"
				},
				"down": {
					"uv": [
						7,
						0,
						8,
						0.5
					],
					"rotation": 180,
					"texture": "#2"
				}
			}
		},
		{
			"from": [
				15,
				0.5,
				12
			],
			"to": [
				16,
				1,
				14
			],
			"rotation": {
				"angle": 0,
				"axis": "y",
				"origin": [
					13,
					0.75,
					15.625
				]
			},
			"faces": {
				"north": {
					"uv": [
						7,
						0,
						7.25,
						0.5
					],
					"rotation": 90,
					"texture": "#2"
				},
				"east": {
					"uv": [
						6,
						0,
						7,
						0.26
					],
					"texture": "#2"
				},
				"south": {
					"uv": [
						6,
						0,
						6.25,
						0.5
					],
					"rotation": 90,
					"texture": "#2"
				},
				"west": {
					"uv": [
						7,
						0,
						8,
						0.25
					],
					"texture": "#2"
				},
				"up": {
					"uv": [
						7,
						0,
						8,
						0.5
					],
					"rotation": 90,
					"texture": "#2"
				},
				"down": {
					"uv": [
						7,
						0,
						8,
						0.5
					],
					"rotation": 270,
					"texture": "#2"
				}
			}
		},
		{
			"from": [
				15,
				1,
				12.5
			],
			"to": [
				16,
				1.5,
				13.5
			],
			"rotation": {
				"angle": 0,
				"axis": "y",
				"origin": [
					13,
					0.75,
					15.625
				]
			},
			"faces": {
				"north": {
					"uv": [
						7.25,
						0,
						7.5,
						0.5
					],
					"rotation": 90,
					"texture": "#2"
				},
				"east": {
					"uv": [
						7.25,
						0,
						7.75,
						0.25
					],
					"rotation": 180,
					"texture": "#2"
				},
				"south": {
					"uv": [
						7.5,
						0,
						7.75,
						0.5
					],
					"rotation": 90,
					"texture": "#2"
				},
				"west": {
					"uv": [
						7.25,
						0,
						7.75,
						0.25
					],
					"texture": "#2"
				},
				"up": {
					"uv": [
						7.25,
						0,
						7.75,
						0.5
					],
					"rotation": 90,
					"texture": "#2"
				},
				"down": {
					"uv": [
						7,
						0,
						8,
						0.5
					],
					"rotation": 270,
					"texture": "#2"
				}
			}
		},
		{
			"from": [
				15,
				0.99,
				2.5
			],
			"to": [
				16,
				1.49,
				3.5
			],
			"rotation": {
				"angle": 0,
				"axis": "y",
				"origin": [
					13,
					0.75,
					15.625
				]
			},
			"faces": {
				"north": {
					"uv": [
						7.5,
						0,
						7.75,
						0.5
					],
					"rotation": 90,
					"texture": "#2"
				},
				"east": {
					"uv": [
						6.25,
						0,
						6.75,
						0.25
					],
					"rotation": 180,
					"texture": "#2"
				},
				"south": {
					"uv": [
						7.25,
						0,
						7.5,
						0.5
					],
					"rotation": 90,
					"texture": "#2"
				},
				"west": {
					"uv": [
						7.25,
						0,
						7.75,
						0.25
					],
					"texture": "#2"
				},
				"up": {
					"uv": [
						6.25,
						0,
						6.75,
						0.5
					],
					"rotation": 90,
					"texture": "#2"
				},
				"down": {
					"uv": [
						7,
						0,
						8,
						0.5
					],
					"rotation": 270,
					"texture": "#2"
				}
			}
		},
		{
			"from": [
				2,
				0.5,
				15
			],
			"to": [
				4,
				1,
				16
			],
			"rotation": {
				"angle": 0,
				"axis": "y",
				"origin": [
					13,
					0.75,
					15.625
				]
			},
			"faces": {
				"north": {
					"uv": [
						7,
						0,
						8,
						0.25
					],
					"texture": "#2"
				},
				"east": {
					"uv": [
						7,
						0.5,
						7.25,
						0
					],
					"rotation": 270,
					"texture": "#2"
				},
				"south": {
					"uv": [
						6,
						0,
						7,
						0.25
					],
					"texture": "#2"
				},
				"west": {
					"uv": [
						6,
						0,
						6.25,
						0.5
					],
					"rotation": 90,
					"texture": "#2"
				},
				"up": {
					"uv": [
						6,
						0,
						7,
						0.5
					],
					"texture": "#2"
				},
				"down": {
					"uv": [
						6,
						0,
						7,
						0.5
					],
					"texture": "#2"
				}
			}
		},
		{
			"from": [
				15,
				0.49,
				2
			],
			"to": [
				16,
				0.99,
				4
			],
			"rotation": {
				"angle": 0,
				"axis": "y",
				"origin": [
					3.125,
					0.75,
					7
				]
			},
			"faces": {
				"north": {
					"uv": [
						7.75,
						0,
						8,
						0.5
					],
					"rotation": 90,
					"texture": "#2"
				},
				"east": {
					"uv": [
						7,
						0,
						8,
						0.25
					],
					"texture": "#2"
				},
				"south": {
					"uv": [
						7,
						0,
						7.25,
						0.5
					],
					"rotation": 90,
					"texture": "#2"
				},
				"west": {
					"uv": [
						7,
						0,
						8,
						0.25
					],
					"rotation": 180,
					"texture": "#2"
				},
				"up": {
					"uv": [
						7,
						0,
						8,
						0.5
					],
					"rotation": 270,
					"texture": "#2"
				},
				"down": {
					"uv": [
						7,
						0,
						8,
						0.375
					],
					"rotation": 90,
					"texture": "#2"
				}
			}
		},
		{
			"from": [
				4.71107,
				0.5,
				8.41341
			],
			"to": [
				14.66107,
				1,
				10.36341
			],
			"rotation": {
				"angle": 22.5,
				"axis": "y",
				"origin": [
					-1.29066,
					0,
					4.35473
				]
			},
			"faces": {
				"north": {
					"uv": [
						7.75,
						0,
						8,
						5
					],
					"rotation": 90,
					"texture": "#2"
				},
				"south": {
					"uv": [
						6.75,
						0,
						7,
						5
					],
					"rotation": 90,
					"texture": "#2"
				},
				"up": {
					"uv": [
						6,
						0,
						6.975,
						4.975
					],
					"rotation": 90,
					"texture": "#2"
				},
				"down": {
					"uv": [
						6,
						0,
						7,
						5
					],
					"rotation": 270,
					"texture": "#2"
				}
			}
		}
	],
	"groups": [
		{
			"name": "rail_corner_tie",
			"origin": [
				0,
				0,
				0
			],
			"children": [
				0,
				1,
				2
			]
		},
		{
			"name": "rail_corner",
			"origin": [
				8,
				8,
				8
			],
			"children": [
				3,
				4,
				5,
				6,
				7,
				8,
				9,
				10,
				11,
				12,
				13,
				14,
				15,
				16
			]
		}
	]
}