{
	"credit": "Made with Blockbench",
	"parent": "block/block",
	"ambientocclusion": false,
	"textures": {
		"3": "block/cactus_flower",
		"bottom": "block/cactus_bottom",
		"top": "block/cactus_top",
		"particle": "block/cactus_side",
		"side": "block/cactus_side"
	},
	"elements": [
		{
			"name": "cactus",
			"from": [1, 0, 0.5],
			"to": [1, 16, 15.5],
			"rotation": {"angle": 0, "axis": "y", "origin": [8, 8, 8]},
			"faces": {
				"east": {"uv": [15.5, 0, 0.5, 16], "texture": "#side"},
				"west": {"uv": [0.5, 0, 15.5, 16], "texture": "#side"}
			}
		},
		{
			"name": "cactus",
			"from": [0.5, 0, 1],
			"to": [15.5, 16, 1],
			"rotation": {"angle": 0, "axis": "y", "origin": [8, 8, 8]},
			"faces": {
				"north": {"uv": [0.5, 0, 15.5, 16], "texture": "#side"},
				"south": {"uv": [15.5, 0, 0.5, 16], "texture": "#side"}
			}
		},
		{
			"name": "cactus",
			"from": [0.5, 0, 15],
			"to": [15.5, 16, 15],
			"rotation": {"angle": 0, "axis": "y", "origin": [8, 8, 8]},
			"faces": {
				"north": {"uv": [15.5, 0, 0.5, 16], "texture": "#side"},
				"south": {"uv": [0.5, 0, 15.5, 16], "texture": "#side"}
			}
		},
		{
			"name": "cactus",
			"from": [1, 0, 1],
			"to": [15, 16, 15],
			"rotation": {"angle": 0, "axis": "y", "origin": [8, 8, 8]},
			"faces": {
				"up": {"uv": [1, 1, 15, 15], "texture": "#top", "cullface": "up"},
				"down": {"uv": [1, 1, 15, 15], "texture": "#bottom", "cullface": "down"}
			}
		},
		{
			"name": "cactus",
			"from": [15, 0, 0.5],
			"to": [15, 16, 15.5],
			"rotation": {"angle": 0, "axis": "y", "origin": [8, 8, 8]},
			"faces": {
				"east": {"uv": [0.5, 0, 15.5, 16], "texture": "#side"},
				"west": {"uv": [15.5, 0, 0.5, 16], "texture": "#side"}
			}
		},
		{
			"name": "flower1",
			"from": [3, 16, 3],
			"to": [7, 16.5, 7],
			"faces": {
				"north": {"uv": [4.5, 12, 8.5, 12.5], "texture": "#3"},
				"east": {"uv": [8, 12, 8.5, 16], "rotation": 90, "texture": "#3"},
				"south": {"uv": [4.5, 15.5, 8.5, 16], "texture": "#3"},
				"west": {"uv": [4.5, 12, 5, 16], "rotation": 90, "texture": "#3"},
				"up": {"uv": [0, 12, 4, 16], "texture": "#3"}
			}
		},
		{
			"name": "flower1",
			"from": [3, 16.5, 1],
			"to": [7, 16.5, 3],
			"rotation": {"angle": 22.5, "axis": "x", "origin": [3, 16.5, 3]},
			"faces": {
				"up": {"uv": [0, 9.5, 4, 11.5], "texture": "#3"},
				"down": {"uv": [4.5, 11.5, 8.5, 9.5], "texture": "#3"}
			}
		},
		{
			"name": "flower1",
			"from": [6.84776, 15.73463, 3],
			"to": [8.84776, 15.73463, 7],
			"rotation": {"angle": 22.5, "axis": "z", "origin": [5, 16.5, 5]},
			"faces": {
				"up": {"uv": [0, 9.5, 4, 11.5], "rotation": 90, "texture": "#3"},
				"down": {"uv": [4.5, 11.5, 8.5, 9.5], "rotation": 270, "texture": "#3"}
			}
		},
		{
			"name": "flower1",
			"from": [3, 15.73463, 6.84776],
			"to": [7, 15.73463, 8.84776],
			"rotation": {"angle": -22.5, "axis": "x", "origin": [5, 16.5, 5]},
			"faces": {
				"up": {"uv": [0, 9.5, 4, 11.5], "rotation": 180, "texture": "#3"},
				"down": {"uv": [4.5, 11.5, 8.5, 9.5], "rotation": 180, "texture": "#3"}
			}
		},
		{
			"name": "flower1",
			"from": [1.15224, 15.73463, 3],
			"to": [3.15224, 15.73463, 7],
			"rotation": {"angle": -22.5, "axis": "z", "origin": [5, 16.5, 5]},
			"faces": {
				"up": {"uv": [0, 9.5, 4, 11.5], "rotation": 270, "texture": "#3"},
				"down": {"uv": [4.5, 11.5, 8.5, 9.5], "rotation": 90, "texture": "#3"}
			}
		},
		{
			"name": "flower2",
			"from": [9, 16, 9],
			"to": [12, 16.5, 12],
			"faces": {
				"north": {"uv": [13, 13, 16, 13.5], "texture": "#3"},
				"east": {"uv": [15.5, 13, 16, 16], "rotation": 90, "texture": "#3"},
				"south": {"uv": [13, 15.5, 16, 16], "texture": "#3"},
				"west": {"uv": [13, 13, 13.5, 16], "rotation": 90, "texture": "#3"},
				"up": {"uv": [0.5, 12.5, 3.5, 15.5], "texture": "#3"}
			}
		},
		{
			"name": "flower2",
			"from": [9, 16.5, 6.5],
			"to": [12, 16.5, 9],
			"rotation": {"angle": 22.5, "axis": "x", "origin": [9, 16.5, 9]},
			"faces": {
				"up": {"uv": [13, 10, 16, 12.5], "texture": "#3"},
				"down": {"uv": [9.5, 12.5, 12.5, 10], "texture": "#3"}
			}
		},
		{
			"name": "flower2",
			"from": [11.88582, 15.92597, 9],
			"to": [14.38582, 15.92597, 12],
			"rotation": {"angle": 22.5, "axis": "z", "origin": [10.5, 16.5, 10.5]},
			"faces": {
				"up": {"uv": [13, 10, 16, 12.5], "rotation": 90, "texture": "#3"},
				"down": {"uv": [9.5, 12.5, 12.5, 10], "rotation": 270, "texture": "#3"}
			}
		},
		{
			"name": "flower2",
			"from": [9, 15.92597, 11.88582],
			"to": [12, 15.92597, 14.38582],
			"rotation": {"angle": -22.5, "axis": "x", "origin": [10.5, 16.5, 10.5]},
			"faces": {
				"up": {"uv": [13, 10, 16, 12.5], "rotation": 180, "texture": "#3"},
				"down": {"uv": [9.5, 12.5, 12.5, 10], "rotation": 180, "texture": "#3"}
			}
		},
		{
			"name": "flower2",
			"from": [6.61418, 15.92597, 9],
			"to": [9.11418, 15.92597, 12],
			"rotation": {"angle": -22.5, "axis": "z", "origin": [10.5, 16.5, 10.5]},
			"faces": {
				"up": {"uv": [13, 10, 16, 12.5], "rotation": 270, "texture": "#3"},
				"down": {"uv": [9.5, 12.5, 12.5, 10], "rotation": 90, "texture": "#3"}
			}
		}
	],
	"groups": [
		0,
		1,
		2,
		3,
		4,
		{
			"name": "flower1",
			"origin": [0, 0, 0],
			"color": 0,
			"children": [5, 6, 7, 8, 9]
		},
		{
			"name": "flower2",
			"origin": [0, 0, 0],
			"color": 0,
			"children": [10, 11, 12, 13, 14]
		}
	]
}