{
	"credit": "Made by Juknum with Blockbench",
	"ambientocclusion": false,
	"texture_size": [32, 32],
	"textures": {
		"2": "minecraft:block/rail_special",
		"particle": "minecraft:block/activator_rail"
	},
	"elements": [
		{
			"from": [7, 0, 11],
			"to": [9, 0.5, 13],
			"faces": {
				"east": {"uv": [2, 0, 2.25, 1], "rotation": 90, "texture": "#2"},
				"west": {"uv": [2, 1, 2.25, 2], "rotation": 90, "texture": "#2"},
				"up": {"uv": [2, 1, 3, 2], "texture": "#2"},
				"down": {"uv": [2, 1, 3, 2], "texture": "#2"}
			}
		},
		{
			"from": [10, 0.5, 13],
			"to": [12, 1, 15],
			"faces": {
				"north": {"uv": [2, 0, 3, 0.25], "texture": "#2"},
				"south": {"uv": [2, 0.75, 3, 1], "rotation": 180, "texture": "#2"},
				"west": {"uv": [2, 1, 2.25, 2], "rotation": 90, "texture": "#2"},
				"up": {"uv": [2, 1, 3, 2], "texture": "#2"}
			}
		},
		{
			"from": [10, 0.5, 9],
			"to": [12, 1, 11],
			"faces": {
				"north": {"uv": [2, 0, 3, 0.25], "texture": "#2"},
				"south": {"uv": [2, 0.75, 3, 1], "rotation": 180, "texture": "#2"},
				"west": {"uv": [2, 1, 2.25, 2], "rotation": 90, "texture": "#2"},
				"up": {"uv": [2, 1, 3, 2], "texture": "#2"}
			}
		},
		{
			"from": [10, 0.5, 5],
			"to": [12, 1, 7],
			"faces": {
				"north": {"uv": [2, 0, 3, 0.25], "texture": "#2"},
				"south": {"uv": [2, 0.75, 3, 1], "rotation": 180, "texture": "#2"},
				"west": {"uv": [2, 1, 2.25, 2], "rotation": 90, "texture": "#2"},
				"up": {"uv": [2, 1, 3, 2], "texture": "#2"}
			}
		},
		{
			"from": [10, 0.5, 1],
			"to": [12, 1, 3],
			"faces": {
				"north": {"uv": [2, 0, 3, 0.25], "texture": "#2"},
				"south": {"uv": [2, 0.75, 3, 1], "rotation": 180, "texture": "#2"},
				"west": {"uv": [2, 1, 2.25, 2], "rotation": 90, "texture": "#2"},
				"up": {"uv": [2, 1, 3, 2], "texture": "#2"}
			}
		},
		{
			"from": [4, 0.5, 13],
			"to": [6, 1, 15],
			"faces": {
				"north": {"uv": [2, 0, 3, 0.25], "texture": "#2"},
				"east": {"uv": [2.75, 1, 3, 2], "rotation": 90, "texture": "#2"},
				"south": {"uv": [2, 0.75, 3, 1], "rotation": 180, "texture": "#2"},
				"up": {"uv": [2, 1, 3, 2], "texture": "#2"}
			}
		},
		{
			"from": [4, 0.5, 9],
			"to": [6, 1, 11],
			"faces": {
				"north": {"uv": [2, 0, 3, 0.25], "texture": "#2"},
				"east": {"uv": [2.75, 1, 3, 2], "rotation": 90, "texture": "#2"},
				"south": {"uv": [2, 0.75, 3, 1], "rotation": 180, "texture": "#2"},
				"up": {"uv": [2, 1, 3, 2], "texture": "#2"}
			}
		},
		{
			"from": [4, 0.5, 5],
			"to": [6, 1, 7],
			"faces": {
				"north": {"uv": [2, 0, 3, 0.25], "texture": "#2"},
				"east": {"uv": [2.75, 1, 3, 2], "rotation": 90, "texture": "#2"},
				"south": {"uv": [2, 0.75, 3, 1], "rotation": 180, "texture": "#2"},
				"up": {"uv": [2, 1, 3, 2], "texture": "#2"}
			}
		},
		{
			"from": [4, 0.5, 1],
			"to": [6, 1, 3],
			"faces": {
				"north": {"uv": [2, 0, 3, 0.25], "texture": "#2"},
				"east": {"uv": [2.75, 1, 3, 2], "rotation": 90, "texture": "#2"},
				"south": {"uv": [2, 0.75, 3, 1], "rotation": 180, "texture": "#2"},
				"up": {"uv": [2, 1, 3, 2], "texture": "#2"}
			}
		},
		{
			"from": [7, 0, 7],
			"to": [9, 0.5, 9],
			"faces": {
				"east": {"uv": [2, 0, 2.25, 1], "rotation": 90, "texture": "#2"},
				"west": {"uv": [2, 1, 2.25, 2], "rotation": 90, "texture": "#2"},
				"up": {"uv": [3, 0, 4, 1], "texture": "#2"},
				"down": {"uv": [2, 1, 3, 2], "texture": "#2"}
			}
		},
		{
			"from": [7, 0, 3],
			"to": [9, 0.5, 5],
			"faces": {
				"east": {"uv": [2.75, 0, 3, 1], "rotation": 90, "texture": "#2"},
				"west": {"uv": [2.75, 3, 3, 4], "rotation": 270, "texture": "#2"},
				"up": {"uv": [2, 1, 3, 2], "texture": "#2"},
				"down": {"uv": [2, 1, 3, 2], "texture": "#2"}
			}
		}
	]
}