{
	"credit": "Made by Juknum with Blockbench",
	"ambientocclusion": false,
	"texture_size": [32, 32],
	"textures": {
		"2": "minecraft:block/rail_special",
		"particle": "minecraft:block/rail"
	},
	"elements": [
		{
			"from": [7, 5.5, 9.175],
			"to": [9, 6, 11.175],
			"rotation": {"angle": 45, "axis": "x", "origin": [14, 0.5, 8]},
			"faces": {
				"east": {"uv": [2.75, 1, 3, 2], "rotation": 90, "texture": "#2"},
				"west": {"uv": [2, 1, 2.25, 2], "rotation": 90, "texture": "#2"},
				"up": {"uv": [2, 1, 3, 2], "texture": "#2"},
				"down": {"uv": [2, 1, 3, 2], "texture": "#2"}
			}
		},
		{
			"from": [4, 6, 11.175],
			"to": [6, 6.5, 13.175],
			"rotation": {"angle": 45, "axis": "x", "origin": [14, 0.5, 8]},
			"faces": {
				"north": {"uv": [2, 1, 3, 1.25], "texture": "#2"},
				"east": {"uv": [2.75, 1, 3, 2], "rotation": 90, "texture": "#2"},
				"south": {"uv": [2, 1.75, 3, 2], "texture": "#2"},
				"up": {"uv": [2, 1, 3, 2], "texture": "#2"}
			}
		},
		{
			"from": [4, 6, 7.175],
			"to": [6, 6.5, 9.175],
			"rotation": {"angle": 45, "axis": "x", "origin": [14, 0.5, 8]},
			"faces": {
				"north": {"uv": [2, 1, 3, 1.25], "texture": "#2"},
				"east": {"uv": [2.75, 1, 3, 2], "rotation": 90, "texture": "#2"},
				"south": {"uv": [2, 1.75, 3, 2], "texture": "#2"},
				"up": {"uv": [2, 1, 3, 2], "texture": "#2"}
			}
		},
		{
			"from": [4, 6, 3.175],
			"to": [6, 6.5, 5.175],
			"rotation": {"angle": 45, "axis": "x", "origin": [14, 0.5, 8]},
			"faces": {
				"north": {"uv": [2, 1, 3, 1.25], "texture": "#2"},
				"east": {"uv": [2.75, 1, 3, 2], "rotation": 90, "texture": "#2"},
				"south": {"uv": [2, 1.75, 3, 2], "texture": "#2"},
				"up": {"uv": [2, 1, 3, 2], "texture": "#2"}
			}
		},
		{
			"from": [4, 6, -0.825],
			"to": [6, 6.5, 1.175],
			"rotation": {"angle": 45, "axis": "x", "origin": [14, 0.5, 8]},
			"faces": {
				"north": {"uv": [2, 1, 3, 1.25], "texture": "#2"},
				"east": {"uv": [2.75, 1, 3, 2], "rotation": 90, "texture": "#2"},
				"south": {"uv": [2, 1.75, 3, 2], "texture": "#2"},
				"up": {"uv": [2, 1, 3, 2], "texture": "#2"}
			}
		},
		{
			"from": [4, 6, -4.825],
			"to": [6, 6.5, -2.825],
			"rotation": {"angle": 45, "axis": "x", "origin": [14, 0.5, 8]},
			"faces": {
				"north": {"uv": [2, 1, 3, 1.25], "texture": "#2"},
				"east": {"uv": [2.75, 1, 3, 2], "rotation": 90, "texture": "#2"},
				"south": {"uv": [2, 1.75, 3, 2], "texture": "#2"},
				"up": {"uv": [2, 1, 3, 2], "texture": "#2"}
			}
		},
		{
			"from": [4, 6, -8.825],
			"to": [6, 6.5, -6.825],
			"rotation": {"angle": 45, "axis": "x", "origin": [14, 0.5, 8]},
			"faces": {
				"north": {"uv": [2, 1, 3, 1.25], "texture": "#2"},
				"east": {"uv": [2.75, 1, 3, 2], "rotation": 90, "texture": "#2"},
				"south": {"uv": [2, 1.75, 3, 2], "texture": "#2"},
				"up": {"uv": [2, 1, 3, 2], "texture": "#2"}
			}
		},
		{
			"from": [10, 6, 11.175],
			"to": [12, 6.5, 13.175],
			"rotation": {"angle": 45, "axis": "x", "origin": [14, 0.5, 8]},
			"faces": {
				"north": {"uv": [2, 1, 3, 1.25], "texture": "#2"},
				"south": {"uv": [2, 1.75, 3, 2], "texture": "#2"},
				"west": {"uv": [2, 1, 2.25, 2], "rotation": 90, "texture": "#2"},
				"up": {"uv": [2, 1, 3, 2], "texture": "#2"}
			}
		},
		{
			"from": [10, 6, 7.175],
			"to": [12, 6.5, 9.175],
			"rotation": {"angle": 45, "axis": "x", "origin": [14, 0.5, 8]},
			"faces": {
				"north": {"uv": [2, 1, 3, 1.25], "texture": "#2"},
				"south": {"uv": [2, 1.75, 3, 2], "texture": "#2"},
				"west": {"uv": [2, 1, 2.25, 2], "rotation": 90, "texture": "#2"},
				"up": {"uv": [2, 1, 3, 2], "texture": "#2"}
			}
		},
		{
			"from": [10, 6, 3.175],
			"to": [12, 6.5, 5.175],
			"rotation": {"angle": 45, "axis": "x", "origin": [14, 0.5, 8]},
			"faces": {
				"north": {"uv": [2, 1, 3, 1.25], "texture": "#2"},
				"south": {"uv": [2, 1.75, 3, 2], "texture": "#2"},
				"west": {"uv": [2, 1, 2.25, 2], "rotation": 90, "texture": "#2"},
				"up": {"uv": [2, 1, 3, 2], "texture": "#2"}
			}
		},
		{
			"from": [10, 6, -0.825],
			"to": [12, 6.5, 1.175],
			"rotation": {"angle": 45, "axis": "x", "origin": [14, 0.5, 8]},
			"faces": {
				"north": {"uv": [2, 1, 3, 1.25], "texture": "#2"},
				"south": {"uv": [2, 1.75, 3, 2], "texture": "#2"},
				"west": {"uv": [2, 1, 2.25, 2], "rotation": 90, "texture": "#2"},
				"up": {"uv": [2, 1, 3, 2], "texture": "#2"}
			}
		},
		{
			"from": [10, 6, -4.825],
			"to": [12, 6.5, -2.825],
			"rotation": {"angle": 45, "axis": "x", "origin": [14, 0.5, 8]},
			"faces": {
				"north": {"uv": [2, 1, 3, 1.25], "texture": "#2"},
				"south": {"uv": [2, 1.75, 3, 2], "texture": "#2"},
				"west": {"uv": [2, 1, 2.25, 2], "rotation": 90, "texture": "#2"},
				"up": {"uv": [2, 1, 3, 2], "texture": "#2"}
			}
		},
		{
			"from": [10, 6, -8.825],
			"to": [12, 6.5, -6.825],
			"rotation": {"angle": 45, "axis": "x", "origin": [14, 0.5, 8]},
			"faces": {
				"north": {"uv": [2, 1, 3, 1.25], "texture": "#2"},
				"south": {"uv": [2, 1.75, 3, 2], "texture": "#2"},
				"west": {"uv": [2, 1, 2.25, 2], "rotation": 90, "texture": "#2"},
				"up": {"uv": [2, 1, 3, 2], "texture": "#2"}
			}
		},
		{
			"from": [7, 5.5, 5.175],
			"to": [9, 6, 7.175],
			"rotation": {"angle": 45, "axis": "x", "origin": [14, 0.5, 8]},
			"faces": {
				"east": {"uv": [2.75, 1, 3, 2], "rotation": 90, "texture": "#2"},
				"west": {"uv": [2, 1, 2.25, 2], "rotation": 90, "texture": "#2"},
				"up": {"uv": [2, 1, 3, 2], "texture": "#2"},
				"down": {"uv": [2, 1, 3, 2], "texture": "#2"}
			}
		},
		{
			"from": [7, 5.5, 1.175],
			"to": [9, 6, 3.175],
			"rotation": {"angle": 45, "axis": "x", "origin": [14, 0.5, 8]},
			"faces": {
				"east": {"uv": [2.75, 1, 3, 2], "rotation": 90, "texture": "#2"},
				"west": {"uv": [2, 1, 2.25, 2], "rotation": 90, "texture": "#2"},
				"up": {"uv": [2, 1, 3, 2], "texture": "#2"},
				"down": {"uv": [2, 1, 3, 2], "texture": "#2"}
			}
		},
		{
			"from": [7, 5.5, -2.825],
			"to": [9, 6, -0.825],
			"rotation": {"angle": 45, "axis": "x", "origin": [14, 0.5, 8]},
			"faces": {
				"east": {"uv": [2.75, 1, 3, 2], "rotation": 90, "texture": "#2"},
				"west": {"uv": [2, 1, 2.25, 2], "rotation": 90, "texture": "#2"},
				"up": {"uv": [2, 1, 3, 2], "texture": "#2"},
				"down": {"uv": [2, 1, 3, 2], "texture": "#2"}
			}
		},
		{
			"from": [7, 5.5, -6.825],
			"to": [9, 6, -4.825],
			"rotation": {"angle": 45, "axis": "x", "origin": [14, 0.5, 8]},
			"faces": {
				"east": {"uv": [2.75, 1, 3, 2], "rotation": 90, "texture": "#2"},
				"west": {"uv": [2, 1, 2.25, 2], "rotation": 90, "texture": "#2"},
				"up": {"uv": [2, 1, 3, 2], "texture": "#2"},
				"down": {"uv": [2, 1, 3, 2], "texture": "#2"}
			}
		}
	],
	"groups": [
		{
			"name": "group",
			"origin": [8, 8, 8],
			"children": [0, 1, 2, 3, 4, 5, 6, 7, 8, 9, 10, 11, 12, 13, 14, 15, 16]
		}
	]
}