{
	"credit": "Made by Juknum with Blockbench",
	"ambientocclusion": false,
	"texture_size": [32, 32],
	"textures": {
		"2": "minecraft:block/rail_special",
		"particle": "minecraft:block/activator_rail"
	},
	"elements": [
		{
			"from": [7, 0, 11],
			"to": [9, 0.5, 13],
			"faces": {
				"east": {"uv": [0.75, 1, 1, 2], "rotation": 90, "texture": "#2"},
				"west": {"uv": [0, 1, 0.25, 2], "rotation": 90, "texture": "#2"},
				"up": {"uv": [0, 1, 1, 2], "texture": "#2"},
				"down": {"uv": [0, 1, 1, 2], "texture": "#2"}
			}
		},
		{
			"from": [7, 0, 7],
			"to": [9, 0.5, 9],
			"faces": {
				"east": {"uv": [0.75, 1, 1, 2], "rotation": 90, "texture": "#2"},
				"west": {"uv": [0, 1, 0.25, 2], "rotation": 90, "texture": "#2"},
				"up": {"uv": [0, 1, 1, 2], "texture": "#2"},
				"down": {"uv": [0, 1, 1, 2], "texture": "#2"}
			}
		},
		{
			"from": [7, 0, 3],
			"to": [9, 0.5, 5],
			"faces": {
				"east": {"uv": [0.75, 1, 1, 2], "rotation": 90, "texture": "#2"},
				"west": {"uv": [0, 1, 0.25, 2], "rotation": 90, "texture": "#2"},
				"up": {"uv": [0, 1, 1, 2], "texture": "#2"},
				"down": {"uv": [0, 1, 1, 2], "texture": "#2"}
			}
		},
		{
			"from": [10, 0.5, 1],
			"to": [12, 1, 3],
			"faces": {
				"north": {"uv": [0, 0, 1, 0.25], "texture": "#2"},
				"south": {"uv": [0, 0.75, 1, 1], "rotation": 180, "texture": "#2"},
				"west": {"uv": [0, 1, 0.25, 2], "rotation": 90, "texture": "#2"},
				"up": {"uv": [0, 1, 1, 2], "texture": "#2"}
			}
		},
		{
			"from": [10, 0.5, 5],
			"to": [12, 1, 7],
			"faces": {
				"north": {"uv": [0, 0, 1, 0.25], "texture": "#2"},
				"south": {"uv": [0, 0.75, 1, 1], "rotation": 180, "texture": "#2"},
				"west": {"uv": [0, 1, 0.25, 2], "rotation": 90, "texture": "#2"},
				"up": {"uv": [0, 1, 1, 2], "texture": "#2"}
			}
		},
		{
			"from": [10, 0.5, 9],
			"to": [12, 1, 11],
			"faces": {
				"north": {"uv": [0, 0, 1, 0.25], "texture": "#2"},
				"south": {"uv": [0, 0.75, 1, 1], "rotation": 180, "texture": "#2"},
				"west": {"uv": [0, 1, 0.25, 2], "rotation": 90, "texture": "#2"},
				"up": {"uv": [0, 1, 1, 2], "texture": "#2"}
			}
		},
		{
			"from": [10, 0.5, 13],
			"to": [12, 1, 15],
			"faces": {
				"north": {"uv": [0, 0, 1, 0.25], "texture": "#2"},
				"south": {"uv": [0, 0.75, 1, 1], "rotation": 180, "texture": "#2"},
				"west": {"uv": [0, 1, 0.25, 2], "rotation": 90, "texture": "#2"},
				"up": {"uv": [0, 1, 1, 2], "texture": "#2"}
			}
		},
		{
			"from": [4, 0.5, 1],
			"to": [6, 1, 3],
			"faces": {
				"north": {"uv": [0, 0, 1, 0.25], "texture": "#2"},
				"east": {"uv": [0.75, 1, 1, 2], "rotation": 90, "texture": "#2"},
				"south": {"uv": [0, 0.75, 1, 1], "rotation": 180, "texture": "#2"},
				"up": {"uv": [0, 1, 1, 2], "texture": "#2"}
			}
		},
		{
			"from": [4, 0.5, 5],
			"to": [6, 1, 7],
			"faces": {
				"north": {"uv": [0, 0, 1, 0.25], "texture": "#2"},
				"east": {"uv": [0.75, 1, 1, 2], "rotation": 90, "texture": "#2"},
				"south": {"uv": [0, 0.75, 1, 1], "rotation": 180, "texture": "#2"},
				"up": {"uv": [0, 1, 1, 2], "texture": "#2"}
			}
		},
		{
			"from": [4, 0.5, 9],
			"to": [6, 1, 11],
			"faces": {
				"north": {"uv": [0, 0, 1, 0.25], "texture": "#2"},
				"east": {"uv": [0.75, 1, 1, 2], "rotation": 90, "texture": "#2"},
				"south": {"uv": [0, 0.75, 1, 1], "rotation": 180, "texture": "#2"},
				"up": {"uv": [0, 1, 1, 2], "texture": "#2"}
			}
		},
		{
			"from": [4, 0.5, 13],
			"to": [6, 1, 15],
			"faces": {
				"north": {"uv": [0, 0, 1, 0.25], "texture": "#2"},
				"east": {"uv": [0.75, 1, 1, 2], "rotation": 90, "texture": "#2"},
				"south": {"uv": [0, 0.75, 1, 1], "rotation": 180, "texture": "#2"},
				"up": {"uv": [0, 1, 1, 2], "texture": "#2"}
			}
		}
	],
	"groups": [
		{
			"name": "activator_rail",
			"origin": [8, 8, 8],
			"children": [0, 1, 2, 3, 4, 5, 6, 7, 8, 9, 10]
		}
	]
}